-- rollout

-- HolidayGreeting

INSERT INTO cms.contenttype (ID, NAME, DESCRIPTION, GENERATE_ID) VALUES ('HolidayGreeting', 'HolidayGreeting', 'Definition of type HolidayGreeting', 'F');

INSERT INTO cms.attributedefinition (NAME, ID, CONTENTTYPE_ID, ATTRIBUTETYPE_CODE, INHERITABLE, REQUIRED, LABEL, CARDINALITY_CODE, LOOKUP_CODE) VALUES ('CODE', 'HolidayGreeting.CODE', 'HolidayGreeting', 'S', 'F', 'T', 'Event/Occasion Code in Profile Survey', 'One', NULL);
INSERT INTO cms.attributedefinition (NAME, ID, CONTENTTYPE_ID, ATTRIBUTETYPE_CODE, INHERITABLE, REQUIRED, LABEL, CARDINALITY_CODE, LOOKUP_CODE) VALUES ('FULL_NAME', 'HolidayGreeting.FULL_NAME', 'HolidayGreeting', 'S', 'F', 'F', 'Description', 'One', NULL);
INSERT INTO cms.attributedefinition (NAME, ID, CONTENTTYPE_ID, ATTRIBUTETYPE_CODE, INHERITABLE, REQUIRED, LABEL, CARDINALITY_CODE, LOOKUP_CODE) VALUES ('startDate', 'HolidayGreeting.startDate', 'HolidayGreeting', 'DT', 'F', 'T', '', 'One', NULL);
INSERT INTO cms.attributedefinition (NAME, ID, CONTENTTYPE_ID, ATTRIBUTETYPE_CODE, INHERITABLE, REQUIRED, LABEL, CARDINALITY_CODE, LOOKUP_CODE) VALUES ('endDate', 'HolidayGreeting.endDate', 'HolidayGreeting', 'DT', 'F', 'F', '', 'One', NULL);
INSERT INTO cms.attributedefinition (NAME, ID, CONTENTTYPE_ID, ATTRIBUTETYPE_CODE, INHERITABLE, REQUIRED, LABEL, CARDINALITY_CODE, LOOKUP_CODE) VALUES ('GREETING_TEXT', 'HolidayGreeting.GREETING_TEXT', 'HolidayGreeting', 'S', 'F', 'T', 'Greeting Text', 'One', NULL);

-- MyFD

INSERT INTO cms.contenttype (ID, NAME, DESCRIPTION, GENERATE_ID) VALUES ('MyFD', 'MyFD', 'Definition of type MyFD', 'F');

INSERT INTO cms.attributedefinition (NAME, ID, CONTENTTYPE_ID, ATTRIBUTETYPE_CODE, INHERITABLE, REQUIRED, LABEL, CARDINALITY_CODE, LOOKUP_CODE) VALUES ('BLOG_URL', 'MyFD.BLOG_URL', 'MyFD', 'S', 'F', 'F', 'Base URL of the Blog', 'One', NULL);
INSERT INTO cms.attributedefinition (NAME, ID, CONTENTTYPE_ID, ATTRIBUTETYPE_CODE, INHERITABLE, REQUIRED, LABEL, CARDINALITY_CODE, LOOKUP_CODE) VALUES ('BLOG_ENTRY_COUNT', 'MyFD.BLOG_ENTRY_COUNT', 'MyFD', 'I', 'F', 'F', 'No. of Blog Entries to Display', 'One', NULL);
INSERT INTO cms.attributedefinition (NAME, ID, CONTENTTYPE_ID, ATTRIBUTETYPE_CODE, INHERITABLE, REQUIRED, LABEL, CARDINALITY_CODE, LOOKUP_CODE) VALUES ('POLL_DADDY_API_KEY', 'MyFD.POLL_DADDY_API_KEY', 'MyFD', 'S', 'F', 'F', 'PollDaddy API Key', 'One', NULL);

INSERT INTO cms.relationshipdefinition (NAME, ID, CONTENTTYPE_ID, INHERITABLE, REQUIRED, NAVIGABLE, READONLY, LABEL, CARDINALITY_CODE) VALUES ('myFD', 'Store.myFD', 'Store', 'F', 'F', 'T', 'F', '', 'Many');
INSERT INTO cms.relationshipdestination (ID,  RELATIONSHIPDEFINITION_ID, CONTENTTYPE_ID, REVERSE_ATTRIBUTE_NAME, REVERSE_ATTRIBUTE_LABEL) VALUES ('Store.myFD.MyFD', 'Store.myFD', 'MyFD', NULL, NULL);

INSERT INTO cms.relationshipdefinition (NAME, ID, CONTENTTYPE_ID, INHERITABLE, REQUIRED, NAVIGABLE, READONLY, LABEL, CARDINALITY_CODE) VALUES ('HEADER', 'MyFD.HEADER', 'MyFD', 'F', 'F', 'F', 'F', 'MyFD Header', 'Many');
INSERT INTO cms.relationshipdefinition (NAME, ID, CONTENTTYPE_ID, INHERITABLE, REQUIRED, NAVIGABLE, READONLY, LABEL, CARDINALITY_CODE) VALUES ('HOLIDAY_GREETINGS', 'MyFD.HOLIDAY_GREETINGS', 'MyFD', 'F', 'F', 'T', 'F', 'Holiday Greetings', 'Many');
INSERT INTO cms.relationshipdefinition (NAME, ID, CONTENTTYPE_ID, INHERITABLE, REQUIRED, NAVIGABLE, READONLY, LABEL, CARDINALITY_CODE) VALUES ('EDITORIAL_MAIN', 'MyFD.EDITORIAL_MAIN', 'MyFD', 'F', 'F', 'F', 'F', 'Editorial for Main Content', 'Many');
INSERT INTO cms.relationshipdefinition (NAME, ID, CONTENTTYPE_ID, INHERITABLE, REQUIRED, NAVIGABLE, READONLY, LABEL, CARDINALITY_CODE) VALUES ('EDITORIAL_SIDE', 'MyFD.EDITORIAL_SIDE', 'MyFD', 'F', 'F', 'F', 'F', 'Editorial for Side Section', 'Many');
INSERT INTO cms.relationshipdestination (ID,  RELATIONSHIPDEFINITION_ID, CONTENTTYPE_ID, REVERSE_ATTRIBUTE_NAME, REVERSE_ATTRIBUTE_LABEL) VALUES ('MyFD.HEADER.Image', 'MyFD.HEADER', 'Image', NULL, NULL);
INSERT INTO cms.relationshipdestination (ID,  RELATIONSHIPDEFINITION_ID, CONTENTTYPE_ID, REVERSE_ATTRIBUTE_NAME, REVERSE_ATTRIBUTE_LABEL) VALUES ('MyFD.HOLIDAY_GREETINGS.HolidayGreeting', 'MyFD.HOLIDAY_GREETINGS', 'HolidayGreeting', NULL, NULL);
INSERT INTO cms.relationshipdestination (ID,  RELATIONSHIPDEFINITION_ID, CONTENTTYPE_ID, REVERSE_ATTRIBUTE_NAME, REVERSE_ATTRIBUTE_LABEL) VALUES ('MyFD.EDITORIAL_MAIN.Html', 'MyFD.EDITORIAL_MAIN', 'Html', NULL, NULL);
INSERT INTO cms.relationshipdestination (ID,  RELATIONSHIPDEFINITION_ID, CONTENTTYPE_ID, REVERSE_ATTRIBUTE_NAME, REVERSE_ATTRIBUTE_LABEL) VALUES ('MyFD.EDITORIAL_MAIN.Image', 'MyFD.EDITORIAL_MAIN', 'Image', NULL, NULL);
INSERT INTO cms.relationshipdestination (ID,  RELATIONSHIPDEFINITION_ID, CONTENTTYPE_ID, REVERSE_ATTRIBUTE_NAME, REVERSE_ATTRIBUTE_LABEL) VALUES ('MyFD.EDITORIAL_SIDE.Html', 'MyFD.EDITORIAL_SIDE', 'Html', NULL, NULL);
INSERT INTO cms.relationshipdestination (ID,  RELATIONSHIPDEFINITION_ID, CONTENTTYPE_ID, REVERSE_ATTRIBUTE_NAME, REVERSE_ATTRIBUTE_LABEL) VALUES ('MyFD.EDITORIAL_SIDE.Image', 'MyFD.EDITORIAL_SIDE', 'Image', NULL, NULL);


