-- create flat variants
--
INSERT INTO CUST.SS_VARIANTS(ID, CONFIG_ID, FEATURE, "TYPE", ALIAS_ID, ARCHIVED)
VALUES('tabs_var1fave_c2_test', NULL, 'CART_N_TABS', 'tab-strategy', NULL, 'N');
INSERT INTO CUST.SS_VARIANTS(ID, CONFIG_ID, FEATURE, "TYPE", ALIAS_ID, ARCHIVED)
VALUES('tabs_var1f_scrb2_test', NULL, 'CART_N_TABS', 'tab-strategy', NULL, 'N');

-- configure them
--
INSERT INTO CUST.SS_VARIANT_PARAMS(ID, KEY, VALUE)
VALUES('tabs_var1fave_c2_test', 'tabs_ui_look', 'flat');
INSERT INTO CUST.SS_VARIANT_PARAMS(ID, KEY, VALUE)
VALUES('tabs_var1f_scrb2_test', 'tabs_ui_look', 'flat');


-- fix tab variant column size
--
ALTER TABLE CUST.SS_TAB_STRATEGY_PRIORITY
modify (TAB_STRATEGY_ID VARCHAR2(32));


-- clone strategy items
--
Insert into CUST.SS_TAB_STRATEGY_PRIORITY (TAB_STRATEGY_ID,SITE_FEATURE_ID,PRIMARY_PRIORITY,SECONDARY_PRIORITY) values ('tabs_var1fave_c2_test','DYF',10,20);
INSERT INTO CUST.SS_TAB_STRATEGY_PRIORITY (TAB_STRATEGY_ID,SITE_FEATURE_ID,PRIMARY_PRIORITY,SECONDARY_PRIORITY) VALUES ('tabs_var1fave_c2_test','COS_FDF',10,24);
INSERT INTO CUST.SS_TAB_STRATEGY_PRIORITY (TAB_STRATEGY_ID,SITE_FEATURE_ID,PRIMARY_PRIORITY,SECONDARY_PRIORITY) VALUES ('tabs_var1fave_c2_test','FAVORITES',10,30);
INSERT INTO CUST.SS_TAB_STRATEGY_PRIORITY (TAB_STRATEGY_ID,SITE_FEATURE_ID,PRIMARY_PRIORITY,SECONDARY_PRIORITY) VALUES ('tabs_var1fave_c2_test','C_HEALTHY_SNACKS',20,10);
INSERT INTO CUST.SS_TAB_STRATEGY_PRIORITY (TAB_STRATEGY_ID,SITE_FEATURE_ID,PRIMARY_PRIORITY,SECONDARY_PRIORITY) VALUES ('tabs_var1fave_c2_test','C_DEALS',20,20);
INSERT INTO CUST.SS_TAB_STRATEGY_PRIORITY (TAB_STRATEGY_ID,SITE_FEATURE_ID,PRIMARY_PRIORITY,SECONDARY_PRIORITY) VALUES ('tabs_var1fave_c2_test','C_YMAL',20,30);
INSERT INTO CUST.SS_TAB_STRATEGY_PRIORITY (TAB_STRATEGY_ID,SITE_FEATURE_ID,PRIMARY_PRIORITY,SECONDARY_PRIORITY) VALUES ('tabs_var1fave_c2_test','C_PEAK_FRUIT',30,10);
INSERT INTO CUST.SS_TAB_STRATEGY_PRIORITY (TAB_STRATEGY_ID,SITE_FEATURE_ID,PRIMARY_PRIORITY,SECONDARY_PRIORITY) VALUES ('tabs_var1fave_c2_test','C_PEAK_PRODUCE',30,20);
Insert into CUST.SS_TAB_STRATEGY_PRIORITY (TAB_STRATEGY_ID,SITE_FEATURE_ID,PRIMARY_PRIORITY,SECONDARY_PRIORITY) values ('tabs_var1fave_c2_test','C_NEW_PRODUCTS',30,30);

Insert into CUST.SS_TAB_STRATEGY_PRIORITY (TAB_STRATEGY_ID,SITE_FEATURE_ID,PRIMARY_PRIORITY,SECONDARY_PRIORITY) values ('tabs_var1f_scrb2_test','DYF',10,20);
INSERT INTO CUST.SS_TAB_STRATEGY_PRIORITY (TAB_STRATEGY_ID,SITE_FEATURE_ID,PRIMARY_PRIORITY,SECONDARY_PRIORITY) VALUES ('tabs_var1f_scrb2_test','COS_FDF',10,24);
INSERT INTO CUST.SS_TAB_STRATEGY_PRIORITY (TAB_STRATEGY_ID,SITE_FEATURE_ID,PRIMARY_PRIORITY,SECONDARY_PRIORITY) VALUES ('tabs_var1f_scrb2_test','FAVORITES',10,30);
INSERT INTO CUST.SS_TAB_STRATEGY_PRIORITY (TAB_STRATEGY_ID,SITE_FEATURE_ID,PRIMARY_PRIORITY,SECONDARY_PRIORITY) VALUES ('tabs_var1f_scrb2_test','SCARAB_PERSONAL',20,10);
INSERT INTO CUST.SS_TAB_STRATEGY_PRIORITY (TAB_STRATEGY_ID,SITE_FEATURE_ID,PRIMARY_PRIORITY,SECONDARY_PRIORITY) VALUES ('tabs_var1f_scrb2_test','C_PEAK_FRUIT',20,20);
INSERT INTO CUST.SS_TAB_STRATEGY_PRIORITY (TAB_STRATEGY_ID,SITE_FEATURE_ID,PRIMARY_PRIORITY,SECONDARY_PRIORITY) VALUES ('tabs_var1f_scrb2_test','C_PEAK_PRODUCE',20,30);
INSERT INTO CUST.SS_TAB_STRATEGY_PRIORITY (TAB_STRATEGY_ID,SITE_FEATURE_ID,PRIMARY_PRIORITY,SECONDARY_PRIORITY) VALUES ('tabs_var1f_scrb2_test','C_NEW_PRODUCTS',20,40);
INSERT INTO CUST.SS_TAB_STRATEGY_PRIORITY (TAB_STRATEGY_ID,SITE_FEATURE_ID,PRIMARY_PRIORITY,SECONDARY_PRIORITY) VALUES ('tabs_var1f_scrb2_test','C_HEALTHY_SNACKS',30,10);
INSERT INTO CUST.SS_TAB_STRATEGY_PRIORITY (TAB_STRATEGY_ID,SITE_FEATURE_ID,PRIMARY_PRIORITY,SECONDARY_PRIORITY) VALUES ('tabs_var1f_scrb2_test','C_DEALS',30,20);
INSERT INTO CUST.SS_TAB_STRATEGY_PRIORITY (TAB_STRATEGY_ID,SITE_FEATURE_ID,PRIMARY_PRIORITY,SECONDARY_PRIORITY) VALUES ('tabs_var1f_scrb2_test','C_YMAL',30,30);



-- re-distribute tab variants
--
-- Note: it replaces the first two entries of distribution
-- released under ticket APPDEV-1001
--
INSERT INTO CUST.SS_VARIANT_ASSIGNMENT (COHORT_ID, VARIANT_ID, "DATE") VALUES ('C1', 'tabs_var1fave_c2_test', SYSDATE);
INSERT INTO CUST.SS_VARIANT_ASSIGNMENT (cohort_id, variant_id, "DATE") values ('C2', 'tabs_var1f_scrb2_test', sysdate);
INSERT INTO CUST.SS_VARIANT_ASSIGNMENT (cohort_id, variant_id, "DATE") values ('C3', 'tabs_var1f_scrb2', sysdate);
INSERT INTO CUST.SS_VARIANT_ASSIGNMENT (cohort_id, variant_id, "DATE") values ('C4', 'tabs_var1fave_c2', sysdate);
INSERT INTO CUST.SS_VARIANT_ASSIGNMENT (cohort_id, variant_id, "DATE") values ('C5', 'tabs_var1f_scrb2', sysdate);
INSERT INTO CUST.SS_VARIANT_ASSIGNMENT (cohort_id, variant_id, "DATE") values ('C6', 'tabs_var1fave_c2', sysdate);
INSERT INTO CUST.SS_VARIANT_ASSIGNMENT (cohort_id, variant_id, "DATE") values ('C7', 'tabs_var1fave_c2', sysdate);
INSERT INTO CUST.SS_VARIANT_ASSIGNMENT (cohort_id, variant_id, "DATE") values ('C8', 'tabs_var1fave_c2', sysdate);
INSERT INTO CUST.SS_VARIANT_ASSIGNMENT (cohort_id, variant_id, "DATE") values ('C9', 'tabs_var1f_scrb2', sysdate);
INSERT INTO CUST.SS_VARIANT_ASSIGNMENT (cohort_id, variant_id, "DATE") values ('C10', 'tabs_var1fave_c2', sysdate);
INSERT INTO CUST.SS_VARIANT_ASSIGNMENT (cohort_id, variant_id, "DATE") values ('C11', 'tabs_var1fave_c2', sysdate);
INSERT INTO CUST.SS_VARIANT_ASSIGNMENT (cohort_id, variant_id, "DATE") values ('C12', 'tabs_var1f_scrb2', sysdate);
INSERT INTO CUST.SS_VARIANT_ASSIGNMENT (cohort_id, variant_id, "DATE") values ('C13', 'tabs_var1f_scrb2', sysdate);
INSERT INTO CUST.SS_VARIANT_ASSIGNMENT (cohort_id, variant_id, "DATE") values ('C14', 'tabs_var1f_scrb2', sysdate);
INSERT INTO CUST.SS_VARIANT_ASSIGNMENT (cohort_id, variant_id, "DATE") values ('C15', 'tabs_var1fave_c2', sysdate);
INSERT INTO CUST.SS_VARIANT_ASSIGNMENT (cohort_id, variant_id, "DATE") values ('C16', 'tabs_var1fave_c2', sysdate);
INSERT INTO CUST.SS_VARIANT_ASSIGNMENT (cohort_id, variant_id, "DATE") values ('C17', 'tabs_var1fave_c2', sysdate);
INSERT INTO CUST.SS_VARIANT_ASSIGNMENT (cohort_id, variant_id, "DATE") values ('C18', 'tabs_var1f_scrb2', sysdate);
INSERT INTO CUST.SS_VARIANT_ASSIGNMENT (cohort_id, variant_id, "DATE") values ('C19', 'tabs_var1fave_c2', sysdate);
INSERT INTO CUST.SS_VARIANT_ASSIGNMENT (COHORT_ID, VARIANT_ID, "DATE") VALUES ('C20', 'tabs_var1f_scrb2', SYSDATE);
