INSERT INTO TRANSP.EMPLOYEE_ROLE_TYPE ( CODE, NAME, DESCRIPTION ) VALUES ( '001', 'Driver', 'Driver'); 
INSERT INTO TRANSP.EMPLOYEE_ROLE_TYPE ( CODE, NAME, DESCRIPTION ) VALUES ( '002', 'Helper', 'Helper'); 
INSERT INTO TRANSP.EMPLOYEE_ROLE_TYPE ( CODE, NAME, DESCRIPTION ) VALUES ( '003', 'Runner', 'Runner'); 


INSERT INTO REGION ( CODE, NAME, DESCRIPTION, OBSOLETE ) VALUES ( 'Obeslete', 'Region - Obeslete', 'Region - Obeslete', NULL); 
INSERT INTO REGION ( CODE, NAME, DESCRIPTION, OBSOLETE ) VALUES ( 'Corporate', 'Corporate', 'Corporate', NULL); 
INSERT INTO REGION ( CODE, NAME, DESCRIPTION, OBSOLETE ) VALUES ( 'Hamp', 'Hamp', 'Hamp', NULL); 
INSERT INTO REGION ( CODE, NAME, DESCRIPTION, OBSOLETE ) VALUES ( '1Man-BklQns', '1Man-BklQns', '1Man-BklQns', NULL); 
INSERT INTO REGION ( CODE, NAME, DESCRIPTION, OBSOLETE ) VALUES ( '1Man-West', '1Man-West', '1Man-West', NULL); 
INSERT INTO REGION ( CODE, NAME, DESCRIPTION, OBSOLETE ) VALUES ( 'BKL', 'BKL', 'BKL', NULL); 
INSERT INTO REGION ( CODE, NAME, DESCRIPTION, OBSOLETE ) VALUES ( 'Man E', 'Man E', 'Man E', NULL); 
INSERT INTO REGION ( CODE, NAME, DESCRIPTION, OBSOLETE ) VALUES ( 'Man Mid', 'Man Mid', 'Man Mid', NULL); 
INSERT INTO REGION ( CODE, NAME, DESCRIPTION, OBSOLETE ) VALUES ( 'Man N', 'Man N', 'Man N', NULL); 
INSERT INTO REGION ( CODE, NAME, DESCRIPTION, OBSOLETE ) VALUES ( 'Man S', 'Man S', 'Man S', NULL); 
INSERT INTO REGION ( CODE, NAME, DESCRIPTION, OBSOLETE ) VALUES ( 'NJ', 'NJ', 'NJ', NULL); 
INSERT INTO REGION ( CODE, NAME, DESCRIPTION, OBSOLETE ) VALUES ( 'QNS', 'QNS', 'QNS', NULL); 
INSERT INTO REGION ( CODE, NAME, DESCRIPTION, OBSOLETE ) VALUES ( 'Depot', 'Depot', 'Depot', NULL); 


INSERT INTO TRANSP.ZONE  ( ZONE_CODE, NAME, UNATTENDED, ZONE_TYPE, AREA, REGION,OBSOLETE ) VALUES ( '180', 'Bed Stuy', ' ', '22', '180', 'BKL', NULL); 
INSERT INTO TRANSP.ZONE  ( ZONE_CODE, NAME, UNATTENDED, ZONE_TYPE, AREA, REGION,OBSOLETE ) VALUES ( '181', 'Zone 181', ' ', '22', '000', 'Obeslete', NULL); 
INSERT INTO TRANSP.ZONE  ( ZONE_CODE, NAME, UNATTENDED, ZONE_TYPE, AREA, REGION,OBSOLETE ) VALUES ( '182', 'Zone 182', ' ', '22', '000', 'Obeslete', NULL); 
INSERT INTO TRANSP.ZONE  ( ZONE_CODE, NAME, UNATTENDED, ZONE_TYPE, AREA, REGION,OBSOLETE ) VALUES ( '201', 'Zone 201', ' ', '22', '000', 'Obeslete', NULL); 
INSERT INTO TRANSP.ZONE  ( ZONE_CODE, NAME, UNATTENDED, ZONE_TYPE, AREA, REGION,OBSOLETE ) VALUES ( '030', 'W 42nd - 54th', ' ', '24', '030', 'Depot', NULL); 
INSERT INTO TRANSP.ZONE  ( ZONE_CODE, NAME, UNATTENDED, ZONE_TYPE, AREA, REGION,OBSOLETE ) VALUES ( '060', 'W 83rd - 88th', ' ', '24', '060', 'Depot', NULL); 
INSERT INTO TRANSP.ZONE  ( ZONE_CODE, NAME, UNATTENDED, ZONE_TYPE, AREA, REGION,OBSOLETE ) VALUES ( '022', 'Wall Street', ' ', '22', '022', 'Man S', NULL); 
INSERT INTO TRANSP.ZONE  ( ZONE_CODE, NAME, UNATTENDED, ZONE_TYPE, AREA, REGION,OBSOLETE ) VALUES ( '102', 'Red Hook', ' ', '22', '000', 'BKL', NULL); 
INSERT INTO TRANSP.ZONE  ( ZONE_CODE, NAME, UNATTENDED, ZONE_TYPE, AREA, REGION,OBSOLETE ) VALUES ( '961', 'Zone 961', ' ', '24', '000', 'Obeslete', NULL); 
INSERT INTO TRANSP.ZONE  ( ZONE_CODE, NAME, UNATTENDED, ZONE_TYPE, AREA, REGION,OBSOLETE ) VALUES ( '360', 'LIC', ' ', '22', '360', 'QNS', NULL); 
INSERT INTO TRANSP.ZONE  ( ZONE_CODE, NAME, UNATTENDED, ZONE_TYPE, AREA, REGION,OBSOLETE ) VALUES ( '420', 'Hoboken', ' ', '22', '420', 'NJ', NULL); 
INSERT INTO TRANSP.ZONE  ( ZONE_CODE, NAME, UNATTENDED, ZONE_TYPE, AREA, REGION,OBSOLETE ) VALUES ( '630', 'Corp zone 630', ' ', '23', '630', 'Man Mid', NULL); 
INSERT INTO TRANSP.ZONE  ( ZONE_CODE, NAME, UNATTENDED, ZONE_TYPE, AREA, REGION,OBSOLETE ) VALUES ( '370', 'Great Neck', ' ', '21', '370', '1Man-BklQns', NULL); 
INSERT INTO TRANSP.ZONE  ( ZONE_CODE, NAME, UNATTENDED, ZONE_TYPE, AREA, REGION,OBSOLETE ) VALUES ( '095', 'Zone 095', ' ', '22', '000', 'Obeslete', NULL); 
INSERT INTO TRANSP.ZONE  ( ZONE_CODE, NAME, UNATTENDED, ZONE_TYPE, AREA, REGION,OBSOLETE ) VALUES ( '070', 'W 89th - 97th', ' ', '24', '070', 'Depot', NULL); 
INSERT INTO TRANSP.ZONE  ( ZONE_CODE, NAME, UNATTENDED, ZONE_TYPE, AREA, REGION,OBSOLETE ) VALUES ( '090', 'W 110th - 125th', ' ', '22', '090', 'Man N', NULL); 
INSERT INTO TRANSP.ZONE  ( ZONE_CODE, NAME, UNATTENDED, ZONE_TYPE, AREA, REGION,OBSOLETE ) VALUES ( '860', 'West Hampton', ' ', '21', '000', 'Hamp', NULL); 
INSERT INTO TRANSP.ZONE  ( ZONE_CODE, NAME, UNATTENDED, ZONE_TYPE, AREA, REGION,OBSOLETE ) VALUES ( '710', 'New Rochelle', 'X', '21', '710', '1Man-West', NULL); 
INSERT INTO TRANSP.ZONE  ( ZONE_CODE, NAME, UNATTENDED, ZONE_TYPE, AREA, REGION,OBSOLETE ) VALUES ( '109', 'Sheepshead Bay', ' ', '21', '109', '1Man-BklQns', NULL); 
INSERT INTO TRANSP.ZONE  ( ZONE_CODE, NAME, UNATTENDED, ZONE_TYPE, AREA, REGION,OBSOLETE ) VALUES ( '003', 'Murray Hill East', ' ', '22', '003', 'Man S', NULL); 
INSERT INTO TRANSP.ZONE  ( ZONE_CODE, NAME, UNATTENDED, ZONE_TYPE, AREA, REGION,OBSOLETE ) VALUES ( '009', 'Upper UES East', ' ', '22', '009', 'Man E', NULL); 
INSERT INTO TRANSP.ZONE  ( ZONE_CODE, NAME, UNATTENDED, ZONE_TYPE, AREA, REGION,OBSOLETE ) VALUES ( '500', 'Zone 500', ' ', '22', '000', 'Obeslete', NULL); 
INSERT INTO TRANSP.ZONE  ( ZONE_CODE, NAME, UNATTENDED, ZONE_TYPE, AREA, REGION,OBSOLETE ) VALUES ( '921', 'Zone 921', ' ', '24', '000', 'Obeslete', NULL); 
INSERT INTO TRANSP.ZONE  ( ZONE_CODE, NAME, UNATTENDED, ZONE_TYPE, AREA, REGION,OBSOLETE ) VALUES ( '020', 'Chelsea', ' ', '22', '020', 'Man Mid', NULL); 
INSERT INTO TRANSP.ZONE  ( ZONE_CODE, NAME, UNATTENDED, ZONE_TYPE, AREA, REGION,OBSOLETE ) VALUES ( '901', 'Zone 901', ' ', '24', '000', 'Obeslete', NULL); 
INSERT INTO TRANSP.ZONE  ( ZONE_CODE, NAME, UNATTENDED, ZONE_TYPE, AREA, REGION,OBSOLETE ) VALUES ( '915', 'Zone 915', ' ', '24', '000', 'Obeslete', NULL); 
INSERT INTO TRANSP.ZONE  ( ZONE_CODE, NAME, UNATTENDED, ZONE_TYPE, AREA, REGION,OBSOLETE ) VALUES ( '801', 'Zone 801', ' ', '21', '000', 'Hamp', NULL); 
INSERT INTO TRANSP.ZONE  ( ZONE_CODE, NAME, UNATTENDED, ZONE_TYPE, AREA, REGION,OBSOLETE ) VALUES ( '021', 'Tribeca', ' ', '22', '021', 'Man S', NULL); 
INSERT INTO TRANSP.ZONE  ( ZONE_CODE, NAME, UNATTENDED, ZONE_TYPE, AREA, REGION,OBSOLETE ) VALUES ( '103', 'Park Slope', ' ', '22', '103', 'BKL', NULL); 
INSERT INTO TRANSP.ZONE  ( ZONE_CODE, NAME, UNATTENDED, ZONE_TYPE, AREA, REGION,OBSOLETE ) VALUES ( '320', 'Forest Hills', ' ', '22', '320', 'QNS', NULL); 
INSERT INTO TRANSP.ZONE  ( ZONE_CODE, NAME, UNATTENDED, ZONE_TYPE, AREA, REGION,OBSOLETE ) VALUES ( '340', 'Jamaica/Kew Gardens', ' ', '21', '340', '1Man-BklQns', NULL); 
INSERT INTO TRANSP.ZONE  ( ZONE_CODE, NAME, UNATTENDED, ZONE_TYPE, AREA, REGION,OBSOLETE ) VALUES ( '011', 'Harlem', ' ', '22', '011', 'Man N', NULL); 
INSERT INTO TRANSP.ZONE  ( ZONE_CODE, NAME, UNATTENDED, ZONE_TYPE, AREA, REGION,OBSOLETE ) VALUES ( '875', 'Riverhead', ' ', '21', '000', 'Hamp', NULL); 
INSERT INTO TRANSP.ZONE  ( ZONE_CODE, NAME, UNATTENDED, ZONE_TYPE, AREA, REGION,OBSOLETE ) VALUES ( '066', 'W 74th - 82nd', ' ', '24', '066', 'Depot', NULL); 
INSERT INTO TRANSP.ZONE  ( ZONE_CODE, NAME, UNATTENDED, ZONE_TYPE, AREA, REGION,OBSOLETE ) VALUES ( '005', 'Upper Midtown East', ' ', '24', '005', 'Depot', NULL); 
INSERT INTO TRANSP.ZONE  ( ZONE_CODE, NAME, UNATTENDED, ZONE_TYPE, AREA, REGION,OBSOLETE ) VALUES ( '310', 'Astoria', ' ', '22', '310', 'QNS', NULL); 
INSERT INTO TRANSP.ZONE  ( ZONE_CODE, NAME, UNATTENDED, ZONE_TYPE, AREA, REGION,OBSOLETE ) VALUES ( '014', 'Murray Hill North We', ' ', '24', '014', 'Depot', NULL); 
INSERT INTO TRANSP.ZONE  ( ZONE_CODE, NAME, UNATTENDED, ZONE_TYPE, AREA, REGION,OBSOLETE ) VALUES ( '825', 'Sag Harbor', ' ', '21', '000', 'Hamp', NULL); 
INSERT INTO TRANSP.ZONE  ( ZONE_CODE, NAME, UNATTENDED, ZONE_TYPE, AREA, REGION,OBSOLETE ) VALUES ( '380', 'Jackson Heights', ' ', '22', '380', 'QNS', NULL); 
INSERT INTO TRANSP.ZONE  ( ZONE_CODE, NAME, UNATTENDED, ZONE_TYPE, AREA, REGION,OBSOLETE ) VALUES ( '006', 'UES West', ' ', '22', '006', 'Man E', NULL); 
INSERT INTO TRANSP.ZONE  ( ZONE_CODE, NAME, UNATTENDED, ZONE_TYPE, AREA, REGION,OBSOLETE ) VALUES ( '040', 'W 55th - 68th', ' ', '24', '040', 'Depot', NULL); 
INSERT INTO TRANSP.ZONE  ( ZONE_CODE, NAME, UNATTENDED, ZONE_TYPE, AREA, REGION,OBSOLETE ) VALUES ( '080', 'Zone 080', ' ', '24', '000', 'Depot', NULL); 
INSERT INTO TRANSP.ZONE  ( ZONE_CODE, NAME, UNATTENDED, ZONE_TYPE, AREA, REGION,OBSOLETE ) VALUES ( '912', 'Zone 912', ' ', '24', '000', 'Obeslete', NULL); 
INSERT INTO TRANSP.ZONE  ( ZONE_CODE, NAME, UNATTENDED, ZONE_TYPE, AREA, REGION,OBSOLETE ) VALUES ( '802', 'Zone 802', ' ', '21', '000', 'Hamp', NULL); 
INSERT INTO TRANSP.ZONE  ( ZONE_CODE, NAME, UNATTENDED, ZONE_TYPE, AREA, REGION,OBSOLETE ) VALUES ( '922', 'Zone 922', ' ', '1', '922', 'QNS', NULL); 
INSERT INTO TRANSP.ZONE  ( ZONE_CODE, NAME, UNATTENDED, ZONE_TYPE, AREA, REGION,OBSOLETE ) VALUES ( '101', 'Bklyn Heights/Carrol', ' ', '22', '101', 'BKL', NULL); 
INSERT INTO TRANSP.ZONE  ( ZONE_CODE, NAME, UNATTENDED, ZONE_TYPE, AREA, REGION,OBSOLETE ) VALUES ( '350', 'Bayside', ' ', '21', '350', '1Man-BklQns', NULL); 
INSERT INTO TRANSP.ZONE  ( ZONE_CODE, NAME, UNATTENDED, ZONE_TYPE, AREA, REGION,OBSOLETE ) VALUES ( '018', 'Midtown', ' ', '22', '018', 'Man Mid', NULL); 
INSERT INTO TRANSP.ZONE  ( ZONE_CODE, NAME, UNATTENDED, ZONE_TYPE, AREA, REGION,OBSOLETE ) VALUES ( '016', 'Lower Morningside He', ' ', '21', '016', '1Man-West', NULL); 
INSERT INTO TRANSP.ZONE  ( ZONE_CODE, NAME, UNATTENDED, ZONE_TYPE, AREA, REGION,OBSOLETE ) VALUES ( '810', 'Amagansett', ' ', '21', '000', 'Hamp', NULL); 
INSERT INTO TRANSP.ZONE  ( ZONE_CODE, NAME, UNATTENDED, ZONE_TYPE, AREA, REGION,OBSOLETE ) VALUES ( '840', 'South Hampton', ' ', '21', '000', 'Hamp', NULL); 
INSERT INTO TRANSP.ZONE  ( ZONE_CODE, NAME, UNATTENDED, ZONE_TYPE, AREA, REGION,OBSOLETE ) VALUES ( '002', 'Battery Park City', ' ', '22', '002', 'Man S', NULL); 
INSERT INTO TRANSP.ZONE  ( ZONE_CODE, NAME, UNATTENDED, ZONE_TYPE, AREA, REGION,OBSOLETE ) VALUES ( '007', 'Lower UES East', ' ', '22', '007', 'Man E', NULL); 
INSERT INTO TRANSP.ZONE  ( ZONE_CODE, NAME, UNATTENDED, ZONE_TYPE, AREA, REGION,OBSOLETE ) VALUES ( '010', 'Soho', ' ', '22', '010', 'Man S', NULL); 
INSERT INTO TRANSP.ZONE  ( ZONE_CODE, NAME, UNATTENDED, ZONE_TYPE, AREA, REGION,OBSOLETE ) VALUES ( '050', 'W 69th - 73rd', ' ', '24', '050', 'Depot', NULL); 
INSERT INTO TRANSP.ZONE  ( ZONE_CODE, NAME, UNATTENDED, ZONE_TYPE, AREA, REGION,OBSOLETE ) VALUES ( '911', 'Zone 911', ' ', '24', '000', 'Obeslete', NULL); 
INSERT INTO TRANSP.ZONE  ( ZONE_CODE, NAME, UNATTENDED, ZONE_TYPE, AREA, REGION,OBSOLETE ) VALUES ( '033', 'Zone 033', ' ', '22', '000', 'Obeslete', NULL); 
INSERT INTO TRANSP.ZONE  ( ZONE_CODE, NAME, UNATTENDED, ZONE_TYPE, AREA, REGION,OBSOLETE ) VALUES ( '600', 'Corp zone 600', ' ', '23', '600', 'Man Mid', NULL); 
INSERT INTO TRANSP.ZONE  ( ZONE_CODE, NAME, UNATTENDED, ZONE_TYPE, AREA, REGION,OBSOLETE ) VALUES ( '013', 'Stuyvesant Town', ' ', '24', '013', 'Depot', NULL); 
INSERT INTO TRANSP.ZONE  ( ZONE_CODE, NAME, UNATTENDED, ZONE_TYPE, AREA, REGION,OBSOLETE ) VALUES ( '999', 'Zone 999', ' ', '24', '000', 'Obeslete', NULL); 
INSERT INTO TRANSP.ZONE  ( ZONE_CODE, NAME, UNATTENDED, ZONE_TYPE, AREA, REGION,OBSOLETE ) VALUES ( '640', 'Corp zone 640', ' ', '23', '640', 'Man S', NULL); 
INSERT INTO TRANSP.ZONE  ( ZONE_CODE, NAME, UNATTENDED, ZONE_TYPE, AREA, REGION,OBSOLETE ) VALUES ( '650', 'Corp zone 650', ' ', '23', '650', 'Man S', NULL); 
INSERT INTO TRANSP.ZONE  ( ZONE_CODE, NAME, UNATTENDED, ZONE_TYPE, AREA, REGION,OBSOLETE ) VALUES ( '107', 'Flatbush/Midwood', ' ', '21', '107', '1Man-BklQns', NULL); 
INSERT INTO TRANSP.ZONE  ( ZONE_CODE, NAME, UNATTENDED, ZONE_TYPE, AREA, REGION,OBSOLETE ) VALUES ( '202', 'Zone 202', ' ', '22', '000', 'Obeslete', NULL); 
INSERT INTO TRANSP.ZONE  ( ZONE_CODE, NAME, UNATTENDED, ZONE_TYPE, AREA, REGION,OBSOLETE ) VALUES ( '942', 'Zone 942', ' ', '24', '000', 'Obeslete', NULL); 
INSERT INTO TRANSP.ZONE  ( ZONE_CODE, NAME, UNATTENDED, ZONE_TYPE, AREA, REGION,OBSOLETE ) VALUES ( '015', 'West Village', ' ', '22', '015', 'Man S', NULL); 
INSERT INTO TRANSP.ZONE  ( ZONE_CODE, NAME, UNATTENDED, ZONE_TYPE, AREA, REGION,OBSOLETE ) VALUES ( '012', 'Morningside Heights', ' ', '22', '012', 'Man N', NULL); 
INSERT INTO TRANSP.ZONE  ( ZONE_CODE, NAME, UNATTENDED, ZONE_TYPE, AREA, REGION,OBSOLETE ) VALUES ( '017', 'Riverdale', ' ', '21', '017', '1Man-West', NULL); 
INSERT INTO TRANSP.ZONE  ( ZONE_CODE, NAME, UNATTENDED, ZONE_TYPE, AREA, REGION,OBSOLETE ) VALUES ( '410', 'Jersey City', ' ', '22', '410', 'NJ', NULL); 
INSERT INTO TRANSP.ZONE  ( ZONE_CODE, NAME, UNATTENDED, ZONE_TYPE, AREA, REGION,OBSOLETE ) VALUES ( '830', 'Bridgehampton', ' ', '21', '000', 'Hamp', NULL); 
INSERT INTO TRANSP.ZONE  ( ZONE_CODE, NAME, UNATTENDED, ZONE_TYPE, AREA, REGION,OBSOLETE ) VALUES ( '620', 'Corp zone 620', ' ', '23', '620', 'Man Mid', NULL); 
INSERT INTO TRANSP.ZONE  ( ZONE_CODE, NAME, UNATTENDED, ZONE_TYPE, AREA, REGION,OBSOLETE ) VALUES ( '720', 'Mamaroneck', 'X', '21', '720', '1Man-West', NULL); 
INSERT INTO TRANSP.ZONE  ( ZONE_CODE, NAME, UNATTENDED, ZONE_TYPE, AREA, REGION,OBSOLETE ) VALUES ( '108', 'Flatlands', ' ', '21', '108', '1Man-BklQns', NULL); 
INSERT INTO TRANSP.ZONE  ( ZONE_CODE, NAME, UNATTENDED, ZONE_TYPE, AREA, REGION,OBSOLETE ) VALUES ( '004', 'Murray Hill West', ' ', '22', '004', 'Man Mid', NULL); 
INSERT INTO TRANSP.ZONE  ( ZONE_CODE, NAME, UNATTENDED, ZONE_TYPE, AREA, REGION,OBSOLETE ) VALUES ( '001', 'Roosevelt Island', ' ', '21', '001', '1Man-BklQns', NULL); 
INSERT INTO TRANSP.ZONE  ( ZONE_CODE, NAME, UNATTENDED, ZONE_TYPE, AREA, REGION,OBSOLETE ) VALUES ( '008', 'Lower Midtown East', ' ', '22', '008', 'Man Mid', NULL); 
INSERT INTO TRANSP.ZONE  ( ZONE_CODE, NAME, UNATTENDED, ZONE_TYPE, AREA, REGION,OBSOLETE ) VALUES ( '913', 'Zone 913', ' ', '24', '000', 'Obeslete', NULL); 
INSERT INTO TRANSP.ZONE  ( ZONE_CODE, NAME, UNATTENDED, ZONE_TYPE, AREA, REGION,OBSOLETE ) VALUES ( '941', 'Zone 941', ' ', '24', '000', 'Obeslete', NULL); 
INSERT INTO TRANSP.ZONE  ( ZONE_CODE, NAME, UNATTENDED, ZONE_TYPE, AREA, REGION,OBSOLETE ) VALUES ( '951', 'Zone 951', ' ', '24', '000', 'Obeslete', NULL); 
INSERT INTO TRANSP.ZONE  ( ZONE_CODE, NAME, UNATTENDED, ZONE_TYPE, AREA, REGION,OBSOLETE ) VALUES ( '931', 'Zone 931', ' ', '24', '000', 'Obeslete', NULL); 
INSERT INTO TRANSP.ZONE  ( ZONE_CODE, NAME, UNATTENDED, ZONE_TYPE, AREA, REGION,OBSOLETE ) VALUES ( '914', 'Zone 914', ' ', '24', '000', 'Obeslete', NULL); 
INSERT INTO TRANSP.ZONE  ( ZONE_CODE, NAME, UNATTENDED, ZONE_TYPE, AREA, REGION,OBSOLETE ) VALUES ( '104', 'Prospect Heights', ' ', '22', '104', 'BKL', NULL); 
INSERT INTO TRANSP.ZONE  ( ZONE_CODE, NAME, UNATTENDED, ZONE_TYPE, AREA, REGION,OBSOLETE ) VALUES ( '105', 'Greenpoint', ' ', '22', '105', 'BKL', NULL); 
INSERT INTO TRANSP.ZONE  ( ZONE_CODE, NAME, UNATTENDED, ZONE_TYPE, AREA, REGION,OBSOLETE ) VALUES ( '330', 'Ridgewood', ' ', '21', '330', '1Man-BklQns', NULL); 
INSERT INTO TRANSP.ZONE  ( ZONE_CODE, NAME, UNATTENDED, ZONE_TYPE, AREA, REGION,OBSOLETE ) VALUES ( '106', 'Bay Ridge', ' ', '21', '106', '1Man-BklQns', NULL); 
INSERT INTO TRANSP.ZONE  ( ZONE_CODE, NAME, UNATTENDED, ZONE_TYPE, AREA, REGION,OBSOLETE ) VALUES ( '601', 'Zone 601', ' ', '23', '000', 'Corporate', NULL); 
INSERT INTO TRANSP.ZONE  ( ZONE_CODE, NAME, UNATTENDED, ZONE_TYPE, AREA, REGION,OBSOLETE ) VALUES ( '820', 'East Hampton', ' ', '21', '000', 'Hamp', NULL); 
INSERT INTO TRANSP.ZONE  ( ZONE_CODE, NAME, UNATTENDED, ZONE_TYPE, AREA, REGION,OBSOLETE ) VALUES ( '850', 'Hampton Bays', ' ', '21', '000', 'Hamp', NULL); 
INSERT INTO TRANSP.ZONE  ( ZONE_CODE, NAME, UNATTENDED, ZONE_TYPE, AREA, REGION,OBSOLETE ) VALUES ( '610', 'Corp zone 610', ' ', '23', '610', 'Man Mid', NULL); 
INSERT INTO TRANSP.ZONE  ( ZONE_CODE, NAME, UNATTENDED, ZONE_TYPE, AREA, REGION,OBSOLETE ) VALUES ( '430', 'Weehawken', ' ', '21', '430', 'NJ', NULL); 
INSERT INTO TRANSP.ZONE  ( ZONE_CODE, NAME, UNATTENDED, ZONE_TYPE, AREA, REGION,OBSOLETE ) VALUES ( '019', 'Annadale', ' ', '21', '019', '1Man-BklQns', NULL); 
INSERT INTO TRANSP.ZONE  ( ZONE_CODE, NAME, UNATTENDED, ZONE_TYPE, AREA, REGION,OBSOLETE ) VALUES ( '730', 'Scarsdale', 'X', '21', '730', '1Man-West', NULL); 

INSERT INTO TRANSP.EMPLOYEEROLE ( KRONOS_ID, ROLE ) VALUES ( '603116','001');
INSERT INTO TRANSP.EMPLOYEEROLE ( KRONOS_ID, ROLE ) VALUES ( '603108','002');
INSERT INTO TRANSP.EMPLOYEEROLE ( KRONOS_ID, ROLE ) VALUES ( '603111','002');
INSERT INTO TRANSP.EMPLOYEEROLE ( KRONOS_ID, ROLE ) VALUES ( '603109','001');
INSERT INTO TRANSP.EMPLOYEEROLE ( KRONOS_ID, ROLE ) VALUES ( '603112','001');
INSERT INTO TRANSP.EMPLOYEEROLE ( KRONOS_ID, ROLE ) VALUES ( '603110','003');
INSERT INTO TRANSP.EMPLOYEEROLE ( KRONOS_ID, ROLE ) VALUES ( '603113','003');
INSERT INTO TRANSP.EMPLOYEEROLE ( KRONOS_ID, ROLE ) VALUES ( '603114','003');
INSERT INTO TRANSP.EMPLOYEEROLE ( KRONOS_ID, ROLE ) VALUES ( '603115','003');
INSERT INTO TRANSP.EMPLOYEEROLE ( KRONOS_ID, ROLE ) VALUES ( '603102','002');
INSERT INTO TRANSP.EMPLOYEEROLE ( KRONOS_ID, ROLE ) VALUES ( '603103','002');
INSERT INTO TRANSP.EMPLOYEEROLE ( KRONOS_ID, ROLE ) VALUES ( '603104','002');
INSERT INTO TRANSP.EMPLOYEEROLE ( KRONOS_ID, ROLE ) VALUES ( '603105','002');
INSERT INTO TRANSP.EMPLOYEEROLE ( KRONOS_ID, ROLE ) VALUES ( '603106','002');
INSERT INTO TRANSP.EMPLOYEEROLE ( KRONOS_ID, ROLE ) VALUES ( '603092','001');
INSERT INTO TRANSP.EMPLOYEEROLE ( KRONOS_ID, ROLE ) VALUES ( '603095','001');
INSERT INTO TRANSP.EMPLOYEEROLE ( KRONOS_ID, ROLE ) VALUES ( '603089','002');
INSERT INTO TRANSP.EMPLOYEEROLE ( KRONOS_ID, ROLE ) VALUES ( '603090','002');
INSERT INTO TRANSP.EMPLOYEEROLE ( KRONOS_ID, ROLE ) VALUES ( '603093','002');
INSERT INTO TRANSP.EMPLOYEEROLE ( KRONOS_ID, ROLE ) VALUES ( '603094','002');
INSERT INTO TRANSP.EMPLOYEEROLE ( KRONOS_ID, ROLE ) VALUES ( '603091','001');
INSERT INTO TRANSP.EMPLOYEEROLE ( KRONOS_ID, ROLE ) VALUES ( '603088','002');
INSERT INTO TRANSP.EMPLOYEEROLE ( KRONOS_ID, ROLE ) VALUES ( '603071','001');
INSERT INTO TRANSP.EMPLOYEEROLE ( KRONOS_ID, ROLE ) VALUES ( '603072','001');
INSERT INTO TRANSP.EMPLOYEEROLE ( KRONOS_ID, ROLE ) VALUES ( '603076','001');
INSERT INTO TRANSP.EMPLOYEEROLE ( KRONOS_ID, ROLE ) VALUES ( '603073','002');
INSERT INTO TRANSP.EMPLOYEEROLE ( KRONOS_ID, ROLE ) VALUES ( '603074','002');
INSERT INTO TRANSP.EMPLOYEEROLE ( KRONOS_ID, ROLE ) VALUES ( '603077','002');
INSERT INTO TRANSP.EMPLOYEEROLE ( KRONOS_ID, ROLE ) VALUES ( '603075','001');
INSERT INTO TRANSP.EMPLOYEEROLE ( KRONOS_ID, ROLE ) VALUES ( '603078','001');
INSERT INTO TRANSP.EMPLOYEEROLE ( KRONOS_ID, ROLE ) VALUES ( '603079','001');
INSERT INTO TRANSP.EMPLOYEEROLE ( KRONOS_ID, ROLE ) VALUES ( '603070','002');
INSERT INTO TRANSP.EMPLOYEEROLE ( KRONOS_ID, ROLE ) VALUES ( '603069','002');
INSERT INTO TRANSP.EMPLOYEEROLE ( KRONOS_ID, ROLE ) VALUES ( '603064','001');
INSERT INTO TRANSP.EMPLOYEEROLE ( KRONOS_ID, ROLE ) VALUES ( '603062','003');
INSERT INTO TRANSP.EMPLOYEEROLE ( KRONOS_ID, ROLE ) VALUES ( '603063','003');
INSERT INTO TRANSP.EMPLOYEEROLE ( KRONOS_ID, ROLE ) VALUES ( '603065','003');
INSERT INTO TRANSP.EMPLOYEEROLE ( KRONOS_ID, ROLE ) VALUES ( '603067','003');
INSERT INTO TRANSP.EMPLOYEEROLE ( KRONOS_ID, ROLE ) VALUES ( '603059','001');
INSERT INTO TRANSP.EMPLOYEEROLE ( KRONOS_ID, ROLE ) VALUES ( '603060','002');
INSERT INTO TRANSP.EMPLOYEEROLE ( KRONOS_ID, ROLE ) VALUES ( '603061','002');
INSERT INTO TRANSP.EMPLOYEEROLE ( KRONOS_ID, ROLE ) VALUES ( '603049','001');
INSERT INTO TRANSP.EMPLOYEEROLE ( KRONOS_ID, ROLE ) VALUES ( '603053','001');
INSERT INTO TRANSP.EMPLOYEEROLE ( KRONOS_ID, ROLE ) VALUES ( '603052','001');
INSERT INTO TRANSP.EMPLOYEEROLE ( KRONOS_ID, ROLE ) VALUES ( '603048','003');
INSERT INTO TRANSP.EMPLOYEEROLE ( KRONOS_ID, ROLE ) VALUES ( '603050','003');
INSERT INTO TRANSP.EMPLOYEEROLE ( KRONOS_ID, ROLE ) VALUES ( '603051','003');
INSERT INTO TRANSP.EMPLOYEEROLE ( KRONOS_ID, ROLE ) VALUES ( '603030','003');
INSERT INTO TRANSP.EMPLOYEEROLE ( KRONOS_ID, ROLE ) VALUES ( '603031','003');
INSERT INTO TRANSP.EMPLOYEEROLE ( KRONOS_ID, ROLE ) VALUES ( '603032','003');
INSERT INTO TRANSP.EMPLOYEEROLE ( KRONOS_ID, ROLE ) VALUES ( '603033','003');
INSERT INTO TRANSP.EMPLOYEEROLE ( KRONOS_ID, ROLE ) VALUES ( '602981','001');
INSERT INTO TRANSP.EMPLOYEEROLE ( KRONOS_ID, ROLE ) VALUES ( '602989','002');
INSERT INTO TRANSP.EMPLOYEEROLE ( KRONOS_ID, ROLE ) VALUES ( '602991','002');
INSERT INTO TRANSP.EMPLOYEEROLE ( KRONOS_ID, ROLE ) VALUES ( '602984','002');
INSERT INTO TRANSP.EMPLOYEEROLE ( KRONOS_ID, ROLE ) VALUES ( '602986','002');
INSERT INTO TRANSP.EMPLOYEEROLE ( KRONOS_ID, ROLE ) VALUES ( '602988','002');
INSERT INTO TRANSP.EMPLOYEEROLE ( KRONOS_ID, ROLE ) VALUES ( '602983','001');
INSERT INTO TRANSP.EMPLOYEEROLE ( KRONOS_ID, ROLE ) VALUES ( '602990','001');
INSERT INTO TRANSP.EMPLOYEEROLE ( KRONOS_ID, ROLE ) VALUES ( '602982','003');
INSERT INTO TRANSP.EMPLOYEEROLE ( KRONOS_ID, ROLE ) VALUES ( '602985','003');
INSERT INTO TRANSP.EMPLOYEEROLE ( KRONOS_ID, ROLE ) VALUES ( '602994','001');
INSERT INTO TRANSP.EMPLOYEEROLE ( KRONOS_ID, ROLE ) VALUES ( '602992','001');
INSERT INTO TRANSP.EMPLOYEEROLE ( KRONOS_ID, ROLE ) VALUES ( '602980','002');
INSERT INTO TRANSP.EMPLOYEEROLE ( KRONOS_ID, ROLE ) VALUES ( '602978','001');
INSERT INTO TRANSP.EMPLOYEEROLE ( KRONOS_ID, ROLE ) VALUES ( '602975','002');
INSERT INTO TRANSP.EMPLOYEEROLE ( KRONOS_ID, ROLE ) VALUES ( '602976','002');
INSERT INTO TRANSP.EMPLOYEEROLE ( KRONOS_ID, ROLE ) VALUES ( '602968','002');
INSERT INTO TRANSP.EMPLOYEEROLE ( KRONOS_ID, ROLE ) VALUES ( '602969','002');
INSERT INTO TRANSP.EMPLOYEEROLE ( KRONOS_ID, ROLE ) VALUES ( '602970','002');
INSERT INTO TRANSP.EMPLOYEEROLE ( KRONOS_ID, ROLE ) VALUES ( '602971','002');
INSERT INTO TRANSP.EMPLOYEEROLE ( KRONOS_ID, ROLE ) VALUES ( '602962','002');
INSERT INTO TRANSP.EMPLOYEEROLE ( KRONOS_ID, ROLE ) VALUES ( '602963','002');
INSERT INTO TRANSP.EMPLOYEEROLE ( KRONOS_ID, ROLE ) VALUES ( '602964','002');
INSERT INTO TRANSP.EMPLOYEEROLE ( KRONOS_ID, ROLE ) VALUES ( '602966','003');
INSERT INTO TRANSP.EMPLOYEEROLE ( KRONOS_ID, ROLE ) VALUES ( '602948','001');
INSERT INTO TRANSP.EMPLOYEEROLE ( KRONOS_ID, ROLE ) VALUES ( '602957','002');
INSERT INTO TRANSP.EMPLOYEEROLE ( KRONOS_ID, ROLE ) VALUES ( '602958','001');
INSERT INTO TRANSP.EMPLOYEEROLE ( KRONOS_ID, ROLE ) VALUES ( '602959','001');
INSERT INTO TRANSP.EMPLOYEEROLE ( KRONOS_ID, ROLE ) VALUES ( '602936','001');
INSERT INTO TRANSP.EMPLOYEEROLE ( KRONOS_ID, ROLE ) VALUES ( '602940','001');
INSERT INTO TRANSP.EMPLOYEEROLE ( KRONOS_ID, ROLE ) VALUES ( '602946','001');
INSERT INTO TRANSP.EMPLOYEEROLE ( KRONOS_ID, ROLE ) VALUES ( '602950','001');
INSERT INTO TRANSP.EMPLOYEEROLE ( KRONOS_ID, ROLE ) VALUES ( '602938','002');
INSERT INTO TRANSP.EMPLOYEEROLE ( KRONOS_ID, ROLE ) VALUES ( '602944','002');
INSERT INTO TRANSP.EMPLOYEEROLE ( KRONOS_ID, ROLE ) VALUES ( '602945','002');
INSERT INTO TRANSP.EMPLOYEEROLE ( KRONOS_ID, ROLE ) VALUES ( '602951','002');
INSERT INTO TRANSP.EMPLOYEEROLE ( KRONOS_ID, ROLE ) VALUES ( '602947','001');
INSERT INTO TRANSP.EMPLOYEEROLE ( KRONOS_ID, ROLE ) VALUES ( '602941','003');
INSERT INTO TRANSP.EMPLOYEEROLE ( KRONOS_ID, ROLE ) VALUES ( '602942','003');
INSERT INTO TRANSP.EMPLOYEEROLE ( KRONOS_ID, ROLE ) VALUES ( '602952','003');
INSERT INTO TRANSP.EMPLOYEEROLE ( KRONOS_ID, ROLE ) VALUES ( '602935','002');
INSERT INTO TRANSP.EMPLOYEEROLE ( KRONOS_ID, ROLE ) VALUES ( '602925','002');
INSERT INTO TRANSP.EMPLOYEEROLE ( KRONOS_ID, ROLE ) VALUES ( '602928','002');
INSERT INTO TRANSP.EMPLOYEEROLE ( KRONOS_ID, ROLE ) VALUES ( '602929','002');
INSERT INTO TRANSP.EMPLOYEEROLE ( KRONOS_ID, ROLE ) VALUES ( '602932','002');
INSERT INTO TRANSP.EMPLOYEEROLE ( KRONOS_ID, ROLE ) VALUES ( '602933','002');
INSERT INTO TRANSP.EMPLOYEEROLE ( KRONOS_ID, ROLE ) VALUES ( '602926','001');
INSERT INTO TRANSP.EMPLOYEEROLE ( KRONOS_ID, ROLE ) VALUES ( '602927','001');
INSERT INTO TRANSP.EMPLOYEEROLE ( KRONOS_ID, ROLE ) VALUES ( '602931','001');
INSERT INTO TRANSP.EMPLOYEEROLE ( KRONOS_ID, ROLE ) VALUES ( '602934','003');
INSERT INTO TRANSP.EMPLOYEEROLE ( KRONOS_ID, ROLE ) VALUES ( '602917','001');
INSERT INTO TRANSP.EMPLOYEEROLE ( KRONOS_ID, ROLE ) VALUES ( '602918','001');
INSERT INTO TRANSP.EMPLOYEEROLE ( KRONOS_ID, ROLE ) VALUES ( '602916','002');
INSERT INTO TRANSP.EMPLOYEEROLE ( KRONOS_ID, ROLE ) VALUES ( '602920','002');
INSERT INTO TRANSP.EMPLOYEEROLE ( KRONOS_ID, ROLE ) VALUES ( '602910','002');
INSERT INTO TRANSP.EMPLOYEEROLE ( KRONOS_ID, ROLE ) VALUES ( '602911','002');
INSERT INTO TRANSP.EMPLOYEEROLE ( KRONOS_ID, ROLE ) VALUES ( '602906','003');
INSERT INTO TRANSP.EMPLOYEEROLE ( KRONOS_ID, ROLE ) VALUES ( '602923','001');
INSERT INTO TRANSP.EMPLOYEEROLE ( KRONOS_ID, ROLE ) VALUES ( '602908','002');
INSERT INTO TRANSP.EMPLOYEEROLE ( KRONOS_ID, ROLE ) VALUES ( '602901','002');
INSERT INTO TRANSP.EMPLOYEEROLE ( KRONOS_ID, ROLE ) VALUES ( '9366','003');
INSERT INTO TRANSP.EMPLOYEEROLE ( KRONOS_ID, ROLE ) VALUES ( '602886','001');
INSERT INTO TRANSP.EMPLOYEEROLE ( KRONOS_ID, ROLE ) VALUES ( '602890','001');
INSERT INTO TRANSP.EMPLOYEEROLE ( KRONOS_ID, ROLE ) VALUES ( '602893','001');
INSERT INTO TRANSP.EMPLOYEEROLE ( KRONOS_ID, ROLE ) VALUES ( '602898','001');
INSERT INTO TRANSP.EMPLOYEEROLE ( KRONOS_ID, ROLE ) VALUES ( '602895','001');
INSERT INTO TRANSP.EMPLOYEEROLE ( KRONOS_ID, ROLE ) VALUES ( '602881','002');
INSERT INTO TRANSP.EMPLOYEEROLE ( KRONOS_ID, ROLE ) VALUES ( '602882','002');
INSERT INTO TRANSP.EMPLOYEEROLE ( KRONOS_ID, ROLE ) VALUES ( '602884','002');
INSERT INTO TRANSP.EMPLOYEEROLE ( KRONOS_ID, ROLE ) VALUES ( '602897','002');
INSERT INTO TRANSP.EMPLOYEEROLE ( KRONOS_ID, ROLE ) VALUES ( '602899','002');
INSERT INTO TRANSP.EMPLOYEEROLE ( KRONOS_ID, ROLE ) VALUES ( '602889','001');
INSERT INTO TRANSP.EMPLOYEEROLE ( KRONOS_ID, ROLE ) VALUES ( '602894','001');
INSERT INTO TRANSP.EMPLOYEEROLE ( KRONOS_ID, ROLE ) VALUES ( '602855','001');
INSERT INTO TRANSP.EMPLOYEEROLE ( KRONOS_ID, ROLE ) VALUES ( '602854','001');
INSERT INTO TRANSP.EMPLOYEEROLE ( KRONOS_ID, ROLE ) VALUES ( '602856','002');
INSERT INTO TRANSP.EMPLOYEEROLE ( KRONOS_ID, ROLE ) VALUES ( '602860','002');
INSERT INTO TRANSP.EMPLOYEEROLE ( KRONOS_ID, ROLE ) VALUES ( '602861','002');
INSERT INTO TRANSP.EMPLOYEEROLE ( KRONOS_ID, ROLE ) VALUES ( '602833','001');
INSERT INTO TRANSP.EMPLOYEEROLE ( KRONOS_ID, ROLE ) VALUES ( '602852','002');
INSERT INTO TRANSP.EMPLOYEEROLE ( KRONOS_ID, ROLE ) VALUES ( '602862','002');
INSERT INTO TRANSP.EMPLOYEEROLE ( KRONOS_ID, ROLE ) VALUES ( '602878','002');
INSERT INTO TRANSP.EMPLOYEEROLE ( KRONOS_ID, ROLE ) VALUES ( '602857','001');
INSERT INTO TRANSP.EMPLOYEEROLE ( KRONOS_ID, ROLE ) VALUES ( '602864','001');
INSERT INTO TRANSP.EMPLOYEEROLE ( KRONOS_ID, ROLE ) VALUES ( '602863','003');
INSERT INTO TRANSP.EMPLOYEEROLE ( KRONOS_ID, ROLE ) VALUES ( '9388','003');
INSERT INTO TRANSP.EMPLOYEEROLE ( KRONOS_ID, ROLE ) VALUES ( '1280','003');
INSERT INTO TRANSP.EMPLOYEEROLE ( KRONOS_ID, ROLE ) VALUES ( '3542','003');
INSERT INTO TRANSP.EMPLOYEEROLE ( KRONOS_ID, ROLE ) VALUES ( '8857','003');
INSERT INTO TRANSP.EMPLOYEEROLE ( KRONOS_ID, ROLE ) VALUES ( '9975','003');
INSERT INTO TRANSP.EMPLOYEEROLE ( KRONOS_ID, ROLE ) VALUES ( '602844','001');
INSERT INTO TRANSP.EMPLOYEEROLE ( KRONOS_ID, ROLE ) VALUES ( '602845','002');
INSERT INTO TRANSP.EMPLOYEEROLE ( KRONOS_ID, ROLE ) VALUES ( '602848','002');
INSERT INTO TRANSP.EMPLOYEEROLE ( KRONOS_ID, ROLE ) VALUES ( '602849','002');
INSERT INTO TRANSP.EMPLOYEEROLE ( KRONOS_ID, ROLE ) VALUES ( '602840','002');
INSERT INTO TRANSP.EMPLOYEEROLE ( KRONOS_ID, ROLE ) VALUES ( '602841','002');
INSERT INTO TRANSP.EMPLOYEEROLE ( KRONOS_ID, ROLE ) VALUES ( '602843','002');
INSERT INTO TRANSP.EMPLOYEEROLE ( KRONOS_ID, ROLE ) VALUES ( '602846','002');
INSERT INTO TRANSP.EMPLOYEEROLE ( KRONOS_ID, ROLE ) VALUES ( '8895','003');
INSERT INTO TRANSP.EMPLOYEEROLE ( KRONOS_ID, ROLE ) VALUES ( '602812','001');
INSERT INTO TRANSP.EMPLOYEEROLE ( KRONOS_ID, ROLE ) VALUES ( '602819','001');
INSERT INTO TRANSP.EMPLOYEEROLE ( KRONOS_ID, ROLE ) VALUES ( '602815','002');
INSERT INTO TRANSP.EMPLOYEEROLE ( KRONOS_ID, ROLE ) VALUES ( '602811','002');
INSERT INTO TRANSP.EMPLOYEEROLE ( KRONOS_ID, ROLE ) VALUES ( '602814','002');
INSERT INTO TRANSP.EMPLOYEEROLE ( KRONOS_ID, ROLE ) VALUES ( '602820','002');
INSERT INTO TRANSP.EMPLOYEEROLE ( KRONOS_ID, ROLE ) VALUES ( '602821','002');
INSERT INTO TRANSP.EMPLOYEEROLE ( KRONOS_ID, ROLE ) VALUES ( '602817','001');
INSERT INTO TRANSP.EMPLOYEEROLE ( KRONOS_ID, ROLE ) VALUES ( '602818','003');
INSERT INTO TRANSP.EMPLOYEEROLE ( KRONOS_ID, ROLE ) VALUES ( '602785','001');
INSERT INTO TRANSP.EMPLOYEEROLE ( KRONOS_ID, ROLE ) VALUES ( '602786','001');
INSERT INTO TRANSP.EMPLOYEEROLE ( KRONOS_ID, ROLE ) VALUES ( '602787','001');
INSERT INTO TRANSP.EMPLOYEEROLE ( KRONOS_ID, ROLE ) VALUES ( '602788','001');
INSERT INTO TRANSP.EMPLOYEEROLE ( KRONOS_ID, ROLE ) VALUES ( '602781','003');
INSERT INTO TRANSP.EMPLOYEEROLE ( KRONOS_ID, ROLE ) VALUES ( '602789','003');
INSERT INTO TRANSP.EMPLOYEEROLE ( KRONOS_ID, ROLE ) VALUES ( '602790','003');
INSERT INTO TRANSP.EMPLOYEEROLE ( KRONOS_ID, ROLE ) VALUES ( '602791','003');
INSERT INTO TRANSP.EMPLOYEEROLE ( KRONOS_ID, ROLE ) VALUES ( '602753','001');
INSERT INTO TRANSP.EMPLOYEEROLE ( KRONOS_ID, ROLE ) VALUES ( '602755','001');
INSERT INTO TRANSP.EMPLOYEEROLE ( KRONOS_ID, ROLE ) VALUES ( '602756','003');
INSERT INTO TRANSP.EMPLOYEEROLE ( KRONOS_ID, ROLE ) VALUES ( '602749','001');
INSERT INTO TRANSP.EMPLOYEEROLE ( KRONOS_ID, ROLE ) VALUES ( '602751','001');
INSERT INTO TRANSP.EMPLOYEEROLE ( KRONOS_ID, ROLE ) VALUES ( '602745','001');
INSERT INTO TRANSP.EMPLOYEEROLE ( KRONOS_ID, ROLE ) VALUES ( '602746','001');
INSERT INTO TRANSP.EMPLOYEEROLE ( KRONOS_ID, ROLE ) VALUES ( '602744','001');
INSERT INTO TRANSP.EMPLOYEEROLE ( KRONOS_ID, ROLE ) VALUES ( '602724','001');
INSERT INTO TRANSP.EMPLOYEEROLE ( KRONOS_ID, ROLE ) VALUES ( '602721','003');
INSERT INTO TRANSP.EMPLOYEEROLE ( KRONOS_ID, ROLE ) VALUES ( '602716','002');
INSERT INTO TRANSP.EMPLOYEEROLE ( KRONOS_ID, ROLE ) VALUES ( '602715','003');
INSERT INTO TRANSP.EMPLOYEEROLE ( KRONOS_ID, ROLE ) VALUES ( '0837','003');
INSERT INTO TRANSP.EMPLOYEEROLE ( KRONOS_ID, ROLE ) VALUES ( '9002','003');
INSERT INTO TRANSP.EMPLOYEEROLE ( KRONOS_ID, ROLE ) VALUES ( '602706','001');
INSERT INTO TRANSP.EMPLOYEEROLE ( KRONOS_ID, ROLE ) VALUES ( '602707','001');
INSERT INTO TRANSP.EMPLOYEEROLE ( KRONOS_ID, ROLE ) VALUES ( '602701','001');
INSERT INTO TRANSP.EMPLOYEEROLE ( KRONOS_ID, ROLE ) VALUES ( '602705','001');
INSERT INTO TRANSP.EMPLOYEEROLE ( KRONOS_ID, ROLE ) VALUES ( '602699','001');
INSERT INTO TRANSP.EMPLOYEEROLE ( KRONOS_ID, ROLE ) VALUES ( '602691','001');
INSERT INTO TRANSP.EMPLOYEEROLE ( KRONOS_ID, ROLE ) VALUES ( '602692','001');
INSERT INTO TRANSP.EMPLOYEEROLE ( KRONOS_ID, ROLE ) VALUES ( '602687','003');
INSERT INTO TRANSP.EMPLOYEEROLE ( KRONOS_ID, ROLE ) VALUES ( '602688','003');
INSERT INTO TRANSP.EMPLOYEEROLE ( KRONOS_ID, ROLE ) VALUES ( '602690','003');
INSERT INTO TRANSP.EMPLOYEEROLE ( KRONOS_ID, ROLE ) VALUES ( '602693','003');
INSERT INTO TRANSP.EMPLOYEEROLE ( KRONOS_ID, ROLE ) VALUES ( '602683','001');
INSERT INTO TRANSP.EMPLOYEEROLE ( KRONOS_ID, ROLE ) VALUES ( '7739','003');
INSERT INTO TRANSP.EMPLOYEEROLE ( KRONOS_ID, ROLE ) VALUES ( '3612','002');
INSERT INTO TRANSP.EMPLOYEEROLE ( KRONOS_ID, ROLE ) VALUES ( '602640','002');
INSERT INTO TRANSP.EMPLOYEEROLE ( KRONOS_ID, ROLE ) VALUES ( '602644','002');
INSERT INTO TRANSP.EMPLOYEEROLE ( KRONOS_ID, ROLE ) VALUES ( '602645','002');
INSERT INTO TRANSP.EMPLOYEEROLE ( KRONOS_ID, ROLE ) VALUES ( '602646','002');
INSERT INTO TRANSP.EMPLOYEEROLE ( KRONOS_ID, ROLE ) VALUES ( '602639','003');
INSERT INTO TRANSP.EMPLOYEEROLE ( KRONOS_ID, ROLE ) VALUES ( '602641','003');
INSERT INTO TRANSP.EMPLOYEEROLE ( KRONOS_ID, ROLE ) VALUES ( '602642','003');
INSERT INTO TRANSP.EMPLOYEEROLE ( KRONOS_ID, ROLE ) VALUES ( '602648','003');
INSERT INTO TRANSP.EMPLOYEEROLE ( KRONOS_ID, ROLE ) VALUES ( '1357','003');
INSERT INTO TRANSP.EMPLOYEEROLE ( KRONOS_ID, ROLE ) VALUES ( '602620','001');
INSERT INTO TRANSP.EMPLOYEEROLE ( KRONOS_ID, ROLE ) VALUES ( '602621','001');
INSERT INTO TRANSP.EMPLOYEEROLE ( KRONOS_ID, ROLE ) VALUES ( '602588','001');
INSERT INTO TRANSP.EMPLOYEEROLE ( KRONOS_ID, ROLE ) VALUES ( '602589','001');
INSERT INTO TRANSP.EMPLOYEEROLE ( KRONOS_ID, ROLE ) VALUES ( '602571','002');
INSERT INTO TRANSP.EMPLOYEEROLE ( KRONOS_ID, ROLE ) VALUES ( '602565','001');
INSERT INTO TRANSP.EMPLOYEEROLE ( KRONOS_ID, ROLE ) VALUES ( '602566','001');
INSERT INTO TRANSP.EMPLOYEEROLE ( KRONOS_ID, ROLE ) VALUES ( '602543','001');
INSERT INTO TRANSP.EMPLOYEEROLE ( KRONOS_ID, ROLE ) VALUES ( '602491','001');
INSERT INTO TRANSP.EMPLOYEEROLE ( KRONOS_ID, ROLE ) VALUES ( '602492','001');
INSERT INTO TRANSP.EMPLOYEEROLE ( KRONOS_ID, ROLE ) VALUES ( '602494','002');
INSERT INTO TRANSP.EMPLOYEEROLE ( KRONOS_ID, ROLE ) VALUES ( '602471','002');
INSERT INTO TRANSP.EMPLOYEEROLE ( KRONOS_ID, ROLE ) VALUES ( '602469','001');
INSERT INTO TRANSP.EMPLOYEEROLE ( KRONOS_ID, ROLE ) VALUES ( '602460','002');
INSERT INTO TRANSP.EMPLOYEEROLE ( KRONOS_ID, ROLE ) VALUES ( '602457','001');
INSERT INTO TRANSP.EMPLOYEEROLE ( KRONOS_ID, ROLE ) VALUES ( '602425','002');
INSERT INTO TRANSP.EMPLOYEEROLE ( KRONOS_ID, ROLE ) VALUES ( '602427','002');
INSERT INTO TRANSP.EMPLOYEEROLE ( KRONOS_ID, ROLE ) VALUES ( '602422','001');
INSERT INTO TRANSP.EMPLOYEEROLE ( KRONOS_ID, ROLE ) VALUES ( '602413','001');
INSERT INTO TRANSP.EMPLOYEEROLE ( KRONOS_ID, ROLE ) VALUES ( '602410','002');
INSERT INTO TRANSP.EMPLOYEEROLE ( KRONOS_ID, ROLE ) VALUES ( '602411','002');
INSERT INTO TRANSP.EMPLOYEEROLE ( KRONOS_ID, ROLE ) VALUES ( '602412','002');
INSERT INTO TRANSP.EMPLOYEEROLE ( KRONOS_ID, ROLE ) VALUES ( '602416','002');
INSERT INTO TRANSP.EMPLOYEEROLE ( KRONOS_ID, ROLE ) VALUES ( '602414','001');
INSERT INTO TRANSP.EMPLOYEEROLE ( KRONOS_ID, ROLE ) VALUES ( '602415','001');
INSERT INTO TRANSP.EMPLOYEEROLE ( KRONOS_ID, ROLE ) VALUES ( '602259','001');
INSERT INTO TRANSP.EMPLOYEEROLE ( KRONOS_ID, ROLE ) VALUES ( '602028','002');
INSERT INTO TRANSP.EMPLOYEEROLE ( KRONOS_ID, ROLE ) VALUES ( '602029','002');
INSERT INTO TRANSP.EMPLOYEEROLE ( KRONOS_ID, ROLE ) VALUES ( '602003','001');
INSERT INTO TRANSP.EMPLOYEEROLE ( KRONOS_ID, ROLE ) VALUES ( '601994','002');
INSERT INTO TRANSP.EMPLOYEEROLE ( KRONOS_ID, ROLE ) VALUES ( '601997','002');
INSERT INTO TRANSP.EMPLOYEEROLE ( KRONOS_ID, ROLE ) VALUES ( '601982','002');
INSERT INTO TRANSP.EMPLOYEEROLE ( KRONOS_ID, ROLE ) VALUES ( '601983','001');
INSERT INTO TRANSP.EMPLOYEEROLE ( KRONOS_ID, ROLE ) VALUES ( '601973','002');
INSERT INTO TRANSP.EMPLOYEEROLE ( KRONOS_ID, ROLE ) VALUES ( '601948','002');
INSERT INTO TRANSP.EMPLOYEEROLE ( KRONOS_ID, ROLE ) VALUES ( '601945','001');
INSERT INTO TRANSP.EMPLOYEEROLE ( KRONOS_ID, ROLE ) VALUES ( '601929','002');
INSERT INTO TRANSP.EMPLOYEEROLE ( KRONOS_ID, ROLE ) VALUES ( '601926','002');
INSERT INTO TRANSP.EMPLOYEEROLE ( KRONOS_ID, ROLE ) VALUES ( '601924','002');
INSERT INTO TRANSP.EMPLOYEEROLE ( KRONOS_ID, ROLE ) VALUES ( '601927','002');
INSERT INTO TRANSP.EMPLOYEEROLE ( KRONOS_ID, ROLE ) VALUES ( '601922','001');
INSERT INTO TRANSP.EMPLOYEEROLE ( KRONOS_ID, ROLE ) VALUES ( '601925','001');
INSERT INTO TRANSP.EMPLOYEEROLE ( KRONOS_ID, ROLE ) VALUES ( '601875','001');
INSERT INTO TRANSP.EMPLOYEEROLE ( KRONOS_ID, ROLE ) VALUES ( '601846','001');
INSERT INTO TRANSP.EMPLOYEEROLE ( KRONOS_ID, ROLE ) VALUES ( '601710','002');
INSERT INTO TRANSP.EMPLOYEEROLE ( KRONOS_ID, ROLE ) VALUES ( '601712','001');
INSERT INTO TRANSP.EMPLOYEEROLE ( KRONOS_ID, ROLE ) VALUES ( '601713','003');
INSERT INTO TRANSP.EMPLOYEEROLE ( KRONOS_ID, ROLE ) VALUES ( '601658','001');
INSERT INTO TRANSP.EMPLOYEEROLE ( KRONOS_ID, ROLE ) VALUES ( '601584','001');
INSERT INTO TRANSP.EMPLOYEEROLE ( KRONOS_ID, ROLE ) VALUES ( '601586','001');
INSERT INTO TRANSP.EMPLOYEEROLE ( KRONOS_ID, ROLE ) VALUES ( '601555','001');
INSERT INTO TRANSP.EMPLOYEEROLE ( KRONOS_ID, ROLE ) VALUES ( '601567','001');
INSERT INTO TRANSP.EMPLOYEEROLE ( KRONOS_ID, ROLE ) VALUES ( '601529','001');
INSERT INTO TRANSP.EMPLOYEEROLE ( KRONOS_ID, ROLE ) VALUES ( '601520','001');
INSERT INTO TRANSP.EMPLOYEEROLE ( KRONOS_ID, ROLE ) VALUES ( '601519','001');
INSERT INTO TRANSP.EMPLOYEEROLE ( KRONOS_ID, ROLE ) VALUES ( '601489','001');
INSERT INTO TRANSP.EMPLOYEEROLE ( KRONOS_ID, ROLE ) VALUES ( '601466','001');
INSERT INTO TRANSP.EMPLOYEEROLE ( KRONOS_ID, ROLE ) VALUES ( '601465','001');
INSERT INTO TRANSP.EMPLOYEEROLE ( KRONOS_ID, ROLE ) VALUES ( '601396','001');
INSERT INTO TRANSP.EMPLOYEEROLE ( KRONOS_ID, ROLE ) VALUES ( '601383','003');
INSERT INTO TRANSP.EMPLOYEEROLE ( KRONOS_ID, ROLE ) VALUES ( '601386','003');
INSERT INTO TRANSP.EMPLOYEEROLE ( KRONOS_ID, ROLE ) VALUES ( '601366','001');
INSERT INTO TRANSP.EMPLOYEEROLE ( KRONOS_ID, ROLE ) VALUES ( '601345','001');
INSERT INTO TRANSP.EMPLOYEEROLE ( KRONOS_ID, ROLE ) VALUES ( '601346','001');
INSERT INTO TRANSP.EMPLOYEEROLE ( KRONOS_ID, ROLE ) VALUES ( '601325','001');
INSERT INTO TRANSP.EMPLOYEEROLE ( KRONOS_ID, ROLE ) VALUES ( '601282','002');
INSERT INTO TRANSP.EMPLOYEEROLE ( KRONOS_ID, ROLE ) VALUES ( '601284','001');
INSERT INTO TRANSP.EMPLOYEEROLE ( KRONOS_ID, ROLE ) VALUES ( '601281','003');
INSERT INTO TRANSP.EMPLOYEEROLE ( KRONOS_ID, ROLE ) VALUES ( '601252','002');
INSERT INTO TRANSP.EMPLOYEEROLE ( KRONOS_ID, ROLE ) VALUES ( '601253','001');
INSERT INTO TRANSP.EMPLOYEEROLE ( KRONOS_ID, ROLE ) VALUES ( '601239','002');
INSERT INTO TRANSP.EMPLOYEEROLE ( KRONOS_ID, ROLE ) VALUES ( '601244','002');
INSERT INTO TRANSP.EMPLOYEEROLE ( KRONOS_ID, ROLE ) VALUES ( '601246','002');
INSERT INTO TRANSP.EMPLOYEEROLE ( KRONOS_ID, ROLE ) VALUES ( '601243','003');
INSERT INTO TRANSP.EMPLOYEEROLE ( KRONOS_ID, ROLE ) VALUES ( '601172','002');
INSERT INTO TRANSP.EMPLOYEEROLE ( KRONOS_ID, ROLE ) VALUES ( '601179','003');
INSERT INTO TRANSP.EMPLOYEEROLE ( KRONOS_ID, ROLE ) VALUES ( '601100','001');
INSERT INTO TRANSP.EMPLOYEEROLE ( KRONOS_ID, ROLE ) VALUES ( '601105','001');
INSERT INTO TRANSP.EMPLOYEEROLE ( KRONOS_ID, ROLE ) VALUES ( '601106','002');
INSERT INTO TRANSP.EMPLOYEEROLE ( KRONOS_ID, ROLE ) VALUES ( '601087','001');
INSERT INTO TRANSP.EMPLOYEEROLE ( KRONOS_ID, ROLE ) VALUES ( '601093','001');
INSERT INTO TRANSP.EMPLOYEEROLE ( KRONOS_ID, ROLE ) VALUES ( '601090','001');
INSERT INTO TRANSP.EMPLOYEEROLE ( KRONOS_ID, ROLE ) VALUES ( '601092','001');
INSERT INTO TRANSP.EMPLOYEEROLE ( KRONOS_ID, ROLE ) VALUES ( '601089','003');
INSERT INTO TRANSP.EMPLOYEEROLE ( KRONOS_ID, ROLE ) VALUES ( '601051','001');
INSERT INTO TRANSP.EMPLOYEEROLE ( KRONOS_ID, ROLE ) VALUES ( '601049','002');
INSERT INTO TRANSP.EMPLOYEEROLE ( KRONOS_ID, ROLE ) VALUES ( '601048','003');
INSERT INTO TRANSP.EMPLOYEEROLE ( KRONOS_ID, ROLE ) VALUES ( '601057','003');
INSERT INTO TRANSP.EMPLOYEEROLE ( KRONOS_ID, ROLE ) VALUES ( '601001','001');
INSERT INTO TRANSP.EMPLOYEEROLE ( KRONOS_ID, ROLE ) VALUES ( '601004','001');
INSERT INTO TRANSP.EMPLOYEEROLE ( KRONOS_ID, ROLE ) VALUES ( '600977','001');
INSERT INTO TRANSP.EMPLOYEEROLE ( KRONOS_ID, ROLE ) VALUES ( '600950','001');
INSERT INTO TRANSP.EMPLOYEEROLE ( KRONOS_ID, ROLE ) VALUES ( '600979','001');
INSERT INTO TRANSP.EMPLOYEEROLE ( KRONOS_ID, ROLE ) VALUES ( '600937','001');
INSERT INTO TRANSP.EMPLOYEEROLE ( KRONOS_ID, ROLE ) VALUES ( '600945','001');
INSERT INTO TRANSP.EMPLOYEEROLE ( KRONOS_ID, ROLE ) VALUES ( '600924','001');
INSERT INTO TRANSP.EMPLOYEEROLE ( KRONOS_ID, ROLE ) VALUES ( '600931','003');
INSERT INTO TRANSP.EMPLOYEEROLE ( KRONOS_ID, ROLE ) VALUES ( '600902','001');
INSERT INTO TRANSP.EMPLOYEEROLE ( KRONOS_ID, ROLE ) VALUES ( '600881','001');
INSERT INTO TRANSP.EMPLOYEEROLE ( KRONOS_ID, ROLE ) VALUES ( '600877','001');
INSERT INTO TRANSP.EMPLOYEEROLE ( KRONOS_ID, ROLE ) VALUES ( '600885','001');
INSERT INTO TRANSP.EMPLOYEEROLE ( KRONOS_ID, ROLE ) VALUES ( '600848','001');
INSERT INTO TRANSP.EMPLOYEEROLE ( KRONOS_ID, ROLE ) VALUES ( '600853','002');
INSERT INTO TRANSP.EMPLOYEEROLE ( KRONOS_ID, ROLE ) VALUES ( '600854','002');
INSERT INTO TRANSP.EMPLOYEEROLE ( KRONOS_ID, ROLE ) VALUES ( '600832','001');
INSERT INTO TRANSP.EMPLOYEEROLE ( KRONOS_ID, ROLE ) VALUES ( '600776','001');
INSERT INTO TRANSP.EMPLOYEEROLE ( KRONOS_ID, ROLE ) VALUES ( '600777','001');
INSERT INTO TRANSP.EMPLOYEEROLE ( KRONOS_ID, ROLE ) VALUES ( '600782','001');
INSERT INTO TRANSP.EMPLOYEEROLE ( KRONOS_ID, ROLE ) VALUES ( '600772','002');
INSERT INTO TRANSP.EMPLOYEEROLE ( KRONOS_ID, ROLE ) VALUES ( '600778','002');
INSERT INTO TRANSP.EMPLOYEEROLE ( KRONOS_ID, ROLE ) VALUES ( '600770','001');
INSERT INTO TRANSP.EMPLOYEEROLE ( KRONOS_ID, ROLE ) VALUES ( '600760','001');
INSERT INTO TRANSP.EMPLOYEEROLE ( KRONOS_ID, ROLE ) VALUES ( '600762','001');
INSERT INTO TRANSP.EMPLOYEEROLE ( KRONOS_ID, ROLE ) VALUES ( '600708','001');
INSERT INTO TRANSP.EMPLOYEEROLE ( KRONOS_ID, ROLE ) VALUES ( '600696','001');
INSERT INTO TRANSP.EMPLOYEEROLE ( KRONOS_ID, ROLE ) VALUES ( '600682','003');
INSERT INTO TRANSP.EMPLOYEEROLE ( KRONOS_ID, ROLE ) VALUES ( '600703','003');
INSERT INTO TRANSP.EMPLOYEEROLE ( KRONOS_ID, ROLE ) VALUES ( '600655','001');
INSERT INTO TRANSP.EMPLOYEEROLE ( KRONOS_ID, ROLE ) VALUES ( '600656','001');
INSERT INTO TRANSP.EMPLOYEEROLE ( KRONOS_ID, ROLE ) VALUES ( '600618','001');
INSERT INTO TRANSP.EMPLOYEEROLE ( KRONOS_ID, ROLE ) VALUES ( '600609','001');
INSERT INTO TRANSP.EMPLOYEEROLE ( KRONOS_ID, ROLE ) VALUES ( '600613','002');
INSERT INTO TRANSP.EMPLOYEEROLE ( KRONOS_ID, ROLE ) VALUES ( '600614','002');
INSERT INTO TRANSP.EMPLOYEEROLE ( KRONOS_ID, ROLE ) VALUES ( '600566','001');
INSERT INTO TRANSP.EMPLOYEEROLE ( KRONOS_ID, ROLE ) VALUES ( '600575','002');
INSERT INTO TRANSP.EMPLOYEEROLE ( KRONOS_ID, ROLE ) VALUES ( '600579','002');
INSERT INTO TRANSP.EMPLOYEEROLE ( KRONOS_ID, ROLE ) VALUES ( '600580','002');
INSERT INTO TRANSP.EMPLOYEEROLE ( KRONOS_ID, ROLE ) VALUES ( '600571','003');
INSERT INTO TRANSP.EMPLOYEEROLE ( KRONOS_ID, ROLE ) VALUES ( '600512','002');
INSERT INTO TRANSP.EMPLOYEEROLE ( KRONOS_ID, ROLE ) VALUES ( '600514','002');
INSERT INTO TRANSP.EMPLOYEEROLE ( KRONOS_ID, ROLE ) VALUES ( '600509','001');
INSERT INTO TRANSP.EMPLOYEEROLE ( KRONOS_ID, ROLE ) VALUES ( '600469','001');
INSERT INTO TRANSP.EMPLOYEEROLE ( KRONOS_ID, ROLE ) VALUES ( '600480','003');
INSERT INTO TRANSP.EMPLOYEEROLE ( KRONOS_ID, ROLE ) VALUES ( '600418','002');
INSERT INTO TRANSP.EMPLOYEEROLE ( KRONOS_ID, ROLE ) VALUES ( '600420','001');
INSERT INTO TRANSP.EMPLOYEEROLE ( KRONOS_ID, ROLE ) VALUES ( '600267','001');
INSERT INTO TRANSP.EMPLOYEEROLE ( KRONOS_ID, ROLE ) VALUES ( '600235','001');
INSERT INTO TRANSP.EMPLOYEEROLE ( KRONOS_ID, ROLE ) VALUES ( '600189','001');
INSERT INTO TRANSP.EMPLOYEEROLE ( KRONOS_ID, ROLE ) VALUES ( '600191','001');
INSERT INTO TRANSP.EMPLOYEEROLE ( KRONOS_ID, ROLE ) VALUES ( '600117','002');
INSERT INTO TRANSP.EMPLOYEEROLE ( KRONOS_ID, ROLE ) VALUES ( '600121','001');
INSERT INTO TRANSP.EMPLOYEEROLE ( KRONOS_ID, ROLE ) VALUES ( '600100','003');
INSERT INTO TRANSP.EMPLOYEEROLE ( KRONOS_ID, ROLE ) VALUES ( '600088','001');
INSERT INTO TRANSP.EMPLOYEEROLE ( KRONOS_ID, ROLE ) VALUES ( '600071','001');
INSERT INTO TRANSP.EMPLOYEEROLE ( KRONOS_ID, ROLE ) VALUES ( '600068','001');
INSERT INTO TRANSP.EMPLOYEEROLE ( KRONOS_ID, ROLE ) VALUES ( '600050','001');
INSERT INTO TRANSP.EMPLOYEEROLE ( KRONOS_ID, ROLE ) VALUES ( '600051','001');
INSERT INTO TRANSP.EMPLOYEEROLE ( KRONOS_ID, ROLE ) VALUES ( '600052','002');
INSERT INTO TRANSP.EMPLOYEEROLE ( KRONOS_ID, ROLE ) VALUES ( '501680','001');
INSERT INTO TRANSP.EMPLOYEEROLE ( KRONOS_ID, ROLE ) VALUES ( '501675','002');
INSERT INTO TRANSP.EMPLOYEEROLE ( KRONOS_ID, ROLE ) VALUES ( '501600','002');
INSERT INTO TRANSP.EMPLOYEEROLE ( KRONOS_ID, ROLE ) VALUES ( '501572','001');
INSERT INTO TRANSP.EMPLOYEEROLE ( KRONOS_ID, ROLE ) VALUES ( '501596','001');
INSERT INTO TRANSP.EMPLOYEEROLE ( KRONOS_ID, ROLE ) VALUES ( '501593','001');
INSERT INTO TRANSP.EMPLOYEEROLE ( KRONOS_ID, ROLE ) VALUES ( '501594','003');
INSERT INTO TRANSP.EMPLOYEEROLE ( KRONOS_ID, ROLE ) VALUES ( '501105','001');
INSERT INTO TRANSP.EMPLOYEEROLE ( KRONOS_ID, ROLE ) VALUES ( '501582','002');
INSERT INTO TRANSP.EMPLOYEEROLE ( KRONOS_ID, ROLE ) VALUES ( '501098','002');
INSERT INTO TRANSP.EMPLOYEEROLE ( KRONOS_ID, ROLE ) VALUES ( '501103','002');
INSERT INTO TRANSP.EMPLOYEEROLE ( KRONOS_ID, ROLE ) VALUES ( '501100','001');
INSERT INTO TRANSP.EMPLOYEEROLE ( KRONOS_ID, ROLE ) VALUES ( '501102','003');
INSERT INTO TRANSP.EMPLOYEEROLE ( KRONOS_ID, ROLE ) VALUES ( '501087','001');
INSERT INTO TRANSP.EMPLOYEEROLE ( KRONOS_ID, ROLE ) VALUES ( '501077','002');
INSERT INTO TRANSP.EMPLOYEEROLE ( KRONOS_ID, ROLE ) VALUES ( '105056','002');
INSERT INTO TRANSP.EMPLOYEEROLE ( KRONOS_ID, ROLE ) VALUES ( '601061','001');
INSERT INTO TRANSP.EMPLOYEEROLE ( KRONOS_ID, ROLE ) VALUES ( '105051','003');
INSERT INTO TRANSP.EMPLOYEEROLE ( KRONOS_ID, ROLE ) VALUES ( '501065','002');
INSERT INTO TRANSP.EMPLOYEEROLE ( KRONOS_ID, ROLE ) VALUES ( '501059','001');
INSERT INTO TRANSP.EMPLOYEEROLE ( KRONOS_ID, ROLE ) VALUES ( '501060','003');
INSERT INTO TRANSP.EMPLOYEEROLE ( KRONOS_ID, ROLE ) VALUES ( '501055','002');
INSERT INTO TRANSP.EMPLOYEEROLE ( KRONOS_ID, ROLE ) VALUES ( '501052','002');
INSERT INTO TRANSP.EMPLOYEEROLE ( KRONOS_ID, ROLE ) VALUES ( '501056','001');
INSERT INTO TRANSP.EMPLOYEEROLE ( KRONOS_ID, ROLE ) VALUES ( '501046','002');
INSERT INTO TRANSP.EMPLOYEEROLE ( KRONOS_ID, ROLE ) VALUES ( '501042','001');
INSERT INTO TRANSP.EMPLOYEEROLE ( KRONOS_ID, ROLE ) VALUES ( '501026','003');
INSERT INTO TRANSP.EMPLOYEEROLE ( KRONOS_ID, ROLE ) VALUES ( '104675','001');
INSERT INTO TRANSP.EMPLOYEEROLE ( KRONOS_ID, ROLE ) VALUES ( '104579','002');
INSERT INTO TRANSP.EMPLOYEEROLE ( KRONOS_ID, ROLE ) VALUES ( '104588','002');
INSERT INTO TRANSP.EMPLOYEEROLE ( KRONOS_ID, ROLE ) VALUES ( '501008','002');
INSERT INTO TRANSP.EMPLOYEEROLE ( KRONOS_ID, ROLE ) VALUES ( '501001','001');
INSERT INTO TRANSP.EMPLOYEEROLE ( KRONOS_ID, ROLE ) VALUES ( '500996','001');
INSERT INTO TRANSP.EMPLOYEEROLE ( KRONOS_ID, ROLE ) VALUES ( '500995','003');
INSERT INTO TRANSP.EMPLOYEEROLE ( KRONOS_ID, ROLE ) VALUES ( '500975','002');
INSERT INTO TRANSP.EMPLOYEEROLE ( KRONOS_ID, ROLE ) VALUES ( '500981','002');
INSERT INTO TRANSP.EMPLOYEEROLE ( KRONOS_ID, ROLE ) VALUES ( '500984','001');
INSERT INTO TRANSP.EMPLOYEEROLE ( KRONOS_ID, ROLE ) VALUES ( '500966','001');
INSERT INTO TRANSP.EMPLOYEEROLE ( KRONOS_ID, ROLE ) VALUES ( '500965','002');
INSERT INTO TRANSP.EMPLOYEEROLE ( KRONOS_ID, ROLE ) VALUES ( '500945','002');
INSERT INTO TRANSP.EMPLOYEEROLE ( KRONOS_ID, ROLE ) VALUES ( '500946','001');
INSERT INTO TRANSP.EMPLOYEEROLE ( KRONOS_ID, ROLE ) VALUES ( '500951','003');
INSERT INTO TRANSP.EMPLOYEEROLE ( KRONOS_ID, ROLE ) VALUES ( '500954','003');
INSERT INTO TRANSP.EMPLOYEEROLE ( KRONOS_ID, ROLE ) VALUES ( '500941','001');
INSERT INTO TRANSP.EMPLOYEEROLE ( KRONOS_ID, ROLE ) VALUES ( '500942','003');
INSERT INTO TRANSP.EMPLOYEEROLE ( KRONOS_ID, ROLE ) VALUES ( '500935','001');
INSERT INTO TRANSP.EMPLOYEEROLE ( KRONOS_ID, ROLE ) VALUES ( '500933','003');
INSERT INTO TRANSP.EMPLOYEEROLE ( KRONOS_ID, ROLE ) VALUES ( '500937','003');
INSERT INTO TRANSP.EMPLOYEEROLE ( KRONOS_ID, ROLE ) VALUES ( '500926','001');
INSERT INTO TRANSP.EMPLOYEEROLE ( KRONOS_ID, ROLE ) VALUES ( '500927','001');
INSERT INTO TRANSP.EMPLOYEEROLE ( KRONOS_ID, ROLE ) VALUES ( '500929','002');
INSERT INTO TRANSP.EMPLOYEEROLE ( KRONOS_ID, ROLE ) VALUES ( '500919','001');
INSERT INTO TRANSP.EMPLOYEEROLE ( KRONOS_ID, ROLE ) VALUES ( '500904','001');
INSERT INTO TRANSP.EMPLOYEEROLE ( KRONOS_ID, ROLE ) VALUES ( '500908','001');
INSERT INTO TRANSP.EMPLOYEEROLE ( KRONOS_ID, ROLE ) VALUES ( '500894','001');
INSERT INTO TRANSP.EMPLOYEEROLE ( KRONOS_ID, ROLE ) VALUES ( '500883','001');
INSERT INTO TRANSP.EMPLOYEEROLE ( KRONOS_ID, ROLE ) VALUES ( '500879','001');
INSERT INTO TRANSP.EMPLOYEEROLE ( KRONOS_ID, ROLE ) VALUES ( '500843','001');
INSERT INTO TRANSP.EMPLOYEEROLE ( KRONOS_ID, ROLE ) VALUES ( '500844','001');
INSERT INTO TRANSP.EMPLOYEEROLE ( KRONOS_ID, ROLE ) VALUES ( '500842','001');
INSERT INTO TRANSP.EMPLOYEEROLE ( KRONOS_ID, ROLE ) VALUES ( '500835','001');
INSERT INTO TRANSP.EMPLOYEEROLE ( KRONOS_ID, ROLE ) VALUES ( '501015','002');
INSERT INTO TRANSP.EMPLOYEEROLE ( KRONOS_ID, ROLE ) VALUES ( '500836','001');
INSERT INTO TRANSP.EMPLOYEEROLE ( KRONOS_ID, ROLE ) VALUES ( '500826','001');
INSERT INTO TRANSP.EMPLOYEEROLE ( KRONOS_ID, ROLE ) VALUES ( '500831','001');
INSERT INTO TRANSP.EMPLOYEEROLE ( KRONOS_ID, ROLE ) VALUES ( '500832','001');
INSERT INTO TRANSP.EMPLOYEEROLE ( KRONOS_ID, ROLE ) VALUES ( '500479','002');
INSERT INTO TRANSP.EMPLOYEEROLE ( KRONOS_ID, ROLE ) VALUES ( '500822','002');
INSERT INTO TRANSP.EMPLOYEEROLE ( KRONOS_ID, ROLE ) VALUES ( '500821','001');
INSERT INTO TRANSP.EMPLOYEEROLE ( KRONOS_ID, ROLE ) VALUES ( '500813','002');
INSERT INTO TRANSP.EMPLOYEEROLE ( KRONOS_ID, ROLE ) VALUES ( '500806','001');
INSERT INTO TRANSP.EMPLOYEEROLE ( KRONOS_ID, ROLE ) VALUES ( '500796','002');
INSERT INTO TRANSP.EMPLOYEEROLE ( KRONOS_ID, ROLE ) VALUES ( '500799','002');
INSERT INTO TRANSP.EMPLOYEEROLE ( KRONOS_ID, ROLE ) VALUES ( '500794','001');
INSERT INTO TRANSP.EMPLOYEEROLE ( KRONOS_ID, ROLE ) VALUES ( '500798','001');
INSERT INTO TRANSP.EMPLOYEEROLE ( KRONOS_ID, ROLE ) VALUES ( '501027','002');
INSERT INTO TRANSP.EMPLOYEEROLE ( KRONOS_ID, ROLE ) VALUES ( '500793','001');
INSERT INTO TRANSP.EMPLOYEEROLE ( KRONOS_ID, ROLE ) VALUES ( '500779','001');
INSERT INTO TRANSP.EMPLOYEEROLE ( KRONOS_ID, ROLE ) VALUES ( '500784','001');
INSERT INTO TRANSP.EMPLOYEEROLE ( KRONOS_ID, ROLE ) VALUES ( '500786','003');
INSERT INTO TRANSP.EMPLOYEEROLE ( KRONOS_ID, ROLE ) VALUES ( '500770','002');
INSERT INTO TRANSP.EMPLOYEEROLE ( KRONOS_ID, ROLE ) VALUES ( '500774','002');
INSERT INTO TRANSP.EMPLOYEEROLE ( KRONOS_ID, ROLE ) VALUES ( '500758','001');
INSERT INTO TRANSP.EMPLOYEEROLE ( KRONOS_ID, ROLE ) VALUES ( '500759','001');
INSERT INTO TRANSP.EMPLOYEEROLE ( KRONOS_ID, ROLE ) VALUES ( '500751','002');
INSERT INTO TRANSP.EMPLOYEEROLE ( KRONOS_ID, ROLE ) VALUES ( '500747','003');
INSERT INTO TRANSP.EMPLOYEEROLE ( KRONOS_ID, ROLE ) VALUES ( '500750','003');
INSERT INTO TRANSP.EMPLOYEEROLE ( KRONOS_ID, ROLE ) VALUES ( '500739','001');
INSERT INTO TRANSP.EMPLOYEEROLE ( KRONOS_ID, ROLE ) VALUES ( '500721','003');
INSERT INTO TRANSP.EMPLOYEEROLE ( KRONOS_ID, ROLE ) VALUES ( '500717','002');
INSERT INTO TRANSP.EMPLOYEEROLE ( KRONOS_ID, ROLE ) VALUES ( '500715','002');
INSERT INTO TRANSP.EMPLOYEEROLE ( KRONOS_ID, ROLE ) VALUES ( '500864','003');
INSERT INTO TRANSP.EMPLOYEEROLE ( KRONOS_ID, ROLE ) VALUES ( '500710','001');
INSERT INTO TRANSP.EMPLOYEEROLE ( KRONOS_ID, ROLE ) VALUES ( '500705','002');
INSERT INTO TRANSP.EMPLOYEEROLE ( KRONOS_ID, ROLE ) VALUES ( '500699','002');
INSERT INTO TRANSP.EMPLOYEEROLE ( KRONOS_ID, ROLE ) VALUES ( '602439','002');
INSERT INTO TRANSP.EMPLOYEEROLE ( KRONOS_ID, ROLE ) VALUES ( '500693','003');
INSERT INTO TRANSP.EMPLOYEEROLE ( KRONOS_ID, ROLE ) VALUES ( '500686','002');
INSERT INTO TRANSP.EMPLOYEEROLE ( KRONOS_ID, ROLE ) VALUES ( '500680','002');
INSERT INTO TRANSP.EMPLOYEEROLE ( KRONOS_ID, ROLE ) VALUES ( '500671','002');
INSERT INTO TRANSP.EMPLOYEEROLE ( KRONOS_ID, ROLE ) VALUES ( '500672','003');
INSERT INTO TRANSP.EMPLOYEEROLE ( KRONOS_ID, ROLE ) VALUES ( '500666','001');
INSERT INTO TRANSP.EMPLOYEEROLE ( KRONOS_ID, ROLE ) VALUES ( '500661','001');
INSERT INTO TRANSP.EMPLOYEEROLE ( KRONOS_ID, ROLE ) VALUES ( '500660','003');
INSERT INTO TRANSP.EMPLOYEEROLE ( KRONOS_ID, ROLE ) VALUES ( '500648','002');
INSERT INTO TRANSP.EMPLOYEEROLE ( KRONOS_ID, ROLE ) VALUES ( '500644','002');
INSERT INTO TRANSP.EMPLOYEEROLE ( KRONOS_ID, ROLE ) VALUES ( '500647','002');
INSERT INTO TRANSP.EMPLOYEEROLE ( KRONOS_ID, ROLE ) VALUES ( '500645','003');
INSERT INTO TRANSP.EMPLOYEEROLE ( KRONOS_ID, ROLE ) VALUES ( '500803','001');
INSERT INTO TRANSP.EMPLOYEEROLE ( KRONOS_ID, ROLE ) VALUES ( '500637','001');
INSERT INTO TRANSP.EMPLOYEEROLE ( KRONOS_ID, ROLE ) VALUES ( '500619','001');
INSERT INTO TRANSP.EMPLOYEEROLE ( KRONOS_ID, ROLE ) VALUES ( '500591','001');
INSERT INTO TRANSP.EMPLOYEEROLE ( KRONOS_ID, ROLE ) VALUES ( '500702','002');
INSERT INTO TRANSP.EMPLOYEEROLE ( KRONOS_ID, ROLE ) VALUES ( '500063','002');
INSERT INTO TRANSP.EMPLOYEEROLE ( KRONOS_ID, ROLE ) VALUES ( '500563','002');
INSERT INTO TRANSP.EMPLOYEEROLE ( KRONOS_ID, ROLE ) VALUES ( '500560','001');
INSERT INTO TRANSP.EMPLOYEEROLE ( KRONOS_ID, ROLE ) VALUES ( '500559','001');
INSERT INTO TRANSP.EMPLOYEEROLE ( KRONOS_ID, ROLE ) VALUES ( '500547','001');
INSERT INTO TRANSP.EMPLOYEEROLE ( KRONOS_ID, ROLE ) VALUES ( '102131','002');
INSERT INTO TRANSP.EMPLOYEEROLE ( KRONOS_ID, ROLE ) VALUES ( '500538','002');
INSERT INTO TRANSP.EMPLOYEEROLE ( KRONOS_ID, ROLE ) VALUES ( '500534','001');
INSERT INTO TRANSP.EMPLOYEEROLE ( KRONOS_ID, ROLE ) VALUES ( '500519','001');
INSERT INTO TRANSP.EMPLOYEEROLE ( KRONOS_ID, ROLE ) VALUES ( '500503','001');
INSERT INTO TRANSP.EMPLOYEEROLE ( KRONOS_ID, ROLE ) VALUES ( '500510','001');
INSERT INTO TRANSP.EMPLOYEEROLE ( KRONOS_ID, ROLE ) VALUES ( '500507','001');
INSERT INTO TRANSP.EMPLOYEEROLE ( KRONOS_ID, ROLE ) VALUES ( '500501','001');
INSERT INTO TRANSP.EMPLOYEEROLE ( KRONOS_ID, ROLE ) VALUES ( '500493','001');
INSERT INTO TRANSP.EMPLOYEEROLE ( KRONOS_ID, ROLE ) VALUES ( '500491','001');
INSERT INTO TRANSP.EMPLOYEEROLE ( KRONOS_ID, ROLE ) VALUES ( '500490','001');
INSERT INTO TRANSP.EMPLOYEEROLE ( KRONOS_ID, ROLE ) VALUES ( '500472','002');
INSERT INTO TRANSP.EMPLOYEEROLE ( KRONOS_ID, ROLE ) VALUES ( '500488','001');
INSERT INTO TRANSP.EMPLOYEEROLE ( KRONOS_ID, ROLE ) VALUES ( '500467','001');
INSERT INTO TRANSP.EMPLOYEEROLE ( KRONOS_ID, ROLE ) VALUES ( '500453','002');
INSERT INTO TRANSP.EMPLOYEEROLE ( KRONOS_ID, ROLE ) VALUES ( '500429','001');
INSERT INTO TRANSP.EMPLOYEEROLE ( KRONOS_ID, ROLE ) VALUES ( '500431','002');
INSERT INTO TRANSP.EMPLOYEEROLE ( KRONOS_ID, ROLE ) VALUES ( '500437','002');
INSERT INTO TRANSP.EMPLOYEEROLE ( KRONOS_ID, ROLE ) VALUES ( '500442','002');
INSERT INTO TRANSP.EMPLOYEEROLE ( KRONOS_ID, ROLE ) VALUES ( '500443','002');
INSERT INTO TRANSP.EMPLOYEEROLE ( KRONOS_ID, ROLE ) VALUES ( '500444','001');
INSERT INTO TRANSP.EMPLOYEEROLE ( KRONOS_ID, ROLE ) VALUES ( '500427','001');
INSERT INTO TRANSP.EMPLOYEEROLE ( KRONOS_ID, ROLE ) VALUES ( '500419','002');
INSERT INTO TRANSP.EMPLOYEEROLE ( KRONOS_ID, ROLE ) VALUES ( '500399','003');
INSERT INTO TRANSP.EMPLOYEEROLE ( KRONOS_ID, ROLE ) VALUES ( '500392','001');
INSERT INTO TRANSP.EMPLOYEEROLE ( KRONOS_ID, ROLE ) VALUES ( '500382','002');
INSERT INTO TRANSP.EMPLOYEEROLE ( KRONOS_ID, ROLE ) VALUES ( '500372','001');
INSERT INTO TRANSP.EMPLOYEEROLE ( KRONOS_ID, ROLE ) VALUES ( '500375','001');
INSERT INTO TRANSP.EMPLOYEEROLE ( KRONOS_ID, ROLE ) VALUES ( '500368','002');
INSERT INTO TRANSP.EMPLOYEEROLE ( KRONOS_ID, ROLE ) VALUES ( '500369','002');
INSERT INTO TRANSP.EMPLOYEEROLE ( KRONOS_ID, ROLE ) VALUES ( '500561','002');
INSERT INTO TRANSP.EMPLOYEEROLE ( KRONOS_ID, ROLE ) VALUES ( '500346','002');
INSERT INTO TRANSP.EMPLOYEEROLE ( KRONOS_ID, ROLE ) VALUES ( '500349','002');
INSERT INTO TRANSP.EMPLOYEEROLE ( KRONOS_ID, ROLE ) VALUES ( '500315','002');
INSERT INTO TRANSP.EMPLOYEEROLE ( KRONOS_ID, ROLE ) VALUES ( '500290','002');
INSERT INTO TRANSP.EMPLOYEEROLE ( KRONOS_ID, ROLE ) VALUES ( '500289','001');
INSERT INTO TRANSP.EMPLOYEEROLE ( KRONOS_ID, ROLE ) VALUES ( '500342','001');
INSERT INTO TRANSP.EMPLOYEEROLE ( KRONOS_ID, ROLE ) VALUES ( '500280','001');
INSERT INTO TRANSP.EMPLOYEEROLE ( KRONOS_ID, ROLE ) VALUES ( '500279','002');
INSERT INTO TRANSP.EMPLOYEEROLE ( KRONOS_ID, ROLE ) VALUES ( '500281','002');
INSERT INTO TRANSP.EMPLOYEEROLE ( KRONOS_ID, ROLE ) VALUES ( '500286','002');
INSERT INTO TRANSP.EMPLOYEEROLE ( KRONOS_ID, ROLE ) VALUES ( '500264','002');
INSERT INTO TRANSP.EMPLOYEEROLE ( KRONOS_ID, ROLE ) VALUES ( '500254','001');
INSERT INTO TRANSP.EMPLOYEEROLE ( KRONOS_ID, ROLE ) VALUES ( '500260','001');
INSERT INTO TRANSP.EMPLOYEEROLE ( KRONOS_ID, ROLE ) VALUES ( '500236','001');
INSERT INTO TRANSP.EMPLOYEEROLE ( KRONOS_ID, ROLE ) VALUES ( '500241','001');
INSERT INTO TRANSP.EMPLOYEEROLE ( KRONOS_ID, ROLE ) VALUES ( '500213','002');
INSERT INTO TRANSP.EMPLOYEEROLE ( KRONOS_ID, ROLE ) VALUES ( '500183','002');
INSERT INTO TRANSP.EMPLOYEEROLE ( KRONOS_ID, ROLE ) VALUES ( '101151','002');
INSERT INTO TRANSP.EMPLOYEEROLE ( KRONOS_ID, ROLE ) VALUES ( '500150','001');
INSERT INTO TRANSP.EMPLOYEEROLE ( KRONOS_ID, ROLE ) VALUES ( '500139','001');
INSERT INTO TRANSP.EMPLOYEEROLE ( KRONOS_ID, ROLE ) VALUES ( '500143','001');
INSERT INTO TRANSP.EMPLOYEEROLE ( KRONOS_ID, ROLE ) VALUES ( '500142','001');
INSERT INTO TRANSP.EMPLOYEEROLE ( KRONOS_ID, ROLE ) VALUES ( '100995','002');
INSERT INTO TRANSP.EMPLOYEEROLE ( KRONOS_ID, ROLE ) VALUES ( '500122','001');
INSERT INTO TRANSP.EMPLOYEEROLE ( KRONOS_ID, ROLE ) VALUES ( '500124','001');
INSERT INTO TRANSP.EMPLOYEEROLE ( KRONOS_ID, ROLE ) VALUES ( '500084','002');
INSERT INTO TRANSP.EMPLOYEEROLE ( KRONOS_ID, ROLE ) VALUES ( '500085','001');
INSERT INTO TRANSP.EMPLOYEEROLE ( KRONOS_ID, ROLE ) VALUES ( '500073','001');
INSERT INTO TRANSP.EMPLOYEEROLE ( KRONOS_ID, ROLE ) VALUES ( '500062','002');
INSERT INTO TRANSP.EMPLOYEEROLE ( KRONOS_ID, ROLE ) VALUES ( '500047','001');
INSERT INTO TRANSP.EMPLOYEEROLE ( KRONOS_ID, ROLE ) VALUES ( '500051','001');
INSERT INTO TRANSP.EMPLOYEEROLE ( KRONOS_ID, ROLE ) VALUES ( '500039','001');
INSERT INTO TRANSP.EMPLOYEEROLE ( KRONOS_ID, ROLE ) VALUES ( '500020','001');
INSERT INTO TRANSP.EMPLOYEEROLE ( KRONOS_ID, ROLE ) VALUES ( '500021','001');
INSERT INTO TRANSP.EMPLOYEEROLE ( KRONOS_ID, ROLE ) VALUES ( '500023','001');
INSERT INTO TRANSP.EMPLOYEEROLE ( KRONOS_ID, ROLE ) VALUES ( '500010','001');




