INSERT INTO cust.ss_site_feature (id, title, smart_saving) VALUES ('PROD_GRP_POPULAR', 'Product Group Popular', 0);
INSERT INTO cust.ss_site_feature (id, title, smart_saving) VALUES ('PROD_GRP_YF', 'Product Group Your Favorites', 0);

INSERT INTO cust.ss_variants (id, feature, type) VALUES ('prod-grp-pop-1', 'PROD_GRP_POPULAR', 'scripted');
INSERT INTO cust.ss_variants (id, feature, type) VALUES ('prod-grp-yf-1', 'PROD_GRP_YF', 'scripted');

INSERT INTO CUST.SS_VARIANT_ASSIGNMENT (cohort_id, "DATE", variant_id) VALUES ('C1', sysdate, 'prod-grp-pop-1');
INSERT INTO CUST.SS_VARIANT_ASSIGNMENT (cohort_id, "DATE", variant_id) VALUES ('C2', sysdate, 'prod-grp-pop-1');
INSERT INTO CUST.SS_VARIANT_ASSIGNMENT (cohort_id, "DATE", variant_id) VALUES ('C3', sysdate, 'prod-grp-pop-1');
INSERT INTO CUST.SS_VARIANT_ASSIGNMENT (cohort_id, "DATE", variant_id) VALUES ('C4', sysdate, 'prod-grp-pop-1');
INSERT INTO CUST.SS_VARIANT_ASSIGNMENT (cohort_id, "DATE", variant_id) VALUES ('C5', sysdate, 'prod-grp-pop-1');
INSERT INTO CUST.SS_VARIANT_ASSIGNMENT (cohort_id, "DATE", variant_id) VALUES ('C6', sysdate, 'prod-grp-pop-1');
INSERT INTO CUST.SS_VARIANT_ASSIGNMENT (cohort_id, "DATE", variant_id) VALUES ('C7', sysdate, 'prod-grp-pop-1');
INSERT INTO CUST.SS_VARIANT_ASSIGNMENT (cohort_id, "DATE", variant_id) VALUES ('C8', sysdate, 'prod-grp-pop-1');
INSERT INTO CUST.SS_VARIANT_ASSIGNMENT (cohort_id, "DATE", variant_id) VALUES ('C9', sysdate, 'prod-grp-pop-1');
INSERT INTO CUST.SS_VARIANT_ASSIGNMENT (cohort_id, "DATE", variant_id) VALUES ('C10', sysdate, 'prod-grp-pop-1');
INSERT INTO CUST.SS_VARIANT_ASSIGNMENT (cohort_id, "DATE", variant_id) VALUES ('C11', sysdate, 'prod-grp-pop-1');
INSERT INTO CUST.SS_VARIANT_ASSIGNMENT (cohort_id, "DATE", variant_id) VALUES ('C12', sysdate, 'prod-grp-pop-1');
INSERT INTO CUST.SS_VARIANT_ASSIGNMENT (cohort_id, "DATE", variant_id) VALUES ('C13', sysdate, 'prod-grp-pop-1');
INSERT INTO CUST.SS_VARIANT_ASSIGNMENT (cohort_id, "DATE", variant_id) VALUES ('C14', sysdate, 'prod-grp-pop-1');
INSERT INTO CUST.SS_VARIANT_ASSIGNMENT (cohort_id, "DATE", variant_id) VALUES ('C15', sysdate, 'prod-grp-pop-1');
INSERT INTO CUST.SS_VARIANT_ASSIGNMENT (cohort_id, "DATE", variant_id) VALUES ('C16', sysdate, 'prod-grp-pop-1');
INSERT INTO CUST.SS_VARIANT_ASSIGNMENT (cohort_id, "DATE", variant_id) VALUES ('C17', sysdate, 'prod-grp-pop-1');
INSERT INTO CUST.SS_VARIANT_ASSIGNMENT (cohort_id, "DATE", variant_id) VALUES ('C18', sysdate, 'prod-grp-pop-1');
INSERT INTO CUST.SS_VARIANT_ASSIGNMENT (cohort_id, "DATE", variant_id) VALUES ('C19', sysdate, 'prod-grp-pop-1');
INSERT INTO CUST.SS_VARIANT_ASSIGNMENT (cohort_id, "DATE", variant_id) VALUES ('C20', sysdate, 'prod-grp-pop-1');

INSERT INTO CUST.SS_VARIANT_ASSIGNMENT (cohort_id, "DATE", variant_id) VALUES ('C1', sysdate, 'prod-grp-yf-1');
INSERT INTO CUST.SS_VARIANT_ASSIGNMENT (cohort_id, "DATE", variant_id) VALUES ('C2', sysdate, 'prod-grp-yf-1');
INSERT INTO CUST.SS_VARIANT_ASSIGNMENT (cohort_id, "DATE", variant_id) VALUES ('C3', sysdate, 'prod-grp-yf-1');
INSERT INTO CUST.SS_VARIANT_ASSIGNMENT (cohort_id, "DATE", variant_id) VALUES ('C4', sysdate, 'prod-grp-yf-1');
INSERT INTO CUST.SS_VARIANT_ASSIGNMENT (cohort_id, "DATE", variant_id) VALUES ('C5', sysdate, 'prod-grp-yf-1');
INSERT INTO CUST.SS_VARIANT_ASSIGNMENT (cohort_id, "DATE", variant_id) VALUES ('C6', sysdate, 'prod-grp-yf-1');
INSERT INTO CUST.SS_VARIANT_ASSIGNMENT (cohort_id, "DATE", variant_id) VALUES ('C7', sysdate, 'prod-grp-yf-1');
INSERT INTO CUST.SS_VARIANT_ASSIGNMENT (cohort_id, "DATE", variant_id) VALUES ('C8', sysdate, 'prod-grp-yf-1');
INSERT INTO CUST.SS_VARIANT_ASSIGNMENT (cohort_id, "DATE", variant_id) VALUES ('C9', sysdate, 'prod-grp-yf-1');
INSERT INTO CUST.SS_VARIANT_ASSIGNMENT (cohort_id, "DATE", variant_id) VALUES ('C10', sysdate, 'prod-grp-yf-1');
INSERT INTO CUST.SS_VARIANT_ASSIGNMENT (cohort_id, "DATE", variant_id) VALUES ('C11', sysdate, 'prod-grp-yf-1');
INSERT INTO CUST.SS_VARIANT_ASSIGNMENT (cohort_id, "DATE", variant_id) VALUES ('C12', sysdate, 'prod-grp-yf-1');
INSERT INTO CUST.SS_VARIANT_ASSIGNMENT (cohort_id, "DATE", variant_id) VALUES ('C13', sysdate, 'prod-grp-yf-1');
INSERT INTO CUST.SS_VARIANT_ASSIGNMENT (cohort_id, "DATE", variant_id) VALUES ('C14', sysdate, 'prod-grp-yf-1');
INSERT INTO CUST.SS_VARIANT_ASSIGNMENT (cohort_id, "DATE", variant_id) VALUES ('C15', sysdate, 'prod-grp-yf-1');
INSERT INTO CUST.SS_VARIANT_ASSIGNMENT (cohort_id, "DATE", variant_id) VALUES ('C16', sysdate, 'prod-grp-yf-1');
INSERT INTO CUST.SS_VARIANT_ASSIGNMENT (cohort_id, "DATE", variant_id) VALUES ('C17', sysdate, 'prod-grp-yf-1');
INSERT INTO CUST.SS_VARIANT_ASSIGNMENT (cohort_id, "DATE", variant_id) VALUES ('C18', sysdate, 'prod-grp-yf-1');
INSERT INTO CUST.SS_VARIANT_ASSIGNMENT (cohort_id, "DATE", variant_id) VALUES ('C19', sysdate, 'prod-grp-yf-1');
INSERT INTO CUST.SS_VARIANT_ASSIGNMENT (cohort_id, "DATE", variant_id) VALUES ('C20', sysdate, 'prod-grp-yf-1');

INSERT INTO cust.ss_variant_params (id, key, value) VALUES ('prod-grp-pop-1', 'generator', 'RecursiveNodes(currentNode)');
INSERT INTO cust.ss_variant_params (id, key, value) VALUES ('prod-grp-pop-1', 'scoring', 'Popularity8W_Discretized;QualityRating_Discretized2');
INSERT INTO cust.ss_variant_params (id, key, value) VALUES ('prod-grp-pop-1', 'sampling_strat', 'power');
INSERT INTO cust.ss_variant_params (id, key, value) VALUES ('prod-grp-pop-1', 'exponent', '0.5');
INSERT INTO cust.ss_variant_params (id, key, value) VALUES ('prod-grp-pop-1', 'top_perc', '1');
INSERT INTO cust.ss_variant_params (id, key, value) VALUES ('prod-grp-pop-1', 'top_n', '25');

INSERT INTO cust.ss_variant_params (id, key, value) VALUES ('prod-grp-yf-1', 'generator', 'RecursiveNodes(currentNode) * PurchaseHistory');
INSERT INTO cust.ss_variant_params (id, key, value) VALUES ('prod-grp-yf-1', 'scoring', 'Recency_Discretized;Frequency_Discretized;QualityRating_Discretized2;DealsPercentage_Discretized;ReorderRate_DepartmentNormalized');
INSERT INTO cust.ss_variant_params (id, key, value) VALUES ('prod-grp-yf-1', 'sampling_strat', 'power');
INSERT INTO cust.ss_variant_params (id, key, value) VALUES ('prod-grp-yf-1', 'exponent', '0.4');
INSERT INTO cust.ss_variant_params (id, key, value) VALUES ('prod-grp-yf-1', 'top_perc', '1');
INSERT INTO cust.ss_variant_params (id, key, value) VALUES ('prod-grp-yf-1', 'top_n', '25');
INSERT INTO cust.ss_variant_params (id, key, value) VALUES ('prod-grp-yf-1', 'hide_bursts', 'YOUR_FAVE');
INSERT INTO cust.ss_variant_params (id, key, value) VALUES ('prod-grp-yf-1', 'include_cart_items', 'TRUE');


