--------------- Start SEQUENCE ALTERATION BUILDING Table ----------------------------
alter sequence DELIVERY_BUILDING_SEQ increment by 142900;

select DELIVERY_BUILDING_SEQ.nextval from dual;

alter sequence DELIVERY_BUILDING_SEQ increment by 1;
--------------- End SEQUENCE ALTERATION BUILDING Table ----------------------------

--------------- Start SEQUENCE ALTERATION LOCATION Table ----------------------------
alter sequence DELIVERY_LOCATION_SEQ increment by 369002;

select DELIVERY_LOCATION_SEQ.nextval from dual;

alter sequence DELIVERY_LOCATION_SEQ increment by 1;
--------------- End SEQUENCE ALTERATION LOCATION Table ----------------------------

INSERT INTO TRANSP.TRN_DELIVERYMODEL ( CODE, NAME ) VALUES ('001', '3rd Party'); 
INSERT INTO TRANSP.TRN_DELIVERYMODEL ( CODE, NAME ) VALUES ('004', 'Corporate'); 
INSERT INTO TRANSP.TRN_DELIVERYMODEL ( CODE, NAME ) VALUES ('002', 'Pickup'); 
INSERT INTO TRANSP.TRN_DELIVERYMODEL ( CODE, NAME ) VALUES ('003', 'Standard'); 


INSERT INTO TRANSP.TRN_ZONETYPE ( ID, NAME, DESCRIPTION ) VALUES (TRANSP.ZONETYPESEQ.nextval, 'Default', 'Default Zone Type');

INSERT INTO TRANSP.TRN_AREA ( CODE, NAME, DESCRIPTION, PREFIX,DELIVERYMODEL ) VALUES ('000','Zone000','Blank Zone','1','003');
INSERT INTO TRANSP.TRN_AREA ( CODE, NAME, DESCRIPTION, PREFIX,DELIVERYMODEL ) VALUES ('001','Zone001','Roosevelt Island','1','003');
INSERT INTO TRANSP.TRN_AREA ( CODE, NAME, DESCRIPTION, PREFIX,DELIVERYMODEL ) VALUES ('002','Zone002','Battery Park City','1','003');
INSERT INTO TRANSP.TRN_AREA ( CODE, NAME, DESCRIPTION, PREFIX,DELIVERYMODEL ) VALUES ('003','Zone003','Murray Hill East','1','003');
INSERT INTO TRANSP.TRN_AREA ( CODE, NAME, DESCRIPTION, PREFIX,DELIVERYMODEL ) VALUES ('004','Zone004','Murray Hill West','1','003');
INSERT INTO TRANSP.TRN_AREA ( CODE, NAME, DESCRIPTION, PREFIX,DELIVERYMODEL ) VALUES ('005','Zone005','Upper Midtown East','1','003');
INSERT INTO TRANSP.TRN_AREA ( CODE, NAME, DESCRIPTION, PREFIX,DELIVERYMODEL ) VALUES ('006','Zone006','UES West','1','003');
INSERT INTO TRANSP.TRN_AREA ( CODE, NAME, DESCRIPTION, PREFIX,DELIVERYMODEL ) VALUES ('007','Zone007','Lower UES East','1','003');
INSERT INTO TRANSP.TRN_AREA ( CODE, NAME, DESCRIPTION, PREFIX,DELIVERYMODEL ) VALUES ('008','Zone008','Lower Midtown East','1','003');
INSERT INTO TRANSP.TRN_AREA ( CODE, NAME, DESCRIPTION, PREFIX,DELIVERYMODEL ) VALUES ('009','Zone009','Upper UES East','1','003');
INSERT INTO TRANSP.TRN_AREA ( CODE, NAME, DESCRIPTION, PREFIX,DELIVERYMODEL ) VALUES ('010','Zone010','Soho','1','003');
INSERT INTO TRANSP.TRN_AREA ( CODE, NAME, DESCRIPTION, PREFIX,DELIVERYMODEL ) VALUES ('011','Zone011','Harlem','1','003');
INSERT INTO TRANSP.TRN_AREA ( CODE, NAME, DESCRIPTION, PREFIX,DELIVERYMODEL ) VALUES ('012','Zone012','Morningside Heights','1','003');
INSERT INTO TRANSP.TRN_AREA ( CODE, NAME, DESCRIPTION, PREFIX,DELIVERYMODEL ) VALUES ('013','Zone013','Stuyvesant Town','1','003');
INSERT INTO TRANSP.TRN_AREA ( CODE, NAME, DESCRIPTION, PREFIX,DELIVERYMODEL ) VALUES ('014','Zone014','Murray Hill North We','1','003');
INSERT INTO TRANSP.TRN_AREA ( CODE, NAME, DESCRIPTION, PREFIX,DELIVERYMODEL ) VALUES ('015','Zone015','West Village','1','003');
INSERT INTO TRANSP.TRN_AREA ( CODE, NAME, DESCRIPTION, PREFIX,DELIVERYMODEL ) VALUES ('016','Zone016','Lower Morningside He','1','003');
INSERT INTO TRANSP.TRN_AREA ( CODE, NAME, DESCRIPTION, PREFIX,DELIVERYMODEL ) VALUES ('017','Zone017','Riverdale','1','003');
INSERT INTO TRANSP.TRN_AREA ( CODE, NAME, DESCRIPTION, PREFIX,DELIVERYMODEL ) VALUES ('018','Zone018','Midtown','1','003');
INSERT INTO TRANSP.TRN_AREA ( CODE, NAME, DESCRIPTION, PREFIX,DELIVERYMODEL ) VALUES ('019','Zone019','Annadale','1','003');
INSERT INTO TRANSP.TRN_AREA ( CODE, NAME, DESCRIPTION, PREFIX,DELIVERYMODEL ) VALUES ('020','Zone020','Chelsea','1','003');
INSERT INTO TRANSP.TRN_AREA ( CODE, NAME, DESCRIPTION, PREFIX,DELIVERYMODEL ) VALUES ('021','Zone021','Tribeca','1','003');
INSERT INTO TRANSP.TRN_AREA ( CODE, NAME, DESCRIPTION, PREFIX,DELIVERYMODEL ) VALUES ('022','Zone022','Wall Street','1','003');
INSERT INTO TRANSP.TRN_AREA ( CODE, NAME, DESCRIPTION, PREFIX,DELIVERYMODEL ) VALUES ('030','Zone030','W 42nd - 54th','1','003');
INSERT INTO TRANSP.TRN_AREA ( CODE, NAME, DESCRIPTION, PREFIX,DELIVERYMODEL ) VALUES ('040','Zone040','W 55th - 68th','1','003');
INSERT INTO TRANSP.TRN_AREA ( CODE, NAME, DESCRIPTION, PREFIX,DELIVERYMODEL ) VALUES ('050','Zone050','W 69th - 73rd','1','003');
INSERT INTO TRANSP.TRN_AREA ( CODE, NAME, DESCRIPTION, PREFIX,DELIVERYMODEL ) VALUES ('060','Zone060','W 83rd - 88th','1','003');
INSERT INTO TRANSP.TRN_AREA ( CODE, NAME, DESCRIPTION, PREFIX,DELIVERYMODEL ) VALUES ('066','Zone066','W 74th - 82nd','1','003');
INSERT INTO TRANSP.TRN_AREA ( CODE, NAME, DESCRIPTION, PREFIX,DELIVERYMODEL ) VALUES ('070','Zone070','W 89th - 97th','1','003');
INSERT INTO TRANSP.TRN_AREA ( CODE, NAME, DESCRIPTION, PREFIX,DELIVERYMODEL ) VALUES ('090','Zone090','W 110th - 125th','1','003');
INSERT INTO TRANSP.TRN_AREA ( CODE, NAME, DESCRIPTION, PREFIX,DELIVERYMODEL ) VALUES ('101','Zone101','Bklyn Heights/Carrol','2','003');
INSERT INTO TRANSP.TRN_AREA ( CODE, NAME, DESCRIPTION, PREFIX,DELIVERYMODEL ) VALUES ('103','Zone103','Park Slope','2','003');
INSERT INTO TRANSP.TRN_AREA ( CODE, NAME, DESCRIPTION, PREFIX,DELIVERYMODEL ) VALUES ('104','Zone104','Prospect Heights','2','003');
INSERT INTO TRANSP.TRN_AREA ( CODE, NAME, DESCRIPTION, PREFIX,DELIVERYMODEL ) VALUES ('105','Zone105','Greenpoint','2','003');
INSERT INTO TRANSP.TRN_AREA ( CODE, NAME, DESCRIPTION, PREFIX,DELIVERYMODEL ) VALUES ('106','Zone106','Bay Ridge','2','003');
INSERT INTO TRANSP.TRN_AREA ( CODE, NAME, DESCRIPTION, PREFIX,DELIVERYMODEL ) VALUES ('107','Zone107','Flatbush/Midwood','2','003');
INSERT INTO TRANSP.TRN_AREA ( CODE, NAME, DESCRIPTION, PREFIX,DELIVERYMODEL ) VALUES ('108','Zone108','Flatlands','2','003');
INSERT INTO TRANSP.TRN_AREA ( CODE, NAME, DESCRIPTION, PREFIX,DELIVERYMODEL ) VALUES ('109','Zone109','Sheepshead Bay','2','003');
INSERT INTO TRANSP.TRN_AREA ( CODE, NAME, DESCRIPTION, PREFIX,DELIVERYMODEL ) VALUES ('180','Zone180','Bed Stuy','2','003');
INSERT INTO TRANSP.TRN_AREA ( CODE, NAME, DESCRIPTION, PREFIX,DELIVERYMODEL ) VALUES ('310','Zone310','Astoria','3','003');
INSERT INTO TRANSP.TRN_AREA ( CODE, NAME, DESCRIPTION, PREFIX,DELIVERYMODEL ) VALUES ('320','Zone320','Forest Hills','3','003');
INSERT INTO TRANSP.TRN_AREA ( CODE, NAME, DESCRIPTION, PREFIX,DELIVERYMODEL ) VALUES ('330','Zone330','Ridgewood','3','003');
INSERT INTO TRANSP.TRN_AREA ( CODE, NAME, DESCRIPTION, PREFIX,DELIVERYMODEL ) VALUES ('340','Zone340','Jamaica/Kew Gardens','3','003');
INSERT INTO TRANSP.TRN_AREA ( CODE, NAME, DESCRIPTION, PREFIX,DELIVERYMODEL ) VALUES ('350','Zone350','Bayside','3','003');
INSERT INTO TRANSP.TRN_AREA ( CODE, NAME, DESCRIPTION, PREFIX,DELIVERYMODEL ) VALUES ('360','Zone360','LIC','3','003');
INSERT INTO TRANSP.TRN_AREA ( CODE, NAME, DESCRIPTION, PREFIX,DELIVERYMODEL ) VALUES ('370','Zone370','Great Neck','3','003');
INSERT INTO TRANSP.TRN_AREA ( CODE, NAME, DESCRIPTION, PREFIX,DELIVERYMODEL ) VALUES ('380','Zone380','Jackson Heights','3','003');
INSERT INTO TRANSP.TRN_AREA ( CODE, NAME, DESCRIPTION, PREFIX,DELIVERYMODEL ) VALUES ('410','Zone410','Jersey City','4','003');
INSERT INTO TRANSP.TRN_AREA ( CODE, NAME, DESCRIPTION, PREFIX,DELIVERYMODEL ) VALUES ('420','Zone420','Hoboken','4','003');
INSERT INTO TRANSP.TRN_AREA ( CODE, NAME, DESCRIPTION, PREFIX,DELIVERYMODEL ) VALUES ('430','Zone430','Weehawken','4','003');
INSERT INTO TRANSP.TRN_AREA ( CODE, NAME, DESCRIPTION, PREFIX,DELIVERYMODEL ) VALUES ('600','Zone600','Corp zone 600','6','004');
INSERT INTO TRANSP.TRN_AREA ( CODE, NAME, DESCRIPTION, PREFIX,DELIVERYMODEL ) VALUES ('610','Zone610','Corp zone 610','6','004');
INSERT INTO TRANSP.TRN_AREA ( CODE, NAME, DESCRIPTION, PREFIX,DELIVERYMODEL ) VALUES ('620','Zone620','Corp zone 620','6','004');
INSERT INTO TRANSP.TRN_AREA ( CODE, NAME, DESCRIPTION, PREFIX,DELIVERYMODEL ) VALUES ('630','Zone630','Corp zone 630','6','004');
INSERT INTO TRANSP.TRN_AREA ( CODE, NAME, DESCRIPTION, PREFIX,DELIVERYMODEL ) VALUES ('640','Zone640','Corp zone 640','6','004');
INSERT INTO TRANSP.TRN_AREA ( CODE, NAME, DESCRIPTION, PREFIX,DELIVERYMODEL ) VALUES ('650','Zone650','Corp zone 650','6','004');
INSERT INTO TRANSP.TRN_AREA ( CODE, NAME, DESCRIPTION, PREFIX,DELIVERYMODEL ) VALUES ('710','Zone710','New Rochelle','7','003');
INSERT INTO TRANSP.TRN_AREA ( CODE, NAME, DESCRIPTION, PREFIX,DELIVERYMODEL ) VALUES ('720','Zone720','Mamaroneck','7','003');
INSERT INTO TRANSP.TRN_AREA ( CODE, NAME, DESCRIPTION, PREFIX,DELIVERYMODEL ) VALUES ('730','Zone730','Scarsdale','7','003');
INSERT INTO TRANSP.TRN_AREA ( CODE, NAME, DESCRIPTION, PREFIX,DELIVERYMODEL ) VALUES ('922','Zone922','FreshDirect Pickup','0','002');

INSERT INTO TRANSP.TRN_CUTOFF ( ID, NAME, DESCRIPTION, SEQUENCENO ) VALUES ( TRANSP.CUTOFFSEQ.nextval, '6PM Cut Off', '6PM Cut Off Corporate', 1); 
INSERT INTO TRANSP.TRN_CUTOFF ( ID, NAME, DESCRIPTION, SEQUENCENO ) VALUES ( TRANSP.CUTOFFSEQ.nextval, '7PM Cut Off', '7PM Cut Off AM CutOff', 2); 
INSERT INTO TRANSP.TRN_CUTOFF ( ID, NAME, DESCRIPTION, SEQUENCENO ) VALUES ( TRANSP.CUTOFFSEQ.nextval, '9PM Cut Off', 'Fridays at 9 PM cut off', 3); 
INSERT INTO TRANSP.TRN_CUTOFF ( ID, NAME, DESCRIPTION, SEQUENCENO ) VALUES ( TRANSP.CUTOFFSEQ.nextval, '11PM Cut Off', '11PM Cut Off', 4); 


UPDATE TRANSP.TRN_ZONE SET AREA = ZONE_ID WHERE ZONE_ID IN (SELECT CODE FROM TRANSP.TRN_AREA);

UPDATE TRANSP.TRN_ZONE SET AREA = '000' WHERE ZONE_ID NOT IN (SELECT CODE FROM TRANSP.TRN_AREA);

INSERT INTO DLV.SERVICETIME_TYPE ( CODE, NAME, DESCRIPTION ) VALUES ('DEF', 'Default', 'Default Service Time Type');



