 ALTER TABLE TRANSP.MOTEVENTTYPE drop CONSTRAINT FK_MOTEVTSUBTYPE_GROUPID; 
 ALTER TABLE TRANSP.EVENTSUBTYPE drop CONSTRAINT FK_EVENTSUBTYPE_MSGGROUPID;

 ALTER TABLE TRANSP.MOTEVENTLOG_MESSAGEGROUP drop CONSTRAINT SYS_C00357711;
 ALTER TABLE TRANSP.EVENTLOG_MESSAGEGROUP drop CONSTRAINT SYS_C00357694;
  
 ALTER TABLE TRANSP.MOTEVENTLOG_MESSAGEGROUP ADD ID VARCHAR2(10 BYTE) NOT NULL;
 ALTER TABLE TRANSP.MOTEVENTLOG_MESSAGEGROUP ADD CONSTRAINT MOTEVENTMSGGROUP_PK PRIMARY KEY (ID);
 ALTER TABLE TRANSP.MOTEVENTTYPE ADD ( CONSTRAINT FK_MOTEVTSUBTYPE_GROUPID FOREIGN KEY (MSGGROUP_ID) REFERENCES TRANSP.MOTEVENTLOG_MESSAGEGROUP (ID));
 ALTER TABLE TRANSP.EVENTLOG_MESSAGEGROUP ADD ID VARCHAR2(10 BYTE) NOT NULL;
 ALTER TABLE TRANSP.EVENTLOG_MESSAGEGROUP ADD CONSTRAINT EVENTMSGGROUP_PK PRIMARY KEY (ID);
 ALTER TABLE TRANSP.EVENTSUBTYPE ADD ( CONSTRAINT FK_EVENTSUBTYPE_MSGGROUPID FOREIGN KEY (MSGGROUP_ID) REFERENCES TRANSP.EVENTLOG_MESSAGEGROUP (ID));
 
 
 delete from TRANSP.MOTEVENTLOG_MESSAGEGROUP;
 delete from TRANSP.MOTEVENTTYPE; 
 delete from TRANSP.EVENTLOG_MESSAGEGROUP;
 delete from TRANSP.EVENTSUBTYPE;
 
 Insert into TRANSP.EVENTLOG_MESSAGEGROUP
   (ID, GROUP_NAME, EMAIL, CREATEDBY, CROMOD_DATE)
 Values
   ('16', 'Fire Truck Management', 'firetruckmanagement@freshdirect.com', 'kkanuganti', TO_DATE('12/11/2012 12:51:23', 'MM/DD/YYYY HH24:MI:SS'));
Insert into TRANSP.EVENTLOG_MESSAGEGROUP
   (ID, GROUP_NAME, EMAIL, CREATEDBY, CROMOD_DATE)
 Values
   ('12', 'CSG Senior Staff', 'csgseniorstaff@freshdirect.com', 'kkanuganti', TO_DATE('12/11/2012 12:51:23', 'MM/DD/YYYY HH24:MI:SS'));
Insert into TRANSP.EVENTLOG_MESSAGEGROUP
   (ID, GROUP_NAME, EMAIL, CREATEDBY, CROMOD_DATE)
 Values
   ('5', 'Field Managers', 'fieldmanagers@freshdirect.com', 'kkanuganti', TO_DATE('12/11/2012 12:51:23', 'MM/DD/YYYY HH24:MI:SS'));
Insert into TRANSP.EVENTLOG_MESSAGEGROUP
   (ID, GROUP_NAME, EMAIL, CREATEDBY, CROMOD_DATE)
 Values
   ('13', 'Frank Mansour', 'fmansour@freshdirect.com', 'kkanuganti', TO_DATE('12/11/2012 12:51:23', 'MM/DD/YYYY HH24:MI:SS'));
Insert into TRANSP.EVENTLOG_MESSAGEGROUP
   (ID, GROUP_NAME, EMAIL, CREATEDBY, CROMOD_DATE)
 Values
   ('11', 'George Walker', 'gwalker@freshdirect.com', 'kkanuganti', TO_DATE('12/11/2012 12:51:23', 'MM/DD/YYYY HH24:MI:SS'));
Insert into TRANSP.EVENTLOG_MESSAGEGROUP
   (ID, GROUP_NAME, EMAIL, CREATEDBY, CROMOD_DATE)
 Values
   ('4', 'Jay Narvasa', 'jnarvasa@freshdirect.com', 'kkanuganti', TO_DATE('12/11/2012 12:51:23', 'MM/DD/YYYY HH24:MI:SS'));
Insert into TRANSP.EVENTLOG_MESSAGEGROUP
   (ID, GROUP_NAME, EMAIL, CREATEDBY, CROMOD_DATE)
 Values
   ('8', 'Katie Whalen', 'kwhalen@freshdirect.com', 'kkanuganti', TO_DATE('12/11/2012 12:51:23', 'MM/DD/YYYY HH24:MI:SS'));
Insert into TRANSP.EVENTLOG_MESSAGEGROUP
   (ID, GROUP_NAME, EMAIL, CREATEDBY, CROMOD_DATE)
 Values
   ('9', 'Ops Management', 'opsmanagement@freshdirect.com', 'kkanuganti', TO_DATE('12/11/2012 12:51:23', 'MM/DD/YYYY HH24:MI:SS'));
Insert into TRANSP.EVENTLOG_MESSAGEGROUP
   (ID, GROUP_NAME, EMAIL, CREATEDBY, CROMOD_DATE)
 Values
   ('14', 'Ops Management Alerts', 'OpsMgmtAlerts@freshdirect.com', 'kkanuganti', TO_DATE('12/11/2012 12:51:23', 'MM/DD/YYYY HH24:MI:SS'));
Insert into TRANSP.EVENTLOG_MESSAGEGROUP
   (ID, GROUP_NAME, EMAIL, CREATEDBY, CROMOD_DATE)
 Values
   ('7', 'Returns Center', 'returnscenter@freshdirect.com', 'kkanuganti', TO_DATE('12/11/2012 12:51:23', 'MM/DD/YYYY HH24:MI:SS'));
Insert into TRANSP.EVENTLOG_MESSAGEGROUP
   (ID, GROUP_NAME, EMAIL, CREATEDBY, CROMOD_DATE)
 Values
   ('2', 'Transportation', 'TransportationOperationsTeam@freshdirect.com', 'kkanuganti', TO_DATE('12/11/2012 12:51:23', 'MM/DD/YYYY HH24:MI:SS'));
Insert into TRANSP.EVENTLOG_MESSAGEGROUP
   (ID, GROUP_NAME, EMAIL, CREATEDBY, CROMOD_DATE)
 Values
   ('15', 'Transportation Admins', 'TransportationAdmins@freshdirect.com', 'kkanuganti', TO_DATE('12/11/2012 12:51:23', 'MM/DD/YYYY HH24:MI:SS'));
Insert into TRANSP.EVENTLOG_MESSAGEGROUP
   (ID, GROUP_NAME, EMAIL, CREATEDBY, CROMOD_DATE)
 Values
   ('10', 'Transportation Shipping Yard', 'transportationshippingyard@freshdirect.com', 'kkanuganti', TO_DATE('12/11/2012 12:51:23', 'MM/DD/YYYY HH24:MI:SS'));
Insert into TRANSP.EVENTLOG_MESSAGEGROUP
   (ID, GROUP_NAME, EMAIL, CREATEDBY, CROMOD_DATE)
 Values
   ('3', 'Trucks', 'trucks@freshdirect.com', 'kkanuganti', TO_DATE('12/11/2012 12:51:23', 'MM/DD/YYYY HH24:MI:SS'));


Insert into TRANSP.MOTEVENTLOG_MESSAGEGROUP
   (ID, GROUP_NAME, EMAIL, CREATEDBY, CROMOD_DATE)
 Values
   ('2', 'CSG Senior Staff', 'csgseniorstaff@freshdirect.com', 'kkanuganti', TO_DATE('12/11/2012 12:51:23', 'MM/DD/YYYY HH24:MI:SS'));
Insert into TRANSP.MOTEVENTLOG_MESSAGEGROUP
   (ID, GROUP_NAME, EMAIL, CREATEDBY, CROMOD_DATE)
 Values
   ('3', 'Ops Management', 'opsmanagement@freshdirect.com', 'kkanuganti', TO_DATE('12/11/2012 12:51:23', 'MM/DD/YYYY HH24:MI:SS'));


Insert into TRANSP.MOTEVENTTYPE
   (ID, MOTEVENTTYPENAME, MOTEVENTTYPEDESCRIPTION, MSGGROUP_ID, CREATEDBY, DATECREATED, ISACTIVE)
 Values
   ('1', 'Delivery Asst.', 'Delivery Asst.', '2', 'kkanuganti', 
    TO_DATE('01/17/2013 16:18:39', 'MM/DD/YYYY HH24:MI:SS'), 'X');
Insert into TRANSP.MOTEVENTTYPE
   (ID, MOTEVENTTYPENAME, MOTEVENTTYPEDESCRIPTION, MSGGROUP_ID, CREATEDBY, DATECREATED, ISACTIVE)
 Values
   ('2', 'Mechanical Issue', 'Mechanical Issue', '2', 'kkanuganti', 
    TO_DATE('01/17/2013 16:18:39', 'MM/DD/YYYY HH24:MI:SS'), 'X');
Insert into TRANSP.MOTEVENTTYPE
   (ID, MOTEVENTTYPENAME, MOTEVENTTYPEDESCRIPTION, MSGGROUP_ID, CREATEDBY, DATECREATED, ISACTIVE)
 Values
   ('3', 'AirClic Equipment', 'AirClic Equipment', '2', 'kkanuganti', 
    TO_DATE('01/17/2013 16:18:39', 'MM/DD/YYYY HH24:MI:SS'), 'X');
Insert into TRANSP.MOTEVENTTYPE
   (ID, MOTEVENTTYPENAME, MOTEVENTTYPEDESCRIPTION, MSGGROUP_ID, CREATEDBY, DATECREATED, ISACTIVE)
 Values
   ('4', 'Special Delivery', 'Special Delivery', '2', 'kkanuganti', 
    TO_DATE('01/17/2013 16:18:39', 'MM/DD/YYYY HH24:MI:SS'), 'X');
Insert into TRANSP.MOTEVENTTYPE
   (ID, MOTEVENTTYPENAME, MOTEVENTTYPEDESCRIPTION, MSGGROUP_ID, CREATEDBY, DATECREATED, ISACTIVE)
 Values
   ('5', 'Other', 'Other', '2', 'kkanuganti', 
    TO_DATE('01/17/2013 16:18:39', 'MM/DD/YYYY HH24:MI:SS'), 'X');
Insert into TRANSP.MOTEVENTTYPE
   (ID, MOTEVENTTYPENAME, MOTEVENTTYPEDESCRIPTION, MSGGROUP_ID, CREATEDBY, DATECREATED, ISACTIVE)
 Values
   ('6', 'Late Box', 'Late Box', '2', 'kkanuganti', 
    TO_DATE('01/17/2013 16:18:39', 'MM/DD/YYYY HH24:MI:SS'), 'X');
Insert into TRANSP.MOTEVENTTYPE
   (ID, MOTEVENTTYPENAME, MOTEVENTTYPEDESCRIPTION, MSGGROUP_ID, CREATEDBY, DATECREATED, ISACTIVE)
 Values
   ('7', 'Note from Ops Ctr', 'Note from Ops Ctr', '2', 'kkanuganti', 
    TO_DATE('01/17/2013 16:18:39', 'MM/DD/YYYY HH24:MI:SS'), 'X');
Insert into TRANSP.MOTEVENTTYPE
   (ID, MOTEVENTTYPENAME, MOTEVENTTYPEDESCRIPTION, MSGGROUP_ID, CREATEDBY, DATECREATED, ISACTIVE)
 Values
   ('8', 'End of Shift', 'End of Shift', '2', 'kkanuganti', 
    TO_DATE('01/17/2013 16:18:40', 'MM/DD/YYYY HH24:MI:SS'), 'X');
Insert into TRANSP.MOTEVENTTYPE
   (ID, MOTEVENTTYPENAME, MOTEVENTTYPEDESCRIPTION, MSGGROUP_ID, CREATEDBY, DATECREATED, ISACTIVE)
 Values
   ('9', 'Risk', 'Risk', '2', 'kkanuganti', 
    TO_DATE('01/17/2013 16:18:40', 'MM/DD/YYYY HH24:MI:SS'), 'X');
Insert into TRANSP.MOTEVENTTYPE
   (ID, MOTEVENTTYPENAME, MOTEVENTTYPEDESCRIPTION, MSGGROUP_ID, CREATEDBY, DATECREATED, ISACTIVE)
 Values
   ('10', 'Pick-Up', 'Pick-Up', '2', 'kkanuganti', 
    TO_DATE('01/17/2013 16:18:40', 'MM/DD/YYYY HH24:MI:SS'), 'X');
Insert into TRANSP.MOTEVENTTYPE
   (ID, MOTEVENTTYPENAME, MOTEVENTTYPEDESCRIPTION, MSGGROUP_ID, CREATEDBY, DATECREATED, ISACTIVE)
 Values
   ('11', 'Route Refused Help', 'Route Refused Help', '2', 'kkanuganti', 
    TO_DATE('01/17/2013 16:18:40', 'MM/DD/YYYY HH24:MI:SS'), 'X');
Insert into TRANSP.MOTEVENTTYPE
   (ID, MOTEVENTTYPENAME, MOTEVENTTYPEDESCRIPTION, MSGGROUP_ID, CREATEDBY, DATECREATED, ISACTIVE)
 Values
   ('12', 'Note on >30 Min Late', 'Note on >30 Min Late', '2', 'kkanuganti', 
    TO_DATE('01/17/2013 16:18:40', 'MM/DD/YYYY HH24:MI:SS'), 'X');
Insert into TRANSP.MOTEVENTTYPE
   (ID, MOTEVENTTYPENAME, MOTEVENTTYPEDESCRIPTION, MSGGROUP_ID, CREATEDBY, DATECREATED, ISACTIVE)
 Values
   ('13', 'Start of Shift', 'Start of Shift', '2', 'kkanuganti', 
    TO_DATE('01/17/2013 16:18:40', 'MM/DD/YYYY HH24:MI:SS'), 'X');
Insert into TRANSP.MOTEVENTTYPE
   (ID, MOTEVENTTYPENAME, MOTEVENTTYPEDESCRIPTION, MSGGROUP_ID, CREATEDBY, DATECREATED, ISACTIVE)
 Values
   ('14', 'MOT Recap', 'MOT Recap', '2', 'kkanuganti', 
    TO_DATE('01/17/2013 16:18:40', 'MM/DD/YYYY HH24:MI:SS'), 'X');
Insert into TRANSP.MOTEVENTTYPE
   (ID, MOTEVENTTYPENAME, MOTEVENTTYPEDESCRIPTION, MSGGROUP_ID, CREATEDBY, DATECREATED)
 Values
   ('15', 'No MOT Available', 'No MOT Available', '3', 'kkanuganti', 
    TO_DATE('01/17/2013 16:18:40', 'MM/DD/YYYY HH24:MI:SS'));
Insert into TRANSP.MOTEVENTTYPE
   (ID, MOTEVENTTYPENAME, MOTEVENTTYPEDESCRIPTION, MSGGROUP_ID, CREATEDBY, DATECREATED, ISACTIVE)
 Values
   ('16', 'MOT Recap - Product', 'MOT Recap - Product', '2', 'kkanuganti', 
    TO_DATE('01/17/2013 16:18:40', 'MM/DD/YYYY HH24:MI:SS'), 'X');
Insert into TRANSP.MOTEVENTTYPE
   (ID, MOTEVENTTYPENAME, MOTEVENTTYPEDESCRIPTION, MSGGROUP_ID, CREATEDBY, DATECREATED, ISACTIVE)
 Values
   ('17', 'MOT Recap - People', 'MOT Recap - People', '2', 'kkanuganti', 
    TO_DATE('01/17/2013 16:18:41', 'MM/DD/YYYY HH24:MI:SS'), 'X');
Insert into TRANSP.MOTEVENTTYPE
   (ID, MOTEVENTTYPENAME, MOTEVENTTYPEDESCRIPTION, MSGGROUP_ID, CREATEDBY, DATECREATED, ISACTIVE)
 Values
   ('18', 'MOT Recap - Equipmen', 'MOT Recap - Equipment', '2', 'kkanuganti', 
    TO_DATE('01/17/2013 16:18:41', 'MM/DD/YYYY HH24:MI:SS'), 'X');
Insert into TRANSP.MOTEVENTTYPE
   (ID, MOTEVENTTYPENAME, MOTEVENTTYPEDESCRIPTION, MSGGROUP_ID, CREATEDBY, DATECREATED, ISACTIVE)
 Values
   ('19', 'Request Canceled', 'Request Canceled', '2', 'kkanuganti', 
    TO_DATE('01/17/2013 16:18:41', 'MM/DD/YYYY HH24:MI:SS'), 'X');
Insert into TRANSP.MOTEVENTTYPE
   (ID, MOTEVENTTYPENAME, MOTEVENTTYPEDESCRIPTION, MSGGROUP_ID, CREATEDBY, DATECREATED, ISACTIVE)
 Values
   ('20', 'MOT Not Available', 'MOT Not Available', '3', 'kkanuganti', 
    TO_DATE('01/17/2013 16:18:41', 'MM/DD/YYYY HH24:MI:SS'), 'X');


Insert into TRANSP.EVENTSUBTYPE
   (ID, EVENTSUBTYPENAME, EVENTSUBTYPEDESCRIPTION, EVENTTYPEID, CREATEDBY, DATECREATED, MSGGROUP_ID, ISACTIVE)
 Values
   ('2', 'Damaged Mirror', 'Log of incident', '6', 'kkanuganti', 
    TO_DATE('01/23/2013 10:37:00', 'MM/DD/YYYY HH24:MI:SS'), '2', 'X');
Insert into TRANSP.EVENTSUBTYPE
   (ID, EVENTSUBTYPENAME, EVENTSUBTYPEDESCRIPTION, EVENTTYPEID, CREATEDBY, DATECREATED, MSGGROUP_ID, ISACTIVE)
 Values
   ('3', 'Parked Vehicle', 'Log of incident', '6', 'kkanuganti', 
    TO_DATE('01/23/2013 10:37:00', 'MM/DD/YYYY HH24:MI:SS'), '2', 'X');
Insert into TRANSP.EVENTSUBTYPE
   (ID, EVENTSUBTYPENAME, EVENTSUBTYPEDESCRIPTION, EVENTTYPEID, CREATEDBY, DATECREATED, MSGGROUP_ID, ISACTIVE)
 Values
   ('4', 'Moving Vehicle', 'Log of incident', '6', 'kkanuganti', 
    TO_DATE('01/23/2013 10:37:00', 'MM/DD/YYYY HH24:MI:SS'), '2', 'X');
Insert into TRANSP.EVENTSUBTYPE
   (ID, EVENTSUBTYPENAME, EVENTSUBTYPEDESCRIPTION, EVENTTYPEID, CREATEDBY, DATECREATED, MSGGROUP_ID, ISACTIVE)
 Values
   ('5', 'Keys', 'Late dispatch due to keys', '7', 'kkanuganti', 
    TO_DATE('01/23/2013 10:37:00', 'MM/DD/YYYY HH24:MI:SS'), '2', 'X');
Insert into TRANSP.EVENTSUBTYPE
   (ID, EVENTSUBTYPENAME, EVENTSUBTYPEDESCRIPTION, EVENTTYPEID, CREATEDBY, DATECREATED, MSGGROUP_ID, ISACTIVE)
 Values
   ('6', 'Plant', 'Late dispatch due to plant', '7', 'kkanuganti', 
    TO_DATE('01/23/2013 10:37:00', 'MM/DD/YYYY HH24:MI:SS'), '2', 'X');
Insert into TRANSP.EVENTSUBTYPE
   (ID, EVENTSUBTYPENAME, EVENTSUBTYPEDESCRIPTION, EVENTTYPEID, CREATEDBY, DATECREATED, MSGGROUP_ID, ISACTIVE)
 Values
   ('7', 'Staffing', 'Late dispatch due to staffing', '7', 'kkanuganti', 
    TO_DATE('01/23/2013 10:37:00', 'MM/DD/YYYY HH24:MI:SS'), '2', 'X');
Insert into TRANSP.EVENTSUBTYPE
   (ID, EVENTSUBTYPENAME, EVENTSUBTYPEDESCRIPTION, EVENTTYPEID, CREATEDBY, DATECREATED, MSGGROUP_ID, ISACTIVE)
 Values
   ('8', 'Bio-Diesel', 'Bio-Diesel Issues', '12', 'kkanuganti', 
    TO_DATE('01/23/2013 10:37:00', 'MM/DD/YYYY HH24:MI:SS'), '3', 'X');
Insert into TRANSP.EVENTSUBTYPE
   (ID, EVENTSUBTYPENAME, EVENTSUBTYPEDESCRIPTION, EVENTTYPEID, CREATEDBY, DATECREATED, ISACTIVE)
 Values
   ('9', 'Staffing', 'Staffing Issues', '11', 'kkanuganti', 
    TO_DATE('01/23/2013 10:37:00', 'MM/DD/YYYY HH24:MI:SS'), 'X');
Insert into TRANSP.EVENTSUBTYPE
   (ID, EVENTSUBTYPENAME, EVENTSUBTYPEDESCRIPTION, EVENTTYPEID, CREATEDBY, DATECREATED, ISACTIVE)
 Values
   ('10', 'Training', 'Training Class Problems', '11', 'kkanuganti', 
    TO_DATE('01/23/2013 10:37:00', 'MM/DD/YYYY HH24:MI:SS'), 'X');
Insert into TRANSP.EVENTSUBTYPE
   (ID, EVENTSUBTYPENAME, EVENTSUBTYPEDESCRIPTION, EVENTTYPEID, CREATEDBY, DATECREATED, ISACTIVE)
 Values
   ('11', 'Open', 'Open Follow-Up', '13', 'kkanuganti', 
    TO_DATE('01/23/2013 10:37:00', 'MM/DD/YYYY HH24:MI:SS'), 'X');
Insert into TRANSP.EVENTSUBTYPE
   (ID, EVENTSUBTYPENAME, EVENTSUBTYPEDESCRIPTION, EVENTTYPEID, CREATEDBY, DATECREATED, MSGGROUP_ID, ISACTIVE)
 Values
   ('12', 'Completed', 'Closed Follow-Up', '13', 'kkanuganti', 
    TO_DATE('01/23/2013 10:37:00', 'MM/DD/YYYY HH24:MI:SS'), '2', 'X');
Insert into TRANSP.EVENTSUBTYPE
   (ID, EVENTSUBTYPENAME, EVENTSUBTYPEDESCRIPTION, EVENTTYPEID, CREATEDBY, DATECREATED, MSGGROUP_ID, ISACTIVE)
 Values
   ('13', 'Dead Battery', 'Dead Battery', '9', 'kkanuganti', 
    TO_DATE('01/23/2013 10:37:00', 'MM/DD/YYYY HH24:MI:SS'), '7', 'X');
Insert into TRANSP.EVENTSUBTYPE
   (ID, EVENTSUBTYPENAME, EVENTSUBTYPEDESCRIPTION, EVENTTYPEID, CREATEDBY, DATECREATED, MSGGROUP_ID, ISACTIVE)
 Values
   ('14', 'Flat Tire', 'Flat Tire', '9', 'kkanuganti', 
    TO_DATE('01/23/2013 10:37:00', 'MM/DD/YYYY HH24:MI:SS'), '7', 'X');
Insert into TRANSP.EVENTSUBTYPE
   (ID, EVENTSUBTYPENAME, EVENTSUBTYPEDESCRIPTION, EVENTTYPEID, CREATEDBY, DATECREATED, ISACTIVE)
 Values
   ('16', 'Freeze', 'Phones Freezes', '14', 'kkanuganti', 
    TO_DATE('01/23/2013 10:37:00', 'MM/DD/YYYY HH24:MI:SS'), 'X');
Insert into TRANSP.EVENTSUBTYPE
   (ID, EVENTSUBTYPENAME, EVENTSUBTYPEDESCRIPTION, EVENTTYPEID, CREATEDBY, DATECREATED, ISACTIVE)
 Values
   ('17', 'Battery Low', 'Low Battery', '14', 'kkanuganti', 
    TO_DATE('01/23/2013 10:37:00', 'MM/DD/YYYY HH24:MI:SS'), 'X');
Insert into TRANSP.EVENTSUBTYPE
   (ID, EVENTSUBTYPENAME, EVENTSUBTYPEDESCRIPTION, EVENTTYPEID, CREATEDBY, DATECREATED, MSGGROUP_ID, ISACTIVE)
 Values
   ('18', 'Driver Unreachable', 'Driver is not responding', '14', 'kkanuganti', 
    TO_DATE('01/23/2013 10:37:00', 'MM/DD/YYYY HH24:MI:SS'), '5', 'X');
Insert into TRANSP.EVENTSUBTYPE
   (ID, EVENTSUBTYPENAME, EVENTSUBTYPEDESCRIPTION, EVENTTYPEID, CREATEDBY, DATECREATED, ISACTIVE)
 Values
   ('19', 'Helper Unreachable', 'Helper is not responding', '14', 'kkanuganti', 
    TO_DATE('01/23/2013 10:37:00', 'MM/DD/YYYY HH24:MI:SS'), 'X');
Insert into TRANSP.EVENTSUBTYPE
   (ID, EVENTSUBTYPENAME, EVENTSUBTYPEDESCRIPTION, EVENTTYPEID, CREATEDBY, DATECREATED, ISACTIVE)
 Values
   ('21', 'Training', 'Temp Employee is not scanning', '14', 'kkanuganti', 
    TO_DATE('01/23/2013 10:37:00', 'MM/DD/YYYY HH24:MI:SS'), 'X');
Insert into TRANSP.EVENTSUBTYPE
   (ID, EVENTSUBTYPENAME, EVENTSUBTYPEDESCRIPTION, EVENTTYPEID, CREATEDBY, DATECREATED, ISACTIVE)
 Values
   ('22', 'Laser Problems', 'Laser is Weak/Slow', '14', 'kkanuganti', 
    TO_DATE('01/23/2013 10:37:00', 'MM/DD/YYYY HH24:MI:SS'), 'X');
Insert into TRANSP.EVENTSUBTYPE
   (ID, EVENTSUBTYPENAME, EVENTSUBTYPEDESCRIPTION, EVENTTYPEID, CREATEDBY, DATECREATED, ISACTIVE)
 Values
   ('23', 'Not Scanning', 'Running Late/Refusal to Scan', '14', 'kkanuganti', 
    TO_DATE('01/23/2013 10:37:00', 'MM/DD/YYYY HH24:MI:SS'), 'X');
Insert into TRANSP.EVENTSUBTYPE
   (ID, EVENTSUBTYPENAME, EVENTSUBTYPEDESCRIPTION, EVENTTYPEID, CREATEDBY, DATECREATED, ISACTIVE)
 Values
   ('24', 'No Equipment', 'No Equipment to Scan', '14', 'kkanuganti', 
    TO_DATE('01/23/2013 10:37:00', 'MM/DD/YYYY HH24:MI:SS'), 'X');
Insert into TRANSP.EVENTSUBTYPE
   (ID, EVENTSUBTYPENAME, EVENTSUBTYPEDESCRIPTION, EVENTTYPEID, CREATEDBY, DATECREATED, ISACTIVE)
 Values
   ('25', 'Error - Comm Error', 'Comm Error on Phone', '14', 'kkanuganti', 
    TO_DATE('01/23/2013 10:37:00', 'MM/DD/YYYY HH24:MI:SS'), 'X');
Insert into TRANSP.EVENTSUBTYPE
   (ID, EVENTSUBTYPENAME, EVENTSUBTYPEDESCRIPTION, EVENTTYPEID, CREATEDBY, DATECREATED, MSGGROUP_ID, ISACTIVE)
 Values
   ('26', 'Out/Low Fuel', 'Ran out of Fuel', '10', 'kkanuganti', 
    TO_DATE('01/23/2013 10:37:00', 'MM/DD/YYYY HH24:MI:SS'), '2', 'X');
Insert into TRANSP.EVENTSUBTYPE
   (ID, EVENTSUBTYPENAME, EVENTSUBTYPEDESCRIPTION, EVENTTYPEID, CREATEDBY, DATECREATED, ISACTIVE)
 Values
   ('27', 'Tardy', 'Phone Call to Report Late to Work', '11', 'kkanuganti', 
    TO_DATE('01/23/2013 10:37:00', 'MM/DD/YYYY HH24:MI:SS'), 'X');
Insert into TRANSP.EVENTSUBTYPE
   (ID, EVENTSUBTYPENAME, EVENTSUBTYPEDESCRIPTION, EVENTTYPEID, CREATEDBY, DATECREATED, MSGGROUP_ID, ISACTIVE)
 Values
   ('28', 'Call-In', 'Emplyoee Called in Absent', '11', 'kkanuganti', 
    TO_DATE('01/23/2013 10:37:00', 'MM/DD/YYYY HH24:MI:SS'), '2', 'X');
Insert into TRANSP.EVENTSUBTYPE
   (ID, EVENTSUBTYPENAME, EVENTSUBTYPEDESCRIPTION, EVENTTYPEID, CREATEDBY, DATECREATED, MSGGROUP_ID, ISACTIVE)
 Values
   ('29', 'Flaps', 'Flaps are cut', '9', 'kkanuganti', 
    TO_DATE('01/23/2013 10:37:00', 'MM/DD/YYYY HH24:MI:SS'), '7', 'X');
Insert into TRANSP.EVENTSUBTYPE
   (ID, EVENTSUBTYPENAME, EVENTSUBTYPEDESCRIPTION, EVENTTYPEID, CREATEDBY, DATECREATED, ISACTIVE)
 Values
   ('30', 'Building Access', 'Delayed', '10', 'kkanuganti', 
    TO_DATE('01/23/2013 10:37:00', 'MM/DD/YYYY HH24:MI:SS'), 'X');
Insert into TRANSP.EVENTSUBTYPE
   (ID, EVENTSUBTYPENAME, EVENTSUBTYPEDESCRIPTION, EVENTTYPEID, CREATEDBY, DATECREATED, ISACTIVE)
 Values
   ('31', 'Combining Windows', 'Combining windows', '10', 'kkanuganti', 
    TO_DATE('01/23/2013 10:37:00', 'MM/DD/YYYY HH24:MI:SS'), 'X');
Insert into TRANSP.EVENTSUBTYPE
   (ID, EVENTSUBTYPENAME, EVENTSUBTYPEDESCRIPTION, EVENTTYPEID, CREATEDBY, DATECREATED, MSGGROUP_ID, ISACTIVE)
 Values
   ('32', 'Freezer Door', 'Freezer Door', '9', 'kkanuganti', 
    TO_DATE('01/23/2013 10:37:00', 'MM/DD/YYYY HH24:MI:SS'), '7', 'X');
Insert into TRANSP.EVENTSUBTYPE
   (ID, EVENTSUBTYPENAME, EVENTSUBTYPEDESCRIPTION, EVENTTYPEID, CREATEDBY, DATECREATED, ISACTIVE)
 Values
   ('34', 'Sick', 'Employee was sick on route', '11', 'kkanuganti', 
    TO_DATE('01/23/2013 10:37:00', 'MM/DD/YYYY HH24:MI:SS'), 'X');
Insert into TRANSP.EVENTSUBTYPE
   (ID, EVENTSUBTYPENAME, EVENTSUBTYPEDESCRIPTION, EVENTTYPEID, CREATEDBY, DATECREATED, ISACTIVE)
 Values
   ('35', 'Stops Spread Out', 'distance between stops', '10', 'kkanuganti', 
    TO_DATE('01/23/2013 10:37:00', 'MM/DD/YYYY HH24:MI:SS'), 'X');
Insert into TRANSP.EVENTSUBTYPE
   (ID, EVENTSUBTYPENAME, EVENTSUBTYPEDESCRIPTION, EVENTTYPEID, CREATEDBY, DATECREATED, MSGGROUP_ID, ISACTIVE)
 Values
   ('36', 'Reefer', 'Reefer Issues', '9', 'kkanuganti', 
    TO_DATE('01/23/2013 10:37:00', 'MM/DD/YYYY HH24:MI:SS'), '7', 'X');
Insert into TRANSP.EVENTSUBTYPE
   (ID, EVENTSUBTYPENAME, EVENTSUBTYPEDESCRIPTION, EVENTTYPEID, CREATEDBY, DATECREATED, ISACTIVE)
 Values
   ('37', 'Close', 'Field Audit Completed', '16', 'kkanuganti', 
    TO_DATE('01/23/2013 10:37:00', 'MM/DD/YYYY HH24:MI:SS'), 'X');
Insert into TRANSP.EVENTSUBTYPE
   (ID, EVENTSUBTYPENAME, EVENTSUBTYPEDESCRIPTION, EVENTTYPEID, CREATEDBY, DATECREATED, ISACTIVE)
 Values
   ('38', 'Open', 'Assigned Field Audit', '16', 'kkanuganti', 
    TO_DATE('01/23/2013 10:37:00', 'MM/DD/YYYY HH24:MI:SS'), 'X');
Insert into TRANSP.EVENTSUBTYPE
   (ID, EVENTSUBTYPENAME, EVENTSUBTYPEDESCRIPTION, EVENTTYPEID, CREATEDBY, DATECREATED, MSGGROUP_ID, ISACTIVE)
 Values
   ('39', 'Transportation', 'reefer', '10', 'kkanuganti', 
    TO_DATE('01/23/2013 10:37:00', 'MM/DD/YYYY HH24:MI:SS'), '3', 'X');
Insert into TRANSP.EVENTSUBTYPE
   (ID, EVENTSUBTYPENAME, EVENTSUBTYPEDESCRIPTION, EVENTTYPEID, CREATEDBY, DATECREATED, ISACTIVE)
 Values
   ('40', 'misplaced scanner', 'Went looking for scanner', '12', 'kkanuganti', 
    TO_DATE('01/23/2013 10:37:00', 'MM/DD/YYYY HH24:MI:SS'), 'X');
Insert into TRANSP.EVENTSUBTYPE
   (ID, EVENTSUBTYPENAME, EVENTSUBTYPEDESCRIPTION, EVENTTYPEID, CREATEDBY, DATECREATED, MSGGROUP_ID, ISACTIVE)
 Values
   ('41', 'Truck Towed', 'Towed', '9', 'kkanuganti', 
    TO_DATE('01/23/2013 10:37:00', 'MM/DD/YYYY HH24:MI:SS'), '7', 'X');
Insert into TRANSP.EVENTSUBTYPE
   (ID, EVENTSUBTYPENAME, EVENTSUBTYPEDESCRIPTION, EVENTTYPEID, CREATEDBY, DATECREATED, MSGGROUP_ID, ISACTIVE)
 Values
   ('42', 'Brake', 'Brake light', '9', 'kkanuganti', 
    TO_DATE('01/23/2013 10:37:00', 'MM/DD/YYYY HH24:MI:SS'), '7', 'X');
Insert into TRANSP.EVENTSUBTYPE
   (ID, EVENTSUBTYPENAME, EVENTSUBTYPEDESCRIPTION, EVENTTYPEID, CREATEDBY, DATECREATED, ISACTIVE)
 Values
   ('43', 'Mechanical Failure', 'Out of service', '8', 'kkanuganti', 
    TO_DATE('01/23/2013 10:37:00', 'MM/DD/YYYY HH24:MI:SS'), 'X');
Insert into TRANSP.EVENTSUBTYPE
   (ID, EVENTSUBTYPENAME, EVENTSUBTYPEDESCRIPTION, EVENTTYPEID, CREATEDBY, DATECREATED, ISACTIVE)
 Values
   ('44', 'late', 'late deliveries', '17', 'kkanuganti', 
    TO_DATE('01/23/2013 10:37:00', 'MM/DD/YYYY HH24:MI:SS'), 'X');
Insert into TRANSP.EVENTSUBTYPE
   (ID, EVENTSUBTYPENAME, EVENTSUBTYPEDESCRIPTION, EVENTTYPEID, CREATEDBY, DATECREATED, ISACTIVE)
 Values
   ('46', 'Reattempts', 'Reattemps', '12', 'kkanuganti', 
    TO_DATE('01/23/2013 10:37:00', 'MM/DD/YYYY HH24:MI:SS'), 'X');
Insert into TRANSP.EVENTSUBTYPE
   (ID, EVENTSUBTYPENAME, EVENTSUBTYPEDESCRIPTION, EVENTTYPEID, CREATEDBY, DATECREATED, ISACTIVE)
 Values
   ('47', 'Customer Service', 'Waiting to call back from customer service', '12', 'kkanuganti', 
    TO_DATE('01/23/2013 10:37:00', 'MM/DD/YYYY HH24:MI:SS'), 'X');
Insert into TRANSP.EVENTSUBTYPE
   (ID, EVENTSUBTYPENAME, EVENTSUBTYPEDESCRIPTION, EVENTTYPEID, CREATEDBY, DATECREATED, ISACTIVE)
 Values
   ('48', 'Error - Order Not Found', 'AirClic order not found', '14', 'kkanuganti', 
    TO_DATE('01/23/2013 10:37:00', 'MM/DD/YYYY HH24:MI:SS'), 'X');
Insert into TRANSP.EVENTSUBTYPE
   (ID, EVENTSUBTYPENAME, EVENTSUBTYPEDESCRIPTION, EVENTTYPEID, CREATEDBY, DATECREATED, ISACTIVE)
 Values
   ('49', 'Experience', 'Driver not familiar with route.', '10', 'kkanuganti', 
    TO_DATE('01/23/2013 10:37:00', 'MM/DD/YYYY HH24:MI:SS'), 'X');
Insert into TRANSP.EVENTSUBTYPE
   (ID, EVENTSUBTYPENAME, EVENTSUBTYPEDESCRIPTION, EVENTTYPEID, CREATEDBY, DATECREATED)
 Values
   ('50', 'Other', 'scanning problem other than usual', '14', 'kkanuganti', 
    TO_DATE('01/23/2013 10:37:00', 'MM/DD/YYYY HH24:MI:SS'));
Insert into TRANSP.EVENTSUBTYPE
   (ID, EVENTSUBTYPENAME, EVENTSUBTYPEDESCRIPTION, EVENTTYPEID, CREATEDBY, DATECREATED, ISACTIVE)
 Values
   ('51', 'Lack of Assets', 'Waiting for Hand trucks', '7', 'kkanuganti', 
    TO_DATE('01/23/2013 10:37:00', 'MM/DD/YYYY HH24:MI:SS'), 'X');
Insert into TRANSP.EVENTSUBTYPE
   (ID, EVENTSUBTYPENAME, EVENTSUBTYPEDESCRIPTION, EVENTTYPEID, CREATEDBY, DATECREATED, ISACTIVE)
 Values
   ('52', 'Towed', 'Truck impounded', '12', 'kkanuganti', 
    TO_DATE('01/23/2013 10:37:00', 'MM/DD/YYYY HH24:MI:SS'), 'X');
Insert into TRANSP.EVENTSUBTYPE
   (ID, EVENTSUBTYPENAME, EVENTSUBTYPEDESCRIPTION, EVENTTYPEID, CREATEDBY, DATECREATED, MSGGROUP_ID, ISACTIVE)
 Values
   ('54', 'Work Performance', 'Poor work performance', '11', 'kkanuganti', 
    TO_DATE('01/23/2013 10:37:00', 'MM/DD/YYYY HH24:MI:SS'), '2', 'X');
Insert into TRANSP.EVENTSUBTYPE
   (ID, EVENTSUBTYPENAME, EVENTSUBTYPEDESCRIPTION, EVENTTYPEID, CREATEDBY, DATECREATED, MSGGROUP_ID, ISACTIVE)
 Values
   ('55', 'Flat Tire', 'Flat Tire', '8', 'kkanuganti', 
    TO_DATE('01/23/2013 10:37:00', 'MM/DD/YYYY HH24:MI:SS'), '2', 'X');
Insert into TRANSP.EVENTSUBTYPE
   (ID, EVENTSUBTYPENAME, EVENTSUBTYPEDESCRIPTION, EVENTTYPEID, CREATEDBY, DATECREATED, MSGGROUP_ID, ISACTIVE)
 Values
   ('56', 'Stalling', 'Truck turned off / smoking', '9', 'kkanuganti', 
    TO_DATE('01/23/2013 10:37:00', 'MM/DD/YYYY HH24:MI:SS'), '7', 'X');
Insert into TRANSP.EVENTSUBTYPE
   (ID, EVENTSUBTYPENAME, EVENTSUBTYPEDESCRIPTION, EVENTTYPEID, CREATEDBY, DATECREATED, MSGGROUP_ID, ISACTIVE)
 Values
   ('57', 'Malfunction Punch Clock', 'System Malfunction', '19', 'kkanuganti', 
    TO_DATE('01/23/2013 10:37:00', 'MM/DD/YYYY HH24:MI:SS'), '2', 'X');
Insert into TRANSP.EVENTSUBTYPE
   (ID, EVENTSUBTYPENAME, EVENTSUBTYPEDESCRIPTION, EVENTTYPEID, CREATEDBY, DATECREATED, MSGGROUP_ID, ISACTIVE)
 Values
   ('58', 'Lights', 'Lights are out', '9', 'kkanuganti', 
    TO_DATE('01/23/2013 10:37:00', 'MM/DD/YYYY HH24:MI:SS'), '7', 'X');
Insert into TRANSP.EVENTSUBTYPE
   (ID, EVENTSUBTYPENAME, EVENTSUBTYPEDESCRIPTION, EVENTTYPEID, CREATEDBY, DATECREATED, MSGGROUP_ID, ISACTIVE)
 Values
   ('59', 'Skin is Torn', 'Skin is Torn', '8', 'kkanuganti', 
    TO_DATE('01/23/2013 10:37:00', 'MM/DD/YYYY HH24:MI:SS'), '2', 'X');
Insert into TRANSP.EVENTSUBTYPE
   (ID, EVENTSUBTYPENAME, EVENTSUBTYPEDESCRIPTION, EVENTTYPEID, CREATEDBY, DATECREATED, MSGGROUP_ID, ISACTIVE)
 Values
   ('60', 'Door Damaged', 'Door Damaged', '6', 'kkanuganti', 
    TO_DATE('01/23/2013 10:37:00', 'MM/DD/YYYY HH24:MI:SS'), '2', 'X');
Insert into TRANSP.EVENTSUBTYPE
   (ID, EVENTSUBTYPENAME, EVENTSUBTYPEDESCRIPTION, EVENTTYPEID, CREATEDBY, DATECREATED, MSGGROUP_ID, ISACTIVE)
 Values
   ('61', 'Reefer is Not Working', 'Reefer is Not Working', '8', 'kkanuganti', 
    TO_DATE('01/23/2013 10:37:00', 'MM/DD/YYYY HH24:MI:SS'), '2', 'X');
Insert into TRANSP.EVENTSUBTYPE
   (ID, EVENTSUBTYPENAME, EVENTSUBTYPEDESCRIPTION, EVENTTYPEID, CREATEDBY, DATECREATED, MSGGROUP_ID, ISACTIVE)
 Values
   ('62', 'No Specific Informat', 'No Specific Information', '8', 'kkanuganti', 
    TO_DATE('01/23/2013 10:37:00', 'MM/DD/YYYY HH24:MI:SS'), '2', 'X');
Insert into TRANSP.EVENTSUBTYPE
   (ID, EVENTSUBTYPENAME, EVENTSUBTYPEDESCRIPTION, EVENTTYPEID, CREATEDBY, DATECREATED, MSGGROUP_ID, ISACTIVE)
 Values
   ('63', 'Wrong Truck', 'Wrong Truck', '7', 'kkanuganti', 
    TO_DATE('01/23/2013 10:37:00', 'MM/DD/YYYY HH24:MI:SS'), '2', 'X');
Insert into TRANSP.EVENTSUBTYPE
   (ID, EVENTSUBTYPENAME, EVENTSUBTYPEDESCRIPTION, EVENTTYPEID, CREATEDBY, DATECREATED, MSGGROUP_ID, ISACTIVE)
 Values
   ('64', 'Transmission Issues', 'Transmission Issues', '9', 'kkanuganti', 
    TO_DATE('01/23/2013 10:37:00', 'MM/DD/YYYY HH24:MI:SS'), '7', 'X');
Insert into TRANSP.EVENTSUBTYPE
   (ID, EVENTSUBTYPENAME, EVENTSUBTYPEDESCRIPTION, EVENTTYPEID, CREATEDBY, DATECREATED, MSGGROUP_ID, ISACTIVE)
 Values
   ('65', 'Brakes are Bad', 'Brakes are Bad', '8', 'kkanuganti', 
    TO_DATE('01/23/2013 10:37:00', 'MM/DD/YYYY HH24:MI:SS'), '2', 'X');
Insert into TRANSP.EVENTSUBTYPE
   (ID, EVENTSUBTYPENAME, EVENTSUBTYPEDESCRIPTION, EVENTTYPEID, CREATEDBY, DATECREATED, MSGGROUP_ID, ISACTIVE)
 Values
   ('66', 'Door Damaged', 'door will not close', '9', 'kkanuganti', 
    TO_DATE('01/23/2013 10:37:00', 'MM/DD/YYYY HH24:MI:SS'), '7', 'X');
Insert into TRANSP.EVENTSUBTYPE
   (ID, EVENTSUBTYPENAME, EVENTSUBTYPEDESCRIPTION, EVENTTYPEID, CREATEDBY, DATECREATED, MSGGROUP_ID, ISACTIVE)
 Values
   ('67', 'Damaged Phone', 'damaged phone', '11', 'kkanuganti', 
    TO_DATE('01/23/2013 10:37:00', 'MM/DD/YYYY HH24:MI:SS'), '2', 'X');
Insert into TRANSP.EVENTSUBTYPE
   (ID, EVENTSUBTYPENAME, EVENTSUBTYPEDESCRIPTION, EVENTTYPEID, CREATEDBY, DATECREATED, MSGGROUP_ID, ISACTIVE)
 Values
   ('68', 'attendance', 'Employee arrived late', '7', 'kkanuganti', 
    TO_DATE('01/23/2013 10:37:00', 'MM/DD/YYYY HH24:MI:SS'), '2', 'X');
Insert into TRANSP.EVENTSUBTYPE
   (ID, EVENTSUBTYPENAME, EVENTSUBTYPEDESCRIPTION, EVENTTYPEID, CREATEDBY, DATECREATED, MSGGROUP_ID, ISACTIVE)
 Values
   ('69', 'Power Outage', 'Power Outage', '21', 'kkanuganti', 
    TO_DATE('01/23/2013 10:37:00', 'MM/DD/YYYY HH24:MI:SS'), '2', 'X');
Insert into TRANSP.EVENTSUBTYPE
   (ID, EVENTSUBTYPENAME, EVENTSUBTYPEDESCRIPTION, EVENTTYPEID, CREATEDBY, DATECREATED, MSGGROUP_ID, ISACTIVE)
 Values
   ('70', 'Cracked Windshield', 'Windshield Cracked', '6', 'kkanuganti', 
    TO_DATE('01/23/2013 10:37:00', 'MM/DD/YYYY HH24:MI:SS'), '2', 'X');
Insert into TRANSP.EVENTSUBTYPE
   (ID, EVENTSUBTYPENAME, EVENTSUBTYPEDESCRIPTION, EVENTTYPEID, CREATEDBY, DATECREATED, MSGGROUP_ID, ISACTIVE)
 Values
   ('71', 'Check Battery', 'Check Battery', '8', 'kkanuganti', 
    TO_DATE('01/23/2013 10:37:00', 'MM/DD/YYYY HH24:MI:SS'), '2', 'X');
Insert into TRANSP.EVENTSUBTYPE
   (ID, EVENTSUBTYPENAME, EVENTSUBTYPEDESCRIPTION, EVENTTYPEID, CREATEDBY, DATECREATED, ISACTIVE)
 Values
   ('73', 'No Label', 'No Label on Box/Bag, Unable to Scan', '14', 'kkanuganti', 
    TO_DATE('01/23/2013 10:37:00', 'MM/DD/YYYY HH24:MI:SS'), 'X');
Insert into TRANSP.EVENTSUBTYPE
   (ID, EVENTSUBTYPENAME, EVENTSUBTYPEDESCRIPTION, EVENTTYPEID, CREATEDBY, DATECREATED, ISACTIVE)
 Values
   ('74', 'Unable To Process', 'Unable to Process scanning error', '14', 'kkanuganti', 
    TO_DATE('01/23/2013 10:37:00', 'MM/DD/YYYY HH24:MI:SS'), 'X');
Insert into TRANSP.EVENTSUBTYPE
   (ID, EVENTSUBTYPENAME, EVENTSUBTYPEDESCRIPTION, EVENTTYPEID, CREATEDBY, DATECREATED, MSGGROUP_ID, ISACTIVE)
 Values
   ('75', 'Injury', 'Injured delivery personnel', '6', 'kkanuganti', 
    TO_DATE('01/23/2013 10:37:00', 'MM/DD/YYYY HH24:MI:SS'), '2', 'X');
Insert into TRANSP.EVENTSUBTYPE
   (ID, EVENTSUBTYPENAME, EVENTSUBTYPEDESCRIPTION, EVENTTYPEID, CREATEDBY, DATECREATED, ISACTIVE)
 Values
   ('77', 'Customer Call Feature Failed', 'Customer Call IVR System failed', '14', 'kkanuganti', 
    TO_DATE('01/23/2013 10:37:00', 'MM/DD/YYYY HH24:MI:SS'), 'X');
Insert into TRANSP.EVENTSUBTYPE
   (ID, EVENTSUBTYPENAME, EVENTSUBTYPEDESCRIPTION, EVENTTYPEID, CREATEDBY, DATECREATED, ISACTIVE)
 Values
   ('78', 'Forgot to Scan', 'Forgot to scan', '14', 'kkanuganti', 
    TO_DATE('01/23/2013 10:37:00', 'MM/DD/YYYY HH24:MI:SS'), 'X');
Insert into TRANSP.EVENTSUBTYPE
   (ID, EVENTSUBTYPENAME, EVENTSUBTYPEDESCRIPTION, EVENTTYPEID, CREATEDBY, DATECREATED, MSGGROUP_ID)
 Values
   ('79', 'Refuse Assignment', 'Failure to follow instructions', '23', 'kkanuganti', 
    TO_DATE('01/23/2013 10:37:00', 'MM/DD/YYYY HH24:MI:SS'), '2');
Insert into TRANSP.EVENTSUBTYPE
   (ID, EVENTSUBTYPENAME, EVENTSUBTYPEDESCRIPTION, EVENTTYPEID, CREATEDBY, DATECREATED)
 Values
   ('81', 'Missing In Action', 'Driver not responding', '23', 'kkanuganti', 
    TO_DATE('01/23/2013 10:37:00', 'MM/DD/YYYY HH24:MI:SS'));
Insert into TRANSP.EVENTSUBTYPE
   (ID, EVENTSUBTYPENAME, EVENTSUBTYPEDESCRIPTION, EVENTTYPEID, CREATEDBY, DATECREATED, ISACTIVE)
 Values
   ('82', 'Phone Crashing', 'Phone shut down', '14', 'kkanuganti', 
    TO_DATE('01/23/2013 10:37:00', 'MM/DD/YYYY HH24:MI:SS'), 'X');
Insert into TRANSP.EVENTSUBTYPE
   (ID, EVENTSUBTYPENAME, EVENTSUBTYPEDESCRIPTION, EVENTTYPEID, CREATEDBY, DATECREATED, ISACTIVE)
 Values
   ('83', 'Wrong S - NH in Error', 'Scanned NH in error', '14', 'kkanuganti', 
    TO_DATE('01/23/2013 10:37:00', 'MM/DD/YYYY HH24:MI:SS'), 'X');
Insert into TRANSP.EVENTSUBTYPE
   (ID, EVENTSUBTYPENAME, EVENTSUBTYPEDESCRIPTION, EVENTTYPEID, CREATEDBY, DATECREATED, ISACTIVE)
 Values
   ('84', 'Wrong S - NH as Delivered', 'NH scanned as delivered', '14', 'kkanuganti', 
    TO_DATE('01/23/2013 10:37:00', 'MM/DD/YYYY HH24:MI:SS'), 'X');
Insert into TRANSP.EVENTSUBTYPE
   (ID, EVENTSUBTYPENAME, EVENTSUBTYPEDESCRIPTION, EVENTTYPEID, CREATEDBY, DATECREATED, ISACTIVE)
 Values
   ('85', 'MOT Dispatched', 'Delivery team sent to assist route', '24', 'kkanuganti', 
    TO_DATE('01/23/2013 10:37:00', 'MM/DD/YYYY HH24:MI:SS'), 'X');
Insert into TRANSP.EVENTSUBTYPE
   (ID, EVENTSUBTYPENAME, EVENTSUBTYPEDESCRIPTION, EVENTTYPEID, CREATEDBY, DATECREATED, ISACTIVE)
 Values
   ('86', 'Called Customer', 'Outbound late notification', '24', 'kkanuganti', 
    TO_DATE('01/23/2013 10:37:00', 'MM/DD/YYYY HH24:MI:SS'), 'X');
Insert into TRANSP.EVENTSUBTYPE
   (ID, EVENTSUBTYPENAME, EVENTSUBTYPEDESCRIPTION, EVENTTYPEID, CREATEDBY, DATECREATED, ISACTIVE)
 Values
   ('87', 'Status Unconfirmed', 'Delivery team unreachable', '24', 'kkanuganti', 
    TO_DATE('01/23/2013 10:37:00', 'MM/DD/YYYY HH24:MI:SS'), 'X');
Insert into TRANSP.EVENTSUBTYPE
   (ID, EVENTSUBTYPENAME, EVENTSUBTYPEDESCRIPTION, EVENTTYPEID, CREATEDBY, DATECREATED, ISACTIVE)
 Values
   ('88', 'MOT/Called Customer', 'Dispatched MOT and called customer about the', '24', 'kkanuganti', 
    TO_DATE('01/23/2013 10:37:00', 'MM/DD/YYYY HH24:MI:SS'), 'X');
Insert into TRANSP.EVENTSUBTYPE
   (ID, EVENTSUBTYPENAME, EVENTSUBTYPEDESCRIPTION, EVENTTYPEID, CREATEDBY, DATECREATED)
 Values
   ('89', 'False/Misc Scan Issue', 'False read on report because of a device issu', '24', 'kkanuganti', 
    TO_DATE('01/23/2013 10:37:00', 'MM/DD/YYYY HH24:MI:SS'));
Insert into TRANSP.EVENTSUBTYPE
   (ID, EVENTSUBTYPENAME, EVENTSUBTYPEDESCRIPTION, EVENTTYPEID, CREATEDBY, DATECREATED)
 Values
   ('90', 'False/Forgot to Scan', 'False entry on report because a delivery team', '24', 'kkanuganti', 
    TO_DATE('01/23/2013 10:37:00', 'MM/DD/YYYY HH24:MI:SS'));
Insert into TRANSP.EVENTSUBTYPE
   (ID, EVENTSUBTYPENAME, EVENTSUBTYPEDESCRIPTION, EVENTTYPEID, CREATEDBY, DATECREATED)
 Values
   ('91', 'False/Report Rules', 'False entry on report because of a report bus', '24', 'kkanuganti', 
    TO_DATE('01/23/2013 10:37:00', 'MM/DD/YYYY HH24:MI:SS'));
Insert into TRANSP.EVENTSUBTYPE
   (ID, EVENTSUBTYPENAME, EVENTSUBTYPEDESCRIPTION, EVENTTYPEID, CREATEDBY, DATECREATED, ISACTIVE)
 Values
   ('92', 'No Action Req', 'Good excpetion however the orders are unlikel', '24', 'kkanuganti', 
    TO_DATE('01/23/2013 10:37:00', 'MM/DD/YYYY HH24:MI:SS'), 'X');
Insert into TRANSP.EVENTSUBTYPE
   (ID, EVENTSUBTYPENAME, EVENTSUBTYPEDESCRIPTION, EVENTTYPEID, CREATEDBY, DATECREATED, ISACTIVE)
 Values
   ('93', 'Misplaced Scanner', 'Misplaced Scanner', '11', 'kkanuganti', 
    TO_DATE('01/23/2013 10:37:00', 'MM/DD/YYYY HH24:MI:SS'), 'X');
Insert into TRANSP.EVENTSUBTYPE
   (ID, EVENTSUBTYPENAME, EVENTSUBTYPEDESCRIPTION, EVENTTYPEID, CREATEDBY, DATECREATED, ISACTIVE)
 Values
   ('94', 'Uniform', 'Uniform', '11', 'kkanuganti', 
    TO_DATE('01/23/2013 10:37:00', 'MM/DD/YYYY HH24:MI:SS'), 'X');
Insert into TRANSP.EVENTSUBTYPE
   (ID, EVENTSUBTYPENAME, EVENTSUBTYPEDESCRIPTION, EVENTTYPEID, CREATEDBY, DATECREATED, ISACTIVE)
 Values
   ('95', 'No Call No Show', 'No Call No Show', '11', 'kkanuganti', 
    TO_DATE('01/23/2013 10:37:00', 'MM/DD/YYYY HH24:MI:SS'), 'X');
Insert into TRANSP.EVENTSUBTYPE
   (ID, EVENTSUBTYPENAME, EVENTSUBTYPEDESCRIPTION, EVENTTYPEID, CREATEDBY, DATECREATED, ISACTIVE)
 Values
   ('96', 'Experience', 'Experience', '11', 'kkanuganti', 
    TO_DATE('01/23/2013 10:37:00', 'MM/DD/YYYY HH24:MI:SS'), 'X');
Insert into TRANSP.EVENTSUBTYPE
   (ID, EVENTSUBTYPENAME, EVENTSUBTYPEDESCRIPTION, EVENTTYPEID, CREATEDBY, DATECREATED, MSGGROUP_ID, ISACTIVE)
 Values
   ('97', 'Battery Inspection', 'Battery Inspection', '9', 'kkanuganti', 
    TO_DATE('01/23/2013 10:37:00', 'MM/DD/YYYY HH24:MI:SS'), '7', 'X');
Insert into TRANSP.EVENTSUBTYPE
   (ID, EVENTSUBTYPENAME, EVENTSUBTYPEDESCRIPTION, EVENTTYPEID, CREATEDBY, DATECREATED, MSGGROUP_ID, ISACTIVE)
 Values
   ('98', 'Bio-Diesel', 'Bio-Diesel', '9', 'kkanuganti', 
    TO_DATE('01/23/2013 10:37:00', 'MM/DD/YYYY HH24:MI:SS'), '7', 'X');
Insert into TRANSP.EVENTSUBTYPE
   (ID, EVENTSUBTYPENAME, EVENTSUBTYPEDESCRIPTION, EVENTTYPEID, CREATEDBY, DATECREATED, MSGGROUP_ID, ISACTIVE)
 Values
   ('99', 'Engine', 'Engine', '9', 'kkanuganti', 
    TO_DATE('01/23/2013 10:37:00', 'MM/DD/YYYY HH24:MI:SS'), '7', 'X');
Insert into TRANSP.EVENTSUBTYPE
   (ID, EVENTSUBTYPENAME, EVENTSUBTYPEDESCRIPTION, EVENTTYPEID, CREATEDBY, DATECREATED, MSGGROUP_ID, ISACTIVE)
 Values
   ('100', 'Regular Maintenance', 'Regular Maintenance', '9', 'kkanuganti', 
    TO_DATE('01/23/2013 10:37:00', 'MM/DD/YYYY HH24:MI:SS'), '7', 'X');
Insert into TRANSP.EVENTSUBTYPE
   (ID, EVENTSUBTYPENAME, EVENTSUBTYPEDESCRIPTION, EVENTTYPEID, CREATEDBY, DATECREATED, ISACTIVE)
 Values
   ('102', 'Reattempts', 'Reattempts', '10', 'kkanuganti', 
    TO_DATE('01/23/2013 10:37:00', 'MM/DD/YYYY HH24:MI:SS'), 'X');
Insert into TRANSP.EVENTSUBTYPE
   (ID, EVENTSUBTYPENAME, EVENTSUBTYPEDESCRIPTION, EVENTTYPEID, CREATEDBY, DATECREATED, ISACTIVE)
 Values
   ('103', 'Traffic Congestion', 'Traffic Congestion', '10', 'kkanuganti', 
    TO_DATE('01/23/2013 10:37:00', 'MM/DD/YYYY HH24:MI:SS'), 'X');
Insert into TRANSP.EVENTSUBTYPE
   (ID, EVENTSUBTYPENAME, EVENTSUBTYPEDESCRIPTION, EVENTTYPEID, CREATEDBY, DATECREATED, ISACTIVE)
 Values
   ('104', 'Traffic Accident', 'Traffic Accident', '10', 'kkanuganti', 
    TO_DATE('01/23/2013 10:37:00', 'MM/DD/YYYY HH24:MI:SS'), 'X');
Insert into TRANSP.EVENTSUBTYPE
   (ID, EVENTSUBTYPENAME, EVENTSUBTYPEDESCRIPTION, EVENTTYPEID, CREATEDBY, DATECREATED, ISACTIVE)
 Values
   ('105', 'Traffic Street Event', 'Traffic Street Event', '10', 'kkanuganti', 
    TO_DATE('01/23/2013 10:37:00', 'MM/DD/YYYY HH24:MI:SS'), 'X');
Insert into TRANSP.EVENTSUBTYPE
   (ID, EVENTSUBTYPENAME, EVENTSUBTYPEDESCRIPTION, EVENTTYPEID, CREATEDBY, DATECREATED, ISACTIVE)
 Values
   ('106', 'Traffic Violation - Towed', 'Traffic Violation - Towed', '10', 'kkanuganti', 
    TO_DATE('01/23/2013 10:37:00', 'MM/DD/YYYY HH24:MI:SS'), 'X');
Insert into TRANSP.EVENTSUBTYPE
   (ID, EVENTSUBTYPENAME, EVENTSUBTYPEDESCRIPTION, EVENTTYPEID, CREATEDBY, DATECREATED, ISACTIVE)
 Values
   ('107', 'Traffic Violation - Moving', 'Traffic Violation - Moving', '10', 'kkanuganti', 
    TO_DATE('01/23/2013 10:37:00', 'MM/DD/YYYY HH24:MI:SS'), 'X');
Insert into TRANSP.EVENTSUBTYPE
   (ID, EVENTSUBTYPENAME, EVENTSUBTYPEDESCRIPTION, EVENTTYPEID, CREATEDBY, DATECREATED)
 Values
   ('108', 'Driver Request', 'Driver Request', '23', 'kkanuganti', 
    TO_DATE('01/23/2013 10:37:00', 'MM/DD/YYYY HH24:MI:SS'));
Insert into TRANSP.EVENTSUBTYPE
   (ID, EVENTSUBTYPENAME, EVENTSUBTYPEDESCRIPTION, EVENTTYPEID, CREATEDBY, DATECREATED, ISACTIVE)
 Values
   ('109', 'Misload', 'Misload', '10', 'kkanuganti', 
    TO_DATE('01/23/2013 10:37:00', 'MM/DD/YYYY HH24:MI:SS'), 'X');
Insert into TRANSP.EVENTSUBTYPE
   (ID, EVENTSUBTYPENAME, EVENTSUBTYPEDESCRIPTION, EVENTTYPEID, CREATEDBY, DATECREATED, ISACTIVE)
 Values
   ('110', 'Performance', 'Performance', '14', 'kkanuganti', 
    TO_DATE('01/23/2013 10:37:00', 'MM/DD/YYYY HH24:MI:SS'), 'X');
Insert into TRANSP.EVENTSUBTYPE
   (ID, EVENTSUBTYPENAME, EVENTSUBTYPEDESCRIPTION, EVENTTYPEID, CREATEDBY, DATECREATED, ISACTIVE)
 Values
   ('111', 'Incorrect Scan', 'Incorrect Scan', '14', 'kkanuganti', 
    TO_DATE('01/23/2013 10:37:00', 'MM/DD/YYYY HH24:MI:SS'), 'X');
Insert into TRANSP.EVENTSUBTYPE
   (ID, EVENTSUBTYPENAME, EVENTSUBTYPEDESCRIPTION, EVENTTYPEID, CREATEDBY, DATECREATED, ISACTIVE)
 Values
   ('113', 'Added Route', 'Route Added', '26', 'kkanuganti', 
    TO_DATE('01/23/2013 10:37:00', 'MM/DD/YYYY HH24:MI:SS'), 'X');
Insert into TRANSP.EVENTSUBTYPE
   (ID, EVENTSUBTYPENAME, EVENTSUBTYPEDESCRIPTION, EVENTTYPEID, CREATEDBY, DATECREATED, ISACTIVE)
 Values
   ('114', 'Removed Route', 'Removed Route from Plan', '26', 'kkanuganti', 
    TO_DATE('01/23/2013 10:37:00', 'MM/DD/YYYY HH24:MI:SS'), 'X');
Insert into TRANSP.EVENTSUBTYPE
   (ID, EVENTSUBTYPENAME, EVENTSUBTYPEDESCRIPTION, EVENTTYPEID, CREATEDBY, DATECREATED, ISACTIVE)
 Values
   ('115', 'Phone Out of Service', 'Phone Issue', '8', 'kkanuganti', 
    TO_DATE('01/23/2013 10:37:00', 'MM/DD/YYYY HH24:MI:SS'), 'X');
Insert into TRANSP.EVENTSUBTYPE
   (ID, EVENTSUBTYPENAME, EVENTSUBTYPEDESCRIPTION, EVENTTYPEID, CREATEDBY, DATECREATED, MSGGROUP_ID, ISACTIVE)
 Values
   ('116', 'Route Count', 'Route Count by Driver', '13', 'kkanuganti', 
    TO_DATE('01/23/2013 10:37:00', 'MM/DD/YYYY HH24:MI:SS'), '2', 'X');
Insert into TRANSP.EVENTSUBTYPE
   (ID, EVENTSUBTYPENAME, EVENTSUBTYPEDESCRIPTION, EVENTTYPEID, CREATEDBY, DATECREATED)
 Values
   ('117', 'False/Battery Low', 'False/Battery Low', '24', 'kkanuganti', 
    TO_DATE('01/23/2013 10:37:00', 'MM/DD/YYYY HH24:MI:SS'));
Insert into TRANSP.EVENTSUBTYPE
   (ID, EVENTSUBTYPENAME, EVENTSUBTYPEDESCRIPTION, EVENTTYPEID, CREATEDBY, DATECREATED)
 Values
   ('118', 'False/Comm Error', 'False/Comm Error', '24', 'kkanuganti', 
    TO_DATE('01/23/2013 10:37:00', 'MM/DD/YYYY HH24:MI:SS'));
Insert into TRANSP.EVENTSUBTYPE
   (ID, EVENTSUBTYPENAME, EVENTSUBTYPEDESCRIPTION, EVENTTYPEID, CREATEDBY, DATECREATED)
 Values
   ('119', 'False/Order Not Found', 'False/Order Not Found', '24', 'kkanuganti', 
    TO_DATE('01/23/2013 10:37:00', 'MM/DD/YYYY HH24:MI:SS'));
Insert into TRANSP.EVENTSUBTYPE
   (ID, EVENTSUBTYPENAME, EVENTSUBTYPEDESCRIPTION, EVENTTYPEID, CREATEDBY, DATECREATED)
 Values
   ('120', 'False/Freeze', 'False/Freeze', '24', 'kkanuganti', 
    TO_DATE('01/23/2013 10:37:00', 'MM/DD/YYYY HH24:MI:SS'));
Insert into TRANSP.EVENTSUBTYPE
   (ID, EVENTSUBTYPENAME, EVENTSUBTYPEDESCRIPTION, EVENTTYPEID, CREATEDBY, DATECREATED)
 Values
   ('121', 'False/Laser Problems', 'False/Laser Problems', '24', 'kkanuganti', 
    TO_DATE('01/23/2013 10:37:00', 'MM/DD/YYYY HH24:MI:SS'));
Insert into TRANSP.EVENTSUBTYPE
   (ID, EVENTSUBTYPENAME, EVENTSUBTYPEDESCRIPTION, EVENTTYPEID, CREATEDBY, DATECREATED, ISACTIVE)
 Values
   ('122', 'Roadnet Map Changes', 'Inform or Request Roadnet Map Changes', '26', 'kkanuganti', 
    TO_DATE('01/23/2013 10:37:00', 'MM/DD/YYYY HH24:MI:SS'), 'X');
Insert into TRANSP.EVENTSUBTYPE
   (ID, EVENTSUBTYPENAME, EVENTSUBTYPEDESCRIPTION, EVENTTYPEID, CREATEDBY, DATECREATED)
 Values
   ('123', 'Redelivery - Dairy', 'Sameday redelivery of product', '24', 'kkanuganti', 
    TO_DATE('01/23/2013 10:37:00', 'MM/DD/YYYY HH24:MI:SS'));
Insert into TRANSP.EVENTSUBTYPE
   (ID, EVENTSUBTYPENAME, EVENTSUBTYPEDESCRIPTION, EVENTTYPEID, CREATEDBY, DATECREATED, ISACTIVE)
 Values
   ('124', 'New Hire', 'Employee', '28', 'kkanuganti', 
    TO_DATE('01/23/2013 10:37:00', 'MM/DD/YYYY HH24:MI:SS'), 'X');
Insert into TRANSP.EVENTSUBTYPE
   (ID, EVENTSUBTYPENAME, EVENTSUBTYPEDESCRIPTION, EVENTTYPEID, CREATEDBY, DATECREATED, MSGGROUP_ID, ISACTIVE)
 Values
   ('125', 'Completed', 'Ride Along Completed', '27', 'kkanuganti', 
    TO_DATE('01/23/2013 10:37:00', 'MM/DD/YYYY HH24:MI:SS'), '2', 'X');
Insert into TRANSP.EVENTSUBTYPE
   (ID, EVENTSUBTYPENAME, EVENTSUBTYPEDESCRIPTION, EVENTTYPEID, CREATEDBY, DATECREATED, ISACTIVE)
 Values
   ('126', 'Stolen Handtruck', 'Handtruck stolen', '11', 'kkanuganti', 
    TO_DATE('01/23/2013 10:37:00', 'MM/DD/YYYY HH24:MI:SS'), 'X');
Insert into TRANSP.EVENTSUBTYPE
   (ID, EVENTSUBTYPENAME, EVENTSUBTYPEDESCRIPTION, EVENTTYPEID, CREATEDBY, DATECREATED, MSGGROUP_ID, ISACTIVE)
 Values
   ('127', 'Lock', 'Lock', '9', 'kkanuganti', 
    TO_DATE('01/23/2013 10:37:00', 'MM/DD/YYYY HH24:MI:SS'), '7', 'X');
Insert into TRANSP.EVENTSUBTYPE
   (ID, EVENTSUBTYPENAME, EVENTSUBTYPEDESCRIPTION, EVENTTYPEID, CREATEDBY, DATECREATED, ISACTIVE)
 Values
   ('128', 'Heavy Window', 'Heavy Window', '10', 'kkanuganti', 
    TO_DATE('01/23/2013 10:37:00', 'MM/DD/YYYY HH24:MI:SS'), 'X');
Insert into TRANSP.EVENTSUBTYPE
   (ID, EVENTSUBTYPENAME, EVENTSUBTYPEDESCRIPTION, EVENTTYPEID, CREATEDBY, DATECREATED, MSGGROUP_ID, ISACTIVE)
 Values
   ('129', 'Other', 'Other', '9', 'kkanuganti', 
    TO_DATE('01/23/2013 10:37:00', 'MM/DD/YYYY HH24:MI:SS'), '7', 'X');
Insert into TRANSP.EVENTSUBTYPE
   (ID, EVENTSUBTYPENAME, EVENTSUBTYPEDESCRIPTION, EVENTTYPEID, CREATEDBY, DATECREATED, MSGGROUP_ID, ISACTIVE)
 Values
   ('130', 'Call-Out Personal Day', 'Day Of Call-Out but not sick', '11', 'kkanuganti', 
    TO_DATE('01/23/2013 10:37:00', 'MM/DD/YYYY HH24:MI:SS'), '2', 'X');
Insert into TRANSP.EVENTSUBTYPE
   (ID, EVENTSUBTYPENAME, EVENTSUBTYPEDESCRIPTION, EVENTTYPEID, CREATEDBY, DATECREATED, MSGGROUP_ID, ISACTIVE)
 Values
   ('131', 'Lost/damaged key', 'Key was lost or damaged', '9', 'kkanuganti', 
    TO_DATE('01/23/2013 10:37:00', 'MM/DD/YYYY HH24:MI:SS'), '7', 'X');
Insert into TRANSP.EVENTSUBTYPE
   (ID, EVENTSUBTYPENAME, EVENTSUBTYPEDESCRIPTION, EVENTTYPEID, CREATEDBY, DATECREATED, MSGGROUP_ID, ISACTIVE)
 Values
   ('132', 'shipping yard', 'yard set up', '30', 'kkanuganti', 
    TO_DATE('01/23/2013 10:37:00', 'MM/DD/YYYY HH24:MI:SS'), '3', 'X');
Insert into TRANSP.EVENTSUBTYPE
   (ID, EVENTSUBTYPENAME, EVENTSUBTYPEDESCRIPTION, EVENTTYPEID, CREATEDBY, DATECREATED, ISACTIVE)
 Values
   ('133', 'Screen error', 'Error on screen', '31', 'kkanuganti', 
    TO_DATE('01/23/2013 10:37:00', 'MM/DD/YYYY HH24:MI:SS'), 'X');
Insert into TRANSP.EVENTSUBTYPE
   (ID, EVENTSUBTYPENAME, EVENTSUBTYPEDESCRIPTION, EVENTTYPEID, CREATEDBY, DATECREATED, ISACTIVE)
 Values
   ('134', 'On break', 'On break', '31', 'kkanuganti', 
    TO_DATE('01/23/2013 10:37:00', 'MM/DD/YYYY HH24:MI:SS'), 'X');
Insert into TRANSP.EVENTSUBTYPE
   (ID, EVENTSUBTYPENAME, EVENTSUBTYPEDESCRIPTION, EVENTTYPEID, CREATEDBY, DATECREATED, ISACTIVE)
 Values
   ('135', 'On a call', 'On a call', '31', 'kkanuganti', 
    TO_DATE('01/23/2013 10:37:00', 'MM/DD/YYYY HH24:MI:SS'), 'X');
Insert into TRANSP.EVENTSUBTYPE
   (ID, EVENTSUBTYPENAME, EVENTSUBTYPEDESCRIPTION, EVENTTYPEID, CREATEDBY, DATECREATED, ISACTIVE)
 Values
   ('136', 'Did not see it', 'Did not see it', '31', 'kkanuganti', 
    TO_DATE('01/23/2013 10:37:00', 'MM/DD/YYYY HH24:MI:SS'), 'X');
Insert into TRANSP.EVENTSUBTYPE
   (ID, EVENTSUBTYPENAME, EVENTSUBTYPEDESCRIPTION, EVENTTYPEID, CREATEDBY, DATECREATED, ISACTIVE)
 Values
   ('137', 'Other', 'Other', '31', 'kkanuganti', 
    TO_DATE('01/23/2013 10:37:00', 'MM/DD/YYYY HH24:MI:SS'), 'X');
Insert into TRANSP.EVENTSUBTYPE
   (ID, EVENTSUBTYPENAME, EVENTSUBTYPEDESCRIPTION, EVENTTYPEID, CREATEDBY, DATECREATED, MSGGROUP_ID, ISACTIVE)
 Values
   ('138', 'Injury', 'Injury', '11', 'kkanuganti', 
    TO_DATE('01/23/2013 10:37:00', 'MM/DD/YYYY HH24:MI:SS'), '2', 'X');
Insert into TRANSP.EVENTSUBTYPE
   (ID, EVENTSUBTYPENAME, EVENTSUBTYPEDESCRIPTION, EVENTTYPEID, CREATEDBY, DATECREATED, MSGGROUP_ID, ISACTIVE)
 Values
   ('139', 'Windshield wipers', 'Wipers not working', '9', 'kkanuganti', 
    TO_DATE('01/23/2013 10:37:00', 'MM/DD/YYYY HH24:MI:SS'), '7', 'X');
Insert into TRANSP.EVENTSUBTYPE
   (ID, EVENTSUBTYPENAME, EVENTSUBTYPEDESCRIPTION, EVENTTYPEID, CREATEDBY, DATECREATED)
 Values
   ('140', 'False/No_Data_Transmit', 'False/No_Data_Transmit', '24', 'kkanuganti', 
    TO_DATE('01/23/2013 10:37:00', 'MM/DD/YYYY HH24:MI:SS'));
Insert into TRANSP.EVENTSUBTYPE
   (ID, EVENTSUBTYPENAME, EVENTSUBTYPEDESCRIPTION, EVENTTYPEID, CREATEDBY, DATECREATED)
 Values
   ('141', 'False/Fusion_Error', 'False/Fusion_Error', '24', 'kkanuganti', 
    TO_DATE('01/23/2013 10:37:00', 'MM/DD/YYYY HH24:MI:SS'));
Insert into TRANSP.EVENTSUBTYPE
   (ID, EVENTSUBTYPENAME, EVENTSUBTYPEDESCRIPTION, EVENTTYPEID, CREATEDBY, DATECREATED, MSGGROUP_ID, ISACTIVE)
 Values
   ('142', 'Manual Deactivation', 'Reefer Manually Turned Off', '32', 'kkanuganti', 
    TO_DATE('01/23/2013 10:37:00', 'MM/DD/YYYY HH24:MI:SS'), '5', 'X');
Insert into TRANSP.EVENTSUBTYPE
   (ID, EVENTSUBTYPENAME, EVENTSUBTYPEDESCRIPTION, EVENTTYPEID, CREATEDBY, DATECREATED, MSGGROUP_ID, ISACTIVE)
 Values
   ('143', 'Pedestrian Request', 'Pedestrian Request', '33', 'kkanuganti', 
    TO_DATE('01/23/2013 10:37:00', 'MM/DD/YYYY HH24:MI:SS'), '5', 'X');
Insert into TRANSP.EVENTSUBTYPE
   (ID, EVENTSUBTYPENAME, EVENTSUBTYPEDESCRIPTION, EVENTTYPEID, CREATEDBY, DATECREATED, MSGGROUP_ID, ISACTIVE)
 Values
   ('144', 'End of Route - No Returns', 'End of Route - No Returns', '33', 'kkanuganti', 
    TO_DATE('01/23/2013 10:37:00', 'MM/DD/YYYY HH24:MI:SS'), '5', 'X');
Insert into TRANSP.EVENTSUBTYPE
   (ID, EVENTSUBTYPENAME, EVENTSUBTYPEDESCRIPTION, EVENTTYPEID, CREATEDBY, DATECREATED, MSGGROUP_ID, ISACTIVE)
 Values
   ('145', 'Route Not Found', 'Route Not Found', '33', 'kkanuganti', 
    TO_DATE('01/23/2013 10:37:00', 'MM/DD/YYYY HH24:MI:SS'), '11', 'X');
Insert into TRANSP.EVENTSUBTYPE
   (ID, EVENTSUBTYPENAME, EVENTSUBTYPEDESCRIPTION, EVENTTYPEID, CREATEDBY, DATECREATED)
 Values
   ('146', 'Other', 'Other', '33', 'kkanuganti', 
    TO_DATE('01/23/2013 10:37:00', 'MM/DD/YYYY HH24:MI:SS'));
Insert into TRANSP.EVENTSUBTYPE
   (ID, EVENTSUBTYPENAME, EVENTSUBTYPEDESCRIPTION, EVENTTYPEID, CREATEDBY, DATECREATED)
 Values
   ('148', 'Equipment Failure/Reefer Code', 'Equipment Failure/Reefer Code', '33', 'kkanuganti', 
    TO_DATE('01/23/2013 10:37:00', 'MM/DD/YYYY HH24:MI:SS'));
Insert into TRANSP.EVENTSUBTYPE
   (ID, EVENTSUBTYPENAME, EVENTSUBTYPEDESCRIPTION, EVENTTYPEID, CREATEDBY, DATECREATED, ISACTIVE)
 Values
   ('149', 'Dispatch', 'Dispatch', '34', 'kkanuganti', 
    TO_DATE('01/23/2013 10:37:00', 'MM/DD/YYYY HH24:MI:SS'), 'X');
Insert into TRANSP.EVENTSUBTYPE
   (ID, EVENTSUBTYPENAME, EVENTSUBTYPEDESCRIPTION, EVENTTYPEID, CREATEDBY, DATECREATED, ISACTIVE)
 Values
   ('150', 'Check In', 'Check In', '34', 'kkanuganti', 
    TO_DATE('01/23/2013 10:37:00', 'MM/DD/YYYY HH24:MI:SS'), 'X');
Insert into TRANSP.EVENTSUBTYPE
   (ID, EVENTSUBTYPENAME, EVENTSUBTYPEDESCRIPTION, EVENTTYPEID, CREATEDBY, DATECREATED, MSGGROUP_ID, ISACTIVE)
 Values
   ('151', 'Driver Not Responding', 'Driver Not Responding', '33', 'kkanuganti', 
    TO_DATE('01/23/2013 10:37:00', 'MM/DD/YYYY HH24:MI:SS'), '5', 'X');
Insert into TRANSP.EVENTSUBTYPE
   (ID, EVENTSUBTYPENAME, EVENTSUBTYPEDESCRIPTION, EVENTTYPEID, CREATEDBY, DATECREATED)
 Values
   ('152', 'New Card', 'New Card', '34', 'kkanuganti', 
    TO_DATE('01/23/2013 10:37:00', 'MM/DD/YYYY HH24:MI:SS'));
Insert into TRANSP.EVENTSUBTYPE
   (ID, EVENTSUBTYPENAME, EVENTSUBTYPEDESCRIPTION, EVENTTYPEID, CREATEDBY, DATECREATED, MSGGROUP_ID, ISACTIVE)
 Values
   ('153', 'Telargo System Problem', 'Telargo System Problem', '33', 'kkanuganti', 
    TO_DATE('01/23/2013 10:37:00', 'MM/DD/YYYY HH24:MI:SS'), '8', 'X');
Insert into TRANSP.EVENTSUBTYPE
   (ID, EVENTSUBTYPENAME, EVENTSUBTYPEDESCRIPTION, EVENTTYPEID, CREATEDBY, DATECREATED, MSGGROUP_ID, ISACTIVE)
 Values
   ('154', 'Independent Driver Decision', 'Independent Driver Decision', '33', 'kkanuganti', 
    TO_DATE('01/23/2013 10:37:00', 'MM/DD/YYYY HH24:MI:SS'), '5', 'X');
Insert into TRANSP.EVENTSUBTYPE
   (ID, EVENTSUBTYPENAME, EVENTSUBTYPEDESCRIPTION, EVENTTYPEID, CREATEDBY, DATECREATED, MSGGROUP_ID, ISACTIVE)
 Values
   ('155', 'End of Route - Returns on Truck', 'End of Route - Returns on Truck', '33', 'kkanuganti', 
    TO_DATE('01/23/2013 10:37:00', 'MM/DD/YYYY HH24:MI:SS'), '5', 'X');
Insert into TRANSP.EVENTSUBTYPE
   (ID, EVENTSUBTYPENAME, EVENTSUBTYPEDESCRIPTION, EVENTTYPEID, CREATEDBY, DATECREATED, MSGGROUP_ID, ISACTIVE)
 Values
   ('156', 'Equipment Failure', 'Equipment Failure', '33', 'kkanuganti', 
    TO_DATE('01/23/2013 10:37:00', 'MM/DD/YYYY HH24:MI:SS'), '3', 'X');
Insert into TRANSP.EVENTSUBTYPE
   (ID, EVENTSUBTYPENAME, EVENTSUBTYPEDESCRIPTION, EVENTTYPEID, CREATEDBY, DATECREATED, MSGGROUP_ID, ISACTIVE)
 Values
   ('157', 'Telargo System Problem', 'Telargo System Problem', '35', 'kkanuganti', 
    TO_DATE('01/23/2013 10:37:00', 'MM/DD/YYYY HH24:MI:SS'), '8', 'X');
Insert into TRANSP.EVENTSUBTYPE
   (ID, EVENTSUBTYPENAME, EVENTSUBTYPEDESCRIPTION, EVENTTYPEID, CREATEDBY, DATECREATED, MSGGROUP_ID, ISACTIVE)
 Values
   ('158', 'Driver Not Responding', 'Driver Not Responding', '35', 'kkanuganti', 
    TO_DATE('01/23/2013 10:37:00', 'MM/DD/YYYY HH24:MI:SS'), '5', 'X');
Insert into TRANSP.EVENTSUBTYPE
   (ID, EVENTSUBTYPENAME, EVENTSUBTYPEDESCRIPTION, EVENTTYPEID, CREATEDBY, DATECREATED, MSGGROUP_ID, ISACTIVE)
 Values
   ('160', 'Off Load - In Field', 'Off Load of Truck that is in the field', '10', 'kkanuganti', 
    TO_DATE('01/23/2013 10:37:00', 'MM/DD/YYYY HH24:MI:SS'), '5', 'X');
Insert into TRANSP.EVENTSUBTYPE
   (ID, EVENTSUBTYPENAME, EVENTSUBTYPEDESCRIPTION, EVENTTYPEID, CREATEDBY, DATECREATED, MSGGROUP_ID, ISACTIVE)
 Values
   ('161', 'Off Load - At Facility', 'Off Load that occurs at the facility (prior t', '10', 'kkanuganti', 
    TO_DATE('01/23/2013 10:37:00', 'MM/DD/YYYY HH24:MI:SS'), '5', 'X');
Insert into TRANSP.EVENTSUBTYPE
   (ID, EVENTSUBTYPENAME, EVENTSUBTYPEDESCRIPTION, EVENTTYPEID, CREATEDBY, DATECREATED, MSGGROUP_ID, ISACTIVE)
 Values
   ('162', 'Improper Truck Seal', 'Improper Truck Seal', '10', 'kkanuganti', 
    TO_DATE('01/23/2013 10:37:00', 'MM/DD/YYYY HH24:MI:SS'), '5', 'X');
Insert into TRANSP.EVENTSUBTYPE
   (ID, EVENTSUBTYPENAME, EVENTSUBTYPEDESCRIPTION, EVENTTYPEID, CREATEDBY, DATECREATED, MSGGROUP_ID, ISACTIVE)
 Values
   ('163', 'Wrong Truck Number', 'Yard failed to correct truck number in syste,', '7', 'kkanuganti', 
    TO_DATE('01/23/2013 10:37:00', 'MM/DD/YYYY HH24:MI:SS'), '5', 'X');
Insert into TRANSP.EVENTSUBTYPE
   (ID, EVENTSUBTYPENAME, EVENTSUBTYPEDESCRIPTION, EVENTTYPEID, CREATEDBY, DATECREATED, MSGGROUP_ID, ISACTIVE)
 Values
   ('164', 'Depot Truck Inventory Reorganization', 'Depot Truck Inventory Reorganization', '35', 'kkanuganti', 
    TO_DATE('01/23/2013 10:37:00', 'MM/DD/YYYY HH24:MI:SS'), '5', 'X');
Insert into TRANSP.EVENTSUBTYPE
   (ID, EVENTSUBTYPENAME, EVENTSUBTYPEDESCRIPTION, EVENTTYPEID, CREATEDBY, DATECREATED, MSGGROUP_ID, ISACTIVE)
 Values
   ('165', 'Route Truck Inventory Reorganization', 'Route Truck Inventory Reorganization', '35', 'kkanuganti', 
    TO_DATE('01/23/2013 10:37:00', 'MM/DD/YYYY HH24:MI:SS'), '5', 'X');
Insert into TRANSP.EVENTSUBTYPE
   (ID, EVENTSUBTYPENAME, EVENTSUBTYPEDESCRIPTION, EVENTTYPEID, CREATEDBY, DATECREATED, ISACTIVE)
 Values
   ('166', 'Modified a Route', 'Modified a Route', '26', 'kkanuganti', 
    TO_DATE('01/23/2013 10:37:00', 'MM/DD/YYYY HH24:MI:SS'), 'X');
Insert into TRANSP.EVENTSUBTYPE
   (ID, EVENTSUBTYPENAME, EVENTSUBTYPEDESCRIPTION, EVENTTYPEID, CREATEDBY, DATECREATED, MSGGROUP_ID, ISACTIVE)
 Values
   ('167', 'A 15 Min Prior to Dispatch', 'A   15 Min Prior to Dispatch', '37', 'kkanuganti', 
    TO_DATE('01/23/2013 10:37:00', 'MM/DD/YYYY HH24:MI:SS'), '14', 'X');
Insert into TRANSP.EVENTSUBTYPE
   (ID, EVENTSUBTYPENAME, EVENTSUBTYPEDESCRIPTION, EVENTTYPEID, CREATEDBY, DATECREATED, MSGGROUP_ID, ISACTIVE)
 Values
   ('169', 'C After Dispatch Exception', 'C    After Dispatch Exception', '37', 'kkanuganti', 
    TO_DATE('01/23/2013 10:37:00', 'MM/DD/YYYY HH24:MI:SS'), '14', 'X');
Insert into TRANSP.EVENTSUBTYPE
   (ID, EVENTSUBTYPENAME, EVENTSUBTYPEDESCRIPTION, EVENTTYPEID, CREATEDBY, DATECREATED, ISACTIVE)
 Values
   ('170', 'Recommendations', 'Recommendations', '38', 'kkanuganti', 
    TO_DATE('01/23/2013 10:37:00', 'MM/DD/YYYY HH24:MI:SS'), 'X');
Insert into TRANSP.EVENTSUBTYPE
   (ID, EVENTSUBTYPENAME, EVENTSUBTYPEDESCRIPTION, EVENTTYPEID, CREATEDBY, DATECREATED, MSGGROUP_ID, ISACTIVE)
 Values
   ('171', 'Depot Offloading to Runners', 'Depot Offloading to Runners', '35', 'kkanuganti', 
    TO_DATE('01/23/2013 10:37:00', 'MM/DD/YYYY HH24:MI:SS'), '5', 'X');
Insert into TRANSP.EVENTSUBTYPE
   (ID, EVENTSUBTYPENAME, EVENTSUBTYPEDESCRIPTION, EVENTTYPEID, CREATEDBY, DATECREATED, MSGGROUP_ID, ISACTIVE)
 Values
   ('172', 'Equipment Failure', 'Equipment Failure', '35', 'kkanuganti', 
    TO_DATE('01/23/2013 10:37:00', 'MM/DD/YYYY HH24:MI:SS'), '5', 'X');
Insert into TRANSP.EVENTSUBTYPE
   (ID, EVENTSUBTYPENAME, EVENTSUBTYPEDESCRIPTION, EVENTTYPEID, CREATEDBY, DATECREATED, MSGGROUP_ID, ISACTIVE)
 Values
   ('173', 'On Premises 12AM-5AM', 'On Premises 12AM-5AM', '35', 'kkanuganti', 
    TO_DATE('01/23/2013 10:37:00', 'MM/DD/YYYY HH24:MI:SS'), '10', 'X');
Insert into TRANSP.EVENTSUBTYPE
   (ID, EVENTSUBTYPENAME, EVENTSUBTYPEDESCRIPTION, EVENTTYPEID, CREATEDBY, DATECREATED, MSGGROUP_ID, ISACTIVE)
 Values
   ('174', 'Route Not Found', 'Route Not Found', '35', 'kkanuganti', 
    TO_DATE('01/23/2013 10:37:00', 'MM/DD/YYYY HH24:MI:SS'), '11', 'X');
Insert into TRANSP.EVENTSUBTYPE
   (ID, EVENTSUBTYPENAME, EVENTSUBTYPEDESCRIPTION, EVENTTYPEID, CREATEDBY, DATECREATED, MSGGROUP_ID, ISACTIVE)
 Values
   ('175', 'Depot Truck Reorganization', 'Depot Truck Reorganization', '36', 'kkanuganti', 
    TO_DATE('01/23/2013 10:37:00', 'MM/DD/YYYY HH24:MI:SS'), '5', 'X');
Insert into TRANSP.EVENTSUBTYPE
   (ID, EVENTSUBTYPENAME, EVENTSUBTYPEDESCRIPTION, EVENTTYPEID, CREATEDBY, DATECREATED, MSGGROUP_ID, ISACTIVE)
 Values
   ('176', 'Route Truck Inventory Reorganization', 'Route Truck Inventory Reorganization', '36', 'kkanuganti', 
    TO_DATE('01/23/2013 10:37:00', 'MM/DD/YYYY HH24:MI:SS'), '5', 'X');
Insert into TRANSP.EVENTSUBTYPE
   (ID, EVENTSUBTYPENAME, EVENTSUBTYPEDESCRIPTION, EVENTTYPEID, CREATEDBY, DATECREATED, MSGGROUP_ID, ISACTIVE)
 Values
   ('177', 'Freezer Door Does Not Close', 'Freezer Door Does Not Close', '36', 'kkanuganti', 
    TO_DATE('01/23/2013 10:37:00', 'MM/DD/YYYY HH24:MI:SS'), '5', 'X');
Insert into TRANSP.EVENTSUBTYPE
   (ID, EVENTSUBTYPENAME, EVENTSUBTYPEDESCRIPTION, EVENTTYPEID, CREATEDBY, DATECREATED, MSGGROUP_ID, ISACTIVE)
 Values
   ('178', 'Driver Not Responding', 'Driver Not Responding', '36', 'kkanuganti', 
    TO_DATE('01/23/2013 10:37:00', 'MM/DD/YYYY HH24:MI:SS'), '5', 'X');
Insert into TRANSP.EVENTSUBTYPE
   (ID, EVENTSUBTYPENAME, EVENTSUBTYPEDESCRIPTION, EVENTTYPEID, CREATEDBY, DATECREATED, MSGGROUP_ID, ISACTIVE)
 Values
   ('179', 'On Premises 12AM-5AM', 'On Premises 12AM-5AM', '36', 'kkanuganti', 
    TO_DATE('01/23/2013 10:37:00', 'MM/DD/YYYY HH24:MI:SS'), '10', 'X');
Insert into TRANSP.EVENTSUBTYPE
   (ID, EVENTSUBTYPENAME, EVENTSUBTYPEDESCRIPTION, EVENTTYPEID, CREATEDBY, DATECREATED, MSGGROUP_ID, ISACTIVE)
 Values
   ('180', 'Route Not Found', 'Route Not Found', '36', 'kkanuganti', 
    TO_DATE('01/23/2013 10:37:00', 'MM/DD/YYYY HH24:MI:SS'), '11', 'X');
Insert into TRANSP.EVENTSUBTYPE
   (ID, EVENTSUBTYPENAME, EVENTSUBTYPEDESCRIPTION, EVENTTYPEID, CREATEDBY, DATECREATED, MSGGROUP_ID, ISACTIVE)
 Values
   ('181', 'Telargo System Problem', 'Telargo System Problem', '36', 'kkanuganti', 
    TO_DATE('01/23/2013 10:37:00', 'MM/DD/YYYY HH24:MI:SS'), '8', 'X');
Insert into TRANSP.EVENTSUBTYPE
   (ID, EVENTSUBTYPENAME, EVENTSUBTYPEDESCRIPTION, EVENTTYPEID, CREATEDBY, DATECREATED)
 Values
   ('182', 'Other', 'Other', '36', 'kkanuganti', 
    TO_DATE('01/23/2013 10:37:00', 'MM/DD/YYYY HH24:MI:SS'));
Insert into TRANSP.EVENTSUBTYPE
   (ID, EVENTSUBTYPENAME, EVENTSUBTYPEDESCRIPTION, EVENTTYPEID, CREATEDBY, DATECREATED, MSGGROUP_ID)
 Values
   ('183', 'Customer Call Feature Failed', 'Customer Call Feature Failed', '24', 'kkanuganti', 
    TO_DATE('01/23/2013 10:37:00', 'MM/DD/YYYY HH24:MI:SS'), '14');
Insert into TRANSP.EVENTSUBTYPE
   (ID, EVENTSUBTYPENAME, EVENTSUBTYPEDESCRIPTION, EVENTTYPEID, CREATEDBY, DATECREATED, MSGGROUP_ID, ISACTIVE)
 Values
   ('184', 'GPS System Failure', 'GPS System Failure', '9', 'kkanuganti', 
    TO_DATE('01/23/2013 10:37:00', 'MM/DD/YYYY HH24:MI:SS'), '7', 'X');
Insert into TRANSP.EVENTSUBTYPE
   (ID, EVENTSUBTYPENAME, EVENTSUBTYPEDESCRIPTION, EVENTTYPEID, CREATEDBY, DATECREATED, ISACTIVE)
 Values
   ('185', 'Summary', 'Summary', '39', 'kkanuganti', 
    TO_DATE('01/23/2013 10:37:00', 'MM/DD/YYYY HH24:MI:SS'), 'X');
Insert into TRANSP.EVENTSUBTYPE
   (ID, EVENTSUBTYPENAME, EVENTSUBTYPEDESCRIPTION, EVENTTYPEID, CREATEDBY, DATECREATED, MSGGROUP_ID, ISACTIVE)
 Values
   ('186', 'Telargo Equipment Failure', 'Telargo Sensor isnt reading open/close prope', '35', 'kkanuganti', 
    TO_DATE('01/23/2013 10:37:00', 'MM/DD/YYYY HH24:MI:SS'), '10', 'X');
Insert into TRANSP.EVENTSUBTYPE
   (ID, EVENTSUBTYPENAME, EVENTSUBTYPEDESCRIPTION, EVENTTYPEID, CREATEDBY, DATECREATED, MSGGROUP_ID, ISACTIVE)
 Values
   ('187', 'Telargo Equipment Failure', 'Back Door Event has no (close Values)', '40', 'kkanuganti', 
    TO_DATE('01/23/2013 10:37:00', 'MM/DD/YYYY HH24:MI:SS'), '8', 'X');
Insert into TRANSP.EVENTSUBTYPE
   (ID, EVENTSUBTYPENAME, EVENTSUBTYPEDESCRIPTION, EVENTTYPEID, CREATEDBY, DATECREATED, MSGGROUP_ID, ISACTIVE)
 Values
   ('188', 'Driver Not Responding', 'OPS Center Agent has sent a minimum of 2 Next', '40', 'kkanuganti', 
    TO_DATE('01/23/2013 10:37:00', 'MM/DD/YYYY HH24:MI:SS'), '5', 'X');
Insert into TRANSP.EVENTSUBTYPE
   (ID, EVENTSUBTYPENAME, EVENTSUBTYPEDESCRIPTION, EVENTTYPEID, CREATEDBY, DATECREATED, MSGGROUP_ID, ISACTIVE)
 Values
   ('189', 'Telargo System Problem', 'Examples include: Event: is blank or no alert', '40', 'kkanuganti', 
    TO_DATE('01/23/2013 10:37:00', 'MM/DD/YYYY HH24:MI:SS'), '8', 'X');
Insert into TRANSP.EVENTSUBTYPE
   (ID, EVENTSUBTYPENAME, EVENTSUBTYPEDESCRIPTION, EVENTTYPEID, CREATEDBY, DATECREATED, MSGGROUP_ID, ISACTIVE)
 Values
   ('190', 'Independent Driver Decision', 'Driver is unaware', '40', 'kkanuganti', 
    TO_DATE('01/23/2013 10:37:00', 'MM/DD/YYYY HH24:MI:SS'), '5', 'X');
Insert into TRANSP.EVENTSUBTYPE
   (ID, EVENTSUBTYPENAME, EVENTSUBTYPEDESCRIPTION, EVENTTYPEID, CREATEDBY, DATECREATED, MSGGROUP_ID, ISACTIVE)
 Values
   ('192', 'Driver Not Responding', 'OPS Center Agent has sent a minimum of 2 Next', '41', 'kkanuganti', 
    TO_DATE('01/23/2013 10:37:00', 'MM/DD/YYYY HH24:MI:SS'), '5', 'X');
Insert into TRANSP.EVENTSUBTYPE
   (ID, EVENTSUBTYPENAME, EVENTSUBTYPEDESCRIPTION, EVENTTYPEID, CREATEDBY, DATECREATED, MSGGROUP_ID, ISACTIVE)
 Values
   ('193', 'Telargo System Problem', 'TBD', '41', 'kkanuganti', 
    TO_DATE('01/23/2013 10:37:00', 'MM/DD/YYYY HH24:MI:SS'), '8', 'X');
Insert into TRANSP.EVENTSUBTYPE
   (ID, EVENTSUBTYPENAME, EVENTSUBTYPEDESCRIPTION, EVENTTYPEID, CREATEDBY, DATECREATED, MSGGROUP_ID, ISACTIVE)
 Values
   ('195', 'Other', 'Any reason that does not fall within any of t', '41', 'kkanuganti', 
    TO_DATE('01/23/2013 10:37:00', 'MM/DD/YYYY HH24:MI:SS'), '14', 'X');
Insert into TRANSP.EVENTSUBTYPE
   (ID, EVENTSUBTYPENAME, EVENTSUBTYPEDESCRIPTION, EVENTTYPEID, CREATEDBY, DATECREATED, MSGGROUP_ID, ISACTIVE)
 Values
   ('196', 'Driver Not Responding', 'OPS Center Agent has sent a minimum of 2 Next', '43', 'kkanuganti', 
    TO_DATE('01/23/2013 10:37:00', 'MM/DD/YYYY HH24:MI:SS'), '5', 'X');
Insert into TRANSP.EVENTSUBTYPE
   (ID, EVENTSUBTYPENAME, EVENTSUBTYPEDESCRIPTION, EVENTTYPEID, CREATEDBY, DATECREATED, MSGGROUP_ID, ISACTIVE)
 Values
   ('197', 'Telargo System Problem', 'Examples include: Event: is blank or no alert', '43', 'kkanuganti', 
    TO_DATE('01/23/2013 10:37:00', 'MM/DD/YYYY HH24:MI:SS'), '8', 'X');
Insert into TRANSP.EVENTSUBTYPE
   (ID, EVENTSUBTYPENAME, EVENTSUBTYPEDESCRIPTION, EVENTTYPEID, CREATEDBY, DATECREATED, MSGGROUP_ID, ISACTIVE)
 Values
   ('198', 'Equipment Failure', 'Emergency Brake is engaged and truck is out o', '43', 'kkanuganti', 
    TO_DATE('01/23/2013 10:37:00', 'MM/DD/YYYY HH24:MI:SS'), '10', 'X');
Insert into TRANSP.EVENTSUBTYPE
   (ID, EVENTSUBTYPENAME, EVENTSUBTYPEDESCRIPTION, EVENTTYPEID, CREATEDBY, DATECREATED, MSGGROUP_ID, ISACTIVE)
 Values
   ('199', 'Independent Driver Decision', 'Driver is unaware that his Emergency Brake is', '43', 'kkanuganti', 
    TO_DATE('01/23/2013 10:37:00', 'MM/DD/YYYY HH24:MI:SS'), '5', 'X');
Insert into TRANSP.EVENTSUBTYPE
   (ID, EVENTSUBTYPENAME, EVENTSUBTYPEDESCRIPTION, EVENTTYPEID, CREATEDBY, DATECREATED, MSGGROUP_ID, ISACTIVE)
 Values
   ('200', 'Other', 'Any reason that does not fall within any of t', '43', 'kkanuganti', 
    TO_DATE('01/23/2013 10:37:00', 'MM/DD/YYYY HH24:MI:SS'), '14', 'X');
Insert into TRANSP.EVENTSUBTYPE
   (ID, EVENTSUBTYPENAME, EVENTSUBTYPEDESCRIPTION, EVENTTYPEID, CREATEDBY, DATECREATED, MSGGROUP_ID, ISACTIVE)
 Values
   ('201', 'Independent Driver Decision', 'Driver reports that he isnt aware of the door', '35', 'kkanuganti', 
    TO_DATE('01/23/2013 10:37:00', 'MM/DD/YYYY HH24:MI:SS'), '5', 'X');
Insert into TRANSP.EVENTSUBTYPE
   (ID, EVENTSUBTYPENAME, EVENTSUBTYPEDESCRIPTION, EVENTTYPEID, CREATEDBY, DATECREATED, MSGGROUP_ID, ISACTIVE)
 Values
   ('202', 'Independent Driver Decision', 'Driver reports that he isnt aware of the door', '36', 'kkanuganti', 
    TO_DATE('01/23/2013 10:37:00', 'MM/DD/YYYY HH24:MI:SS'), '5', 'X');
Insert into TRANSP.EVENTSUBTYPE
   (ID, EVENTSUBTYPENAME, EVENTSUBTYPEDESCRIPTION, EVENTTYPEID, CREATEDBY, DATECREATED, MSGGROUP_ID, ISACTIVE)
 Values
   ('203', 'Telargo Equipment Failure', 'Sensor Issue open/close within a short period', '36', 'kkanuganti', 
    TO_DATE('01/23/2013 10:37:00', 'MM/DD/YYYY HH24:MI:SS'), '10', 'X');
Insert into TRANSP.EVENTSUBTYPE
   (ID, EVENTSUBTYPENAME, EVENTSUBTYPEDESCRIPTION, EVENTTYPEID, CREATEDBY, DATECREATED, ISACTIVE)
 Values
   ('204', 'Emergency Brake OFF', 'While taking action on the alert, event value', '43', 'kkanuganti', 
    TO_DATE('01/23/2013 10:37:00', 'MM/DD/YYYY HH24:MI:SS'), 'X');
Insert into TRANSP.EVENTSUBTYPE
   (ID, EVENTSUBTYPENAME, EVENTSUBTYPEDESCRIPTION, EVENTTYPEID, CREATEDBY, DATECREATED, ISACTIVE)
 Values
   ('205', 'Door Closed', 'While taking action on the alert, event value', '40', 'kkanuganti', 
    TO_DATE('01/23/2013 10:37:00', 'MM/DD/YYYY HH24:MI:SS'), 'X');
Insert into TRANSP.EVENTSUBTYPE
   (ID, EVENTSUBTYPENAME, EVENTSUBTYPEDESCRIPTION, EVENTTYPEID, CREATEDBY, DATECREATED, MSGGROUP_ID, ISACTIVE)
 Values
   ('207', 'Equipment Failure', 'Driver reports equipment issue (i.e.door not', '36', 'kkanuganti', 
    TO_DATE('01/23/2013 10:37:00', 'MM/DD/YYYY HH24:MI:SS'), '2', 'X');
Insert into TRANSP.EVENTSUBTYPE
   (ID, EVENTSUBTYPENAME, EVENTSUBTYPEDESCRIPTION, EVENTTYPEID, CREATEDBY, DATECREATED, ISACTIVE)
 Values
   ('208', 'EB On and Ignition Off at the base', 'Emergency Brake is ON, and the truck ignition', '43', 'kkanuganti', 
    TO_DATE('01/23/2013 10:37:00', 'MM/DD/YYYY HH24:MI:SS'), 'X');
Insert into TRANSP.EVENTSUBTYPE
   (ID, EVENTSUBTYPENAME, EVENTSUBTYPEDESCRIPTION, EVENTTYPEID, CREATEDBY, DATECREATED, MSGGROUP_ID, ISACTIVE)
 Values
   ('209', 'Incomplete FireTruck-IFS Handoff', 'Incomplete FireTruck-IFS Handoff', '23', 'kkanuganti', 
    TO_DATE('01/23/2013 10:37:00', 'MM/DD/YYYY HH24:MI:SS'), '16', 'X');
Insert into TRANSP.EVENTSUBTYPE
   (ID, EVENTSUBTYPENAME, EVENTSUBTYPEDESCRIPTION, EVENTTYPEID, CREATEDBY, DATECREATED, ISACTIVE)
 Values
   ('210', 'Cust Call Requested/IVR Issue', 'Cust Call Requested/IVR Issue', '44', 'kkanuganti', 
    TO_DATE('01/23/2013 10:37:00', 'MM/DD/YYYY HH24:MI:SS'), 'X');
Insert into TRANSP.EVENTSUBTYPE
   (ID, EVENTSUBTYPENAME, EVENTSUBTYPEDESCRIPTION, EVENTTYPEID, CREATEDBY, DATECREATED, ISACTIVE)
 Values
   ('211', 'Scanner Issue', 'Scanner Issue', '44', 'kkanuganti', 
    TO_DATE('01/23/2013 10:37:00', 'MM/DD/YYYY HH24:MI:SS'), 'X');
Insert into TRANSP.EVENTSUBTYPE
   (ID, EVENTSUBTYPENAME, EVENTSUBTYPEDESCRIPTION, EVENTTYPEID, CREATEDBY, DATECREATED, ISACTIVE)
 Values
   ('212', 'Missing/Damaged/Found Carton', 'Missing/Damaged/Found Carton', '44', 'kkanuganti', 
    TO_DATE('01/23/2013 10:37:00', 'MM/DD/YYYY HH24:MI:SS'), 'X');
Insert into TRANSP.EVENTSUBTYPE
   (ID, EVENTSUBTYPENAME, EVENTSUBTYPEDESCRIPTION, EVENTTYPEID, CREATEDBY, DATECREATED, ISACTIVE)
 Values
   ('213', 'Other', 'Other', '44', 'kkanuganti', 
    TO_DATE('01/23/2013 10:37:00', 'MM/DD/YYYY HH24:MI:SS'), 'X');
Insert into TRANSP.EVENTSUBTYPE
   (ID, EVENTSUBTYPENAME, EVENTSUBTYPEDESCRIPTION, EVENTTYPEID, CREATEDBY, DATECREATED, ISACTIVE)
 Values
   ('215', '2nd Attempt Completed', '2nd Attempt Completed', '44', 'kkanuganti', 
    TO_DATE('01/23/2013 10:37:00', 'MM/DD/YYYY HH24:MI:SS'), 'X');
Insert into TRANSP.EVENTSUBTYPE
   (ID, EVENTSUBTYPENAME, EVENTSUBTYPEDESCRIPTION, EVENTTYPEID, CREATEDBY, DATECREATED, ISACTIVE)
 Values
   ('216', 'Confirm/Forgot to scan', 'Confirm/Forgot to scan', '44', 'kkanuganti', 
    TO_DATE('01/23/2013 10:37:00', 'MM/DD/YYYY HH24:MI:SS'), 'X');
Insert into TRANSP.EVENTSUBTYPE
   (ID, EVENTSUBTYPENAME, EVENTSUBTYPEDESCRIPTION, EVENTTYPEID, CREATEDBY, DATECREATED, ISACTIVE)
 Values
   ('217', 'Needs Directions/Address', 'Needs Directions/Address', '44', 'kkanuganti', 
    TO_DATE('01/23/2013 10:37:00', 'MM/DD/YYYY HH24:MI:SS'), 'X');
Insert into TRANSP.EVENTSUBTYPE
   (ID, EVENTSUBTYPENAME, EVENTSUBTYPEDESCRIPTION, EVENTTYPEID, CREATEDBY, DATECREATED, ISACTIVE)
 Values
   ('218', 'Report Late, FT not needed', 'Report Late, FT not needed', '44', 'kkanuganti', 
    TO_DATE('01/23/2013 10:37:00', 'MM/DD/YYYY HH24:MI:SS'), 'X');
Insert into TRANSP.EVENTSUBTYPE
   (ID, EVENTSUBTYPENAME, EVENTSUBTYPEDESCRIPTION, EVENTTYPEID, CREATEDBY, DATECREATED, ISACTIVE)
 Values
   ('219', 'Request Firetruck', 'Request Firetruck', '44', 'kkanuganti', 
    TO_DATE('01/23/2013 10:37:00', 'MM/DD/YYYY HH24:MI:SS'), 'X');
Insert into TRANSP.EVENTSUBTYPE
   (ID, EVENTSUBTYPENAME, EVENTSUBTYPEDESCRIPTION, EVENTTYPEID, CREATEDBY, DATECREATED)
 Values
   ('220', '2nd Attempt Verify Cust is Home', '2nd Attempt Verify Cust is Home', '44', 'kkanuganti', 
    TO_DATE('01/23/2013 10:37:00', 'MM/DD/YYYY HH24:MI:SS'));
Insert into TRANSP.EVENTSUBTYPE
   (ID, EVENTSUBTYPENAME, EVENTSUBTYPEDESCRIPTION, EVENTTYPEID, CREATEDBY, DATECREATED)
 Values
   ('221', 'Nxtl- 2nd Attempt Completed', 'Nxtl- 2nd Attempt Completed', '24', 'kkanuganti', 
    TO_DATE('01/23/2013 10:37:00', 'MM/DD/YYYY HH24:MI:SS'));
Insert into TRANSP.EVENTSUBTYPE
   (ID, EVENTSUBTYPENAME, EVENTSUBTYPEDESCRIPTION, EVENTTYPEID, CREATEDBY, DATECREATED)
 Values
   ('222', 'Nxtl- Confirm/Forgot to Scan', 'Nxtl- Confirm/Forgot to Scan', '24', 'kkanuganti', 
    TO_DATE('01/23/2013 10:37:00', 'MM/DD/YYYY HH24:MI:SS'));
Insert into TRANSP.EVENTSUBTYPE
   (ID, EVENTSUBTYPENAME, EVENTSUBTYPEDESCRIPTION, EVENTTYPEID, CREATEDBY, DATECREATED)
 Values
   ('223', 'Nxtl- Cust Call Requested, no IVR Issue', 'Nxtl- Cust Call Requested, no IVR Issue', '24', 'kkanuganti', 
    TO_DATE('01/23/2013 10:37:00', 'MM/DD/YYYY HH24:MI:SS'));
Insert into TRANSP.EVENTSUBTYPE
   (ID, EVENTSUBTYPENAME, EVENTSUBTYPEDESCRIPTION, EVENTTYPEID, CREATEDBY, DATECREATED)
 Values
   ('224', 'Nxtl- Missing/Damaged/Found Carton', 'Nxtl- Missing/Damaged/Found Carton', '24', 'kkanuganti', 
    TO_DATE('01/23/2013 10:37:00', 'MM/DD/YYYY HH24:MI:SS'));
Insert into TRANSP.EVENTSUBTYPE
   (ID, EVENTSUBTYPENAME, EVENTSUBTYPEDESCRIPTION, EVENTTYPEID, CREATEDBY, DATECREATED)
 Values
   ('225', 'Nxtl- Needs Directions/Address', 'Nxtl- Needs Directions/Address', '24', 'kkanuganti', 
    TO_DATE('01/23/2013 10:37:00', 'MM/DD/YYYY HH24:MI:SS'));
Insert into TRANSP.EVENTSUBTYPE
   (ID, EVENTSUBTYPENAME, EVENTSUBTYPEDESCRIPTION, EVENTTYPEID, CREATEDBY, DATECREATED)
 Values
   ('227', 'Nxtl- Other', 'Nxtl- Other', '24', 'kkanuganti', 
    TO_DATE('01/23/2013 10:37:00', 'MM/DD/YYYY HH24:MI:SS'));
Insert into TRANSP.EVENTSUBTYPE
   (ID, EVENTSUBTYPENAME, EVENTSUBTYPEDESCRIPTION, EVENTTYPEID, CREATEDBY, DATECREATED)
 Values
   ('228', 'Nxtl- Report Late, FT not needed', 'Nxtl- Report Late, FT not needed', '24', 'kkanuganti', 
    TO_DATE('01/23/2013 10:37:00', 'MM/DD/YYYY HH24:MI:SS'));
Insert into TRANSP.EVENTSUBTYPE
   (ID, EVENTSUBTYPENAME, EVENTSUBTYPEDESCRIPTION, EVENTTYPEID, CREATEDBY, DATECREATED)
 Values
   ('229', 'Nxtl- Request FireTruck', 'Nxtl- Request FireTruck', '24', 'kkanuganti', 
    TO_DATE('01/23/2013 10:37:00', 'MM/DD/YYYY HH24:MI:SS'));
Insert into TRANSP.EVENTSUBTYPE
   (ID, EVENTSUBTYPENAME, EVENTSUBTYPEDESCRIPTION, EVENTTYPEID, CREATEDBY, DATECREATED)
 Values
   ('230', 'Nxtl- Scanner Issue', 'Nxtl- Scanner Issue', '24', 'kkanuganti', 
    TO_DATE('01/23/2013 10:37:00', 'MM/DD/YYYY HH24:MI:SS'));
Insert into TRANSP.EVENTSUBTYPE
   (ID, EVENTSUBTYPENAME, EVENTSUBTYPEDESCRIPTION, EVENTTYPEID, CREATEDBY, DATECREATED)
 Values
   ('231', 'Nxtl- 1st Attempt Completed', 'Nxtl- 1st Attempt Completed', '24', 'kkanuganti', 
    TO_DATE('01/23/2013 10:37:00', 'MM/DD/YYYY HH24:MI:SS'));
Insert into TRANSP.EVENTSUBTYPE
   (ID, EVENTSUBTYPENAME, EVENTSUBTYPEDESCRIPTION, EVENTTYPEID, CREATEDBY, DATECREATED)
 Values
   ('232', 'At Risk Recap', 'At Risk Recap', '24', 'kkanuganti', 
    TO_DATE('01/23/2013 10:37:00', 'MM/DD/YYYY HH24:MI:SS'));
Insert into TRANSP.EVENTSUBTYPE
   (ID, EVENTSUBTYPENAME, EVENTSUBTYPEDESCRIPTION, EVENTTYPEID, CREATEDBY, DATECREATED)
 Values
   ('233', 'Nxtl- IVR Issue', 'Nxtl- IVR Issue', '24', 'kkanuganti', 
    TO_DATE('01/23/2013 10:37:00', 'MM/DD/YYYY HH24:MI:SS'));
Insert into TRANSP.EVENTSUBTYPE
   (ID, EVENTSUBTYPENAME, EVENTSUBTYPEDESCRIPTION, EVENTTYPEID, CREATEDBY, DATECREATED, ISACTIVE)
 Values
   ('234', 'At Risk Recap - Driver did not call us abou', 'At Risk Recap - Driver did not call us abou', '24', 'kkanuganti', 
    TO_DATE('01/23/2013 10:37:00', 'MM/DD/YYYY HH24:MI:SS'), 'X');
Insert into TRANSP.EVENTSUBTYPE
   (ID, EVENTSUBTYPENAME, EVENTSUBTYPEDESCRIPTION, EVENTTYPEID, CREATEDBY, DATECREATED, ISACTIVE)
 Values
   ('235', 'At Risk Recap - Spoke with driver, but not', 'At Risk Recap - Spoke with driver, but not', '24', 'kkanuganti', 
    TO_DATE('01/23/2013 10:37:00', 'MM/DD/YYYY HH24:MI:SS'), 'X');
Insert into TRANSP.EVENTSUBTYPE
   (ID, EVENTSUBTYPENAME, EVENTSUBTYPEDESCRIPTION, EVENTTYPEID, CREATEDBY, DATECREATED, ISACTIVE)
 Values
   ('236', 'At Risk Recap - Scanning Issue', 'At Risk Recap - Scanning Issue', '24', 'kkanuganti', 
    TO_DATE('01/23/2013 10:37:00', 'MM/DD/YYYY HH24:MI:SS'), 'X');
Insert into TRANSP.EVENTSUBTYPE
   (ID, EVENTSUBTYPENAME, EVENTSUBTYPEDESCRIPTION, EVENTTYPEID, CREATEDBY, DATECREATED, ISACTIVE)
 Values
   ('237', 'At Risk Recap - Forgot to Scan in window', 'At Risk Recap - Forgot to Scan in window', '24', 'kkanuganti', 
    TO_DATE('01/23/2013 10:37:00', 'MM/DD/YYYY HH24:MI:SS'), 'X');
Insert into TRANSP.EVENTSUBTYPE
   (ID, EVENTSUBTYPENAME, EVENTSUBTYPEDESCRIPTION, EVENTTYPEID, CREATEDBY, DATECREATED, ISACTIVE)
 Values
   ('238', 'At Risk Recap - Other', 'At Risk Recap - Other', '24', 'kkanuganti', 
    TO_DATE('01/23/2013 10:37:00', 'MM/DD/YYYY HH24:MI:SS'), 'X');
Insert into TRANSP.EVENTSUBTYPE
   (ID, EVENTSUBTYPENAME, EVENTSUBTYPEDESCRIPTION, EVENTTYPEID, CREATEDBY, DATECREATED, ISACTIVE)
 Values
   ('239', 'Special Delivery', 'Special Delivery', '23', 'kkanuganti', 
    TO_DATE('01/23/2013 10:37:00', 'MM/DD/YYYY HH24:MI:SS'), 'X');
Insert into TRANSP.EVENTSUBTYPE
   (ID, EVENTSUBTYPENAME, EVENTSUBTYPEDESCRIPTION, EVENTTYPEID, CREATEDBY, DATECREATED, ISACTIVE)
 Values
   ('240', 'Pick-Up', 'Pick-Up', '23', 'kkanuganti', 
    TO_DATE('01/23/2013 10:37:00', 'MM/DD/YYYY HH24:MI:SS'), 'X');
Insert into TRANSP.EVENTSUBTYPE
   (ID, EVENTSUBTYPENAME, EVENTSUBTYPEDESCRIPTION, EVENTTYPEID, CREATEDBY, DATECREATED, ISACTIVE)
 Values
   ('241', 'Window Steering Turned On', 'Activated window steering promotion', '26', 'kkanuganti', 
    TO_DATE('01/23/2013 10:37:00', 'MM/DD/YYYY HH24:MI:SS'), 'X');
Insert into TRANSP.EVENTSUBTYPE
   (ID, EVENTSUBTYPENAME, EVENTSUBTYPEDESCRIPTION, EVENTTYPEID, CREATEDBY, DATECREATED)
 Values
   ('242', 'Food Safety', 'Food Safety', '23', 'kkanuganti', 
    TO_DATE('01/23/2013 10:37:00', 'MM/DD/YYYY HH24:MI:SS'));
Insert into TRANSP.EVENTSUBTYPE
   (ID, EVENTSUBTYPENAME, EVENTSUBTYPEDESCRIPTION, EVENTTYPEID, CREATEDBY, DATECREATED, ISACTIVE)
 Values
   ('243', 'Risk', 'Risk', '23', 'kkanuganti', 
    TO_DATE('01/23/2013 10:37:00', 'MM/DD/YYYY HH24:MI:SS'), 'X');
Insert into TRANSP.EVENTSUBTYPE
   (ID, EVENTSUBTYPENAME, EVENTSUBTYPEDESCRIPTION, EVENTTYPEID, CREATEDBY, DATECREATED, MSGGROUP_ID, ISACTIVE)
 Values
   ('244', 'Mirror', 'Mirror Broken', '9', 'kkanuganti', 
    TO_DATE('01/23/2013 10:37:00', 'MM/DD/YYYY HH24:MI:SS'), '3', 'X');
Insert into TRANSP.EVENTSUBTYPE
   (ID, EVENTSUBTYPENAME, EVENTSUBTYPEDESCRIPTION, EVENTTYPEID, CREATEDBY, DATECREATED, ISACTIVE)
 Values
   ('245', 'COS Recap 8-11am', 'COS Recap 8-11am', '24', 'kkanuganti', 
    TO_DATE('01/23/2013 10:37:00', 'MM/DD/YYYY HH24:MI:SS'), 'X');
Insert into TRANSP.EVENTSUBTYPE
   (ID, EVENTSUBTYPENAME, EVENTSUBTYPEDESCRIPTION, EVENTTYPEID, CREATEDBY, DATECREATED, ISACTIVE)
 Values
   ('246', 'COS Recap 11-2pm', 'COS Recap 11-2pm', '24', 'kkanuganti', 
    TO_DATE('01/23/2013 10:37:00', 'MM/DD/YYYY HH24:MI:SS'), 'X');
Insert into TRANSP.EVENTSUBTYPE
   (ID, EVENTSUBTYPENAME, EVENTSUBTYPEDESCRIPTION, EVENTTYPEID, CREATEDBY, DATECREATED, ISACTIVE)
 Values
   ('247', 'COS Recap 2-4pm', 'COS Recap 2-4pm', '24', 'kkanuganti', 
    TO_DATE('01/23/2013 10:37:00', 'MM/DD/YYYY HH24:MI:SS'), 'X');
Insert into TRANSP.EVENTSUBTYPE
   (ID, EVENTSUBTYPENAME, EVENTSUBTYPEDESCRIPTION, EVENTTYPEID, CREATEDBY, DATECREATED, ISACTIVE)
 Values
   ('248', 'COS Recap Overall', 'COS Recap Overall', '24', 'kkanuganti', 
    TO_DATE('01/23/2013 10:37:00', 'MM/DD/YYYY HH24:MI:SS'), 'X');
Insert into TRANSP.EVENTSUBTYPE
   (ID, EVENTSUBTYPENAME, EVENTSUBTYPEDESCRIPTION, EVENTTYPEID, CREATEDBY, DATECREATED, ISACTIVE)
 Values
   ('249', 'AirClic Equipment', 'AirClic Equipment', '45', 'kkanuganti', 
    TO_DATE('01/23/2013 10:37:00', 'MM/DD/YYYY HH24:MI:SS'), 'X');
Insert into TRANSP.EVENTSUBTYPE
   (ID, EVENTSUBTYPENAME, EVENTSUBTYPEDESCRIPTION, EVENTTYPEID, CREATEDBY, DATECREATED, ISACTIVE)
 Values
   ('250', 'Delivery Asst.', 'Delivery Asst.', '45', 'kkanuganti', 
    TO_DATE('01/23/2013 10:37:00', 'MM/DD/YYYY HH24:MI:SS'), 'X');
Insert into TRANSP.EVENTSUBTYPE
   (ID, EVENTSUBTYPENAME, EVENTSUBTYPEDESCRIPTION, EVENTTYPEID, CREATEDBY, DATECREATED)
 Values
   ('251', 'Late Box', 'Late Box', '45', 'kkanuganti', 
    TO_DATE('01/23/2013 10:37:00', 'MM/DD/YYYY HH24:MI:SS'));
Insert into TRANSP.EVENTSUBTYPE
   (ID, EVENTSUBTYPENAME, EVENTSUBTYPEDESCRIPTION, EVENTTYPEID, CREATEDBY, DATECREATED, MSGGROUP_ID, ISACTIVE)
 Values
   ('252', 'Mechanical Issue', 'Mechanical Issue', '45', 'kkanuganti', 
    TO_DATE('01/23/2013 10:37:00', 'MM/DD/YYYY HH24:MI:SS'), '3', 'X');
Insert into TRANSP.EVENTSUBTYPE
   (ID, EVENTSUBTYPENAME, EVENTSUBTYPEDESCRIPTION, EVENTTYPEID, CREATEDBY, DATECREATED, ISACTIVE)
 Values
   ('253', 'Other', 'Other', '45', 'kkanuganti', 
    TO_DATE('01/23/2013 10:37:00', 'MM/DD/YYYY HH24:MI:SS'), 'X');
Insert into TRANSP.EVENTSUBTYPE
   (ID, EVENTSUBTYPENAME, EVENTSUBTYPEDESCRIPTION, EVENTTYPEID, CREATEDBY, DATECREATED)
 Values
   ('254', 'False/Scanner Issue', 'False/Scanner Issue', '24', 'kkanuganti', 
    TO_DATE('01/23/2013 10:37:00', 'MM/DD/YYYY HH24:MI:SS'));
Insert into TRANSP.EVENTSUBTYPE
   (ID, EVENTSUBTYPENAME, EVENTSUBTYPEDESCRIPTION, EVENTTYPEID, CREATEDBY, DATECREATED)
 Values
   ('255', 'Nxtl- Unable to Hear Driver/Ops', 'Nxtl- Unable to Hear Driver/Ops', '24', 'kkanuganti', 
    TO_DATE('01/23/2013 10:37:00', 'MM/DD/YYYY HH24:MI:SS'));
Insert into TRANSP.EVENTSUBTYPE
   (ID, EVENTSUBTYPENAME, EVENTSUBTYPEDESCRIPTION, EVENTTYPEID, CREATEDBY, DATECREATED)
 Values
   ('256', 'Nxtl- MOT/FireTruck Calling In', 'Nxtl- MOT/FireTruck Calling In', '24', 'kkanuganti', 
    TO_DATE('01/23/2013 10:37:00', 'MM/DD/YYYY HH24:MI:SS'));
Insert into TRANSP.EVENTSUBTYPE
   (ID, EVENTSUBTYPENAME, EVENTSUBTYPEDESCRIPTION, EVENTTYPEID, CREATEDBY, DATECREATED, ISACTIVE)
 Values
   ('257', 'No Issues', 'No Issues', '46', 'kkanuganti', 
    TO_DATE('01/23/2013 10:37:00', 'MM/DD/YYYY HH24:MI:SS'), 'X');
Insert into TRANSP.EVENTSUBTYPE
   (ID, EVENTSUBTYPENAME, EVENTSUBTYPEDESCRIPTION, EVENTTYPEID, CREATEDBY, DATECREATED, MSGGROUP_ID, ISACTIVE)
 Values
   ('258', 'Misload - Duplicate Box', 'Misload - Duplicate Box', '47', 'kkanuganti', 
    TO_DATE('01/23/2013 10:37:00', 'MM/DD/YYYY HH24:MI:SS'), '7', 'X');
Insert into TRANSP.EVENTSUBTYPE
   (ID, EVENTSUBTYPENAME, EVENTSUBTYPEDESCRIPTION, EVENTTYPEID, CREATEDBY, DATECREATED, MSGGROUP_ID, ISACTIVE)
 Values
   ('259', 'Misload - Not Reported', 'Misload - Not Reported', '47', 'kkanuganti', 
    TO_DATE('01/23/2013 10:37:00', 'MM/DD/YYYY HH24:MI:SS'), '7', 'X');
Insert into TRANSP.EVENTSUBTYPE
   (ID, EVENTSUBTYPENAME, EVENTSUBTYPEDESCRIPTION, EVENTTYPEID, CREATEDBY, DATECREATED, MSGGROUP_ID, ISACTIVE)
 Values
   ('260', 'Fraud Found', 'Fraud Found', '46', 'kkanuganti', 
    TO_DATE('01/23/2013 10:37:00', 'MM/DD/YYYY HH24:MI:SS'), '12', 'X');
Insert into TRANSP.EVENTSUBTYPE
   (ID, EVENTSUBTYPENAME, EVENTSUBTYPEDESCRIPTION, EVENTTYPEID, CREATEDBY, DATECREATED, ISACTIVE)
 Values
   ('261', 'Holiday Meal Replacement', 'Holiday Meal Replacement', '23', 'kkanuganti', 
    TO_DATE('01/23/2013 10:37:00', 'MM/DD/YYYY HH24:MI:SS'), 'X');
Insert into TRANSP.EVENTSUBTYPE
   (ID, EVENTSUBTYPENAME, EVENTSUBTYPEDESCRIPTION, EVENTTYPEID, CREATEDBY, DATECREATED, MSGGROUP_ID, ISACTIVE)
 Values
   ('262', 'Intermec issue', 'phone issues', '11', 'kkanuganti', 
    TO_DATE('01/23/2013 10:37:00', 'MM/DD/YYYY HH24:MI:SS'), '2', 'X');
Insert into TRANSP.EVENTSUBTYPE
   (ID, EVENTSUBTYPENAME, EVENTSUBTYPEDESCRIPTION, EVENTTYPEID, CREATEDBY, DATECREATED, MSGGROUP_ID, ISACTIVE)
 Values
   ('263', 'Intermec issues', 'Phone issues reported', '48', 'kkanuganti', 
    TO_DATE('01/23/2013 10:37:00', 'MM/DD/YYYY HH24:MI:SS'), '2', 'X');
Insert into TRANSP.EVENTSUBTYPE
   (ID, EVENTSUBTYPENAME, EVENTSUBTYPEDESCRIPTION, EVENTTYPEID, CREATEDBY, DATECREATED, ISACTIVE)
 Values
   ('264', 'End of Shift Recap', 'End of Shift Recap', '50', 'kkanuganti', 
    TO_DATE('01/23/2013 10:37:00', 'MM/DD/YYYY HH24:MI:SS'), 'X');
Insert into TRANSP.EVENTSUBTYPE
   (ID, EVENTSUBTYPENAME, EVENTSUBTYPEDESCRIPTION, EVENTTYPEID, CREATEDBY, DATECREATED, ISACTIVE)
 Values
   ('265', 'Freeze', 'Freeze', '51', 'kkanuganti', 
    TO_DATE('01/23/2013 10:37:00', 'MM/DD/YYYY HH24:MI:SS'), 'X');
Insert into TRANSP.EVENTSUBTYPE
   (ID, EVENTSUBTYPENAME, EVENTSUBTYPEDESCRIPTION, EVENTTYPEID, CREATEDBY, DATECREATED, ISACTIVE)
 Values
   ('266', 'Battery', 'Battery', '51', 'kkanuganti', 
    TO_DATE('01/23/2013 10:37:00', 'MM/DD/YYYY HH24:MI:SS'), 'X');
Insert into TRANSP.EVENTSUBTYPE
   (ID, EVENTSUBTYPENAME, EVENTSUBTYPEDESCRIPTION, EVENTTYPEID, CREATEDBY, DATECREATED, ISACTIVE)
 Values
   ('267', 'Upload', 'Upload', '51', 'kkanuganti', 
    TO_DATE('01/23/2013 10:37:00', 'MM/DD/YYYY HH24:MI:SS'), 'X');
Insert into TRANSP.EVENTSUBTYPE
   (ID, EVENTSUBTYPENAME, EVENTSUBTYPEDESCRIPTION, EVENTTYPEID, CREATEDBY, DATECREATED, ISACTIVE)
 Values
   ('268', 'Other', 'Other', '51', 'kkanuganti', 
    TO_DATE('01/23/2013 10:37:00', 'MM/DD/YYYY HH24:MI:SS'), 'X');
Insert into TRANSP.EVENTSUBTYPE
   (ID, EVENTSUBTYPENAME, EVENTSUBTYPEDESCRIPTION, EVENTTYPEID, CREATEDBY, DATECREATED, MSGGROUP_ID, ISACTIVE)
 Values
   ('269', 'D Shift Recap', 'End of Shift Recap', '37', 'kkanuganti', 
    TO_DATE('01/23/2013 10:37:00', 'MM/DD/YYYY HH24:MI:SS'), '14', 'X');
Insert into TRANSP.EVENTSUBTYPE
   (ID, EVENTSUBTYPENAME, EVENTSUBTYPEDESCRIPTION, EVENTTYPEID, CREATEDBY, DATECREATED, ISACTIVE)
 Values
   ('270', 'Unfulfilled Request', 'Unfulfilled Request', '26', 'kkanuganti', 
    TO_DATE('01/23/2013 10:37:00', 'MM/DD/YYYY HH24:MI:SS'), 'X');
Insert into TRANSP.EVENTSUBTYPE
   (ID, EVENTSUBTYPENAME, EVENTSUBTYPEDESCRIPTION, EVENTTYPEID, CREATEDBY, DATECREATED, ISACTIVE)
 Values
   ('271', 'Volume', 'Volume', '51', 'kkanuganti', 
    TO_DATE('01/23/2013 10:37:00', 'MM/DD/YYYY HH24:MI:SS'), 'X');
Insert into TRANSP.EVENTSUBTYPE
   (ID, EVENTSUBTYPENAME, EVENTSUBTYPEDESCRIPTION, EVENTTYPEID, CREATEDBY, DATECREATED, ISACTIVE)
 Values
   ('272', 'Ops can hear driver', 'Ops can hear driver', '51', 'kkanuganti', 
    TO_DATE('01/23/2013 10:37:00', 'MM/DD/YYYY HH24:MI:SS'), 'X');
Insert into TRANSP.EVENTSUBTYPE
   (ID, EVENTSUBTYPENAME, EVENTSUBTYPEDESCRIPTION, EVENTTYPEID, CREATEDBY, DATECREATED, ISACTIVE)
 Values
   ('273', 'Driver can hear Ops', 'Driver can hear Ops', '51', 'kkanuganti', 
    TO_DATE('01/23/2013 10:37:00', 'MM/DD/YYYY HH24:MI:SS'), 'X');
Insert into TRANSP.EVENTSUBTYPE
   (ID, EVENTSUBTYPENAME, EVENTSUBTYPEDESCRIPTION, EVENTTYPEID, CREATEDBY, DATECREATED, ISACTIVE)
 Values
   ('274', 'Scanner - Freeze', 'Scanner Issues', '24', 'kkanuganti', 
    TO_DATE('01/23/2013 10:37:00', 'MM/DD/YYYY HH24:MI:SS'), 'X');
Insert into TRANSP.EVENTSUBTYPE
   (ID, EVENTSUBTYPENAME, EVENTSUBTYPEDESCRIPTION, EVENTTYPEID, CREATEDBY, DATECREATED, ISACTIVE)
 Values
   ('275', 'Scanner - Battery Issue', 'Scanner', '24', 'kkanuganti', 
    TO_DATE('01/23/2013 10:37:00', 'MM/DD/YYYY HH24:MI:SS'), 'X');
Insert into TRANSP.EVENTSUBTYPE
   (ID, EVENTSUBTYPENAME, EVENTSUBTYPEDESCRIPTION, EVENTTYPEID, CREATEDBY, DATECREATED, ISACTIVE)
 Values
   ('276', 'Scanner - Delayed Upload', 'Scanner', '24', 'kkanuganti', 
    TO_DATE('01/23/2013 10:37:00', 'MM/DD/YYYY HH24:MI:SS'), 'X');
Insert into TRANSP.EVENTSUBTYPE
   (ID, EVENTSUBTYPENAME, EVENTSUBTYPEDESCRIPTION, EVENTTYPEID, CREATEDBY, DATECREATED, ISACTIVE)
 Values
   ('277', 'Scanner - Volume Issue', 'Scanner', '24', 'kkanuganti', 
    TO_DATE('01/23/2013 10:37:00', 'MM/DD/YYYY HH24:MI:SS'), 'X');
Insert into TRANSP.EVENTSUBTYPE
   (ID, EVENTSUBTYPENAME, EVENTSUBTYPEDESCRIPTION, EVENTTYPEID, CREATEDBY, DATECREATED, ISACTIVE)
 Values
   ('278', 'Scanner - Other', 'Scanner', '24', 'kkanuganti', 
    TO_DATE('01/23/2013 10:37:00', 'MM/DD/YYYY HH24:MI:SS'), 'X');
Insert into TRANSP.EVENTSUBTYPE
   (ID, EVENTSUBTYPENAME, EVENTSUBTYPEDESCRIPTION, EVENTTYPEID, CREATEDBY, DATECREATED, ISACTIVE)
 Values
   ('279', 'Scanner  Phone Shut-off, Cannot turn on', 'Scanner', '24', 'kkanuganti', 
    TO_DATE('01/23/2013 10:37:00', 'MM/DD/YYYY HH24:MI:SS'), 'X');
Insert into TRANSP.EVENTSUBTYPE
   (ID, EVENTSUBTYPENAME, EVENTSUBTYPEDESCRIPTION, EVENTTYPEID, CREATEDBY, DATECREATED, ISACTIVE)
 Values
   ('280', 'IVR Missing/Found Carton', 'Driver Call In', '24', 'kkanuganti', 
    TO_DATE('01/23/2013 10:37:00', 'MM/DD/YYYY HH24:MI:SS'), 'X');
Insert into TRANSP.EVENTSUBTYPE
   (ID, EVENTSUBTYPENAME, EVENTSUBTYPEDESCRIPTION, EVENTTYPEID, CREATEDBY, DATECREATED, ISACTIVE)
 Values
   ('281', 'IVR Reported Missing/Damaged Carton', 'Driver Call In', '26', 'kkanuganti', 
    TO_DATE('01/23/2013 10:37:00', 'MM/DD/YYYY HH24:MI:SS'), 'X');
Insert into TRANSP.EVENTSUBTYPE
   (ID, EVENTSUBTYPENAME, EVENTSUBTYPEDESCRIPTION, EVENTTYPEID, CREATEDBY, DATECREATED, ISACTIVE)
 Values
   ('282', 'IVR Needs Directions/Address', 'Driver Call In', '24', 'kkanuganti', 
    TO_DATE('01/23/2013 10:37:00', 'MM/DD/YYYY HH24:MI:SS'), 'X');
Insert into TRANSP.EVENTSUBTYPE
   (ID, EVENTSUBTYPENAME, EVENTSUBTYPEDESCRIPTION, EVENTTYPEID, CREATEDBY, DATECREATED, ISACTIVE)
 Values
   ('283', 'IVR Reported forgot to scan', 'Driver Call In', '24', 'kkanuganti', 
    TO_DATE('01/23/2013 10:37:00', 'MM/DD/YYYY HH24:MI:SS'), 'X');
Insert into TRANSP.EVENTSUBTYPE
   (ID, EVENTSUBTYPENAME, EVENTSUBTYPEDESCRIPTION, EVENTTYPEID, CREATEDBY, DATECREATED, ISACTIVE)
 Values
   ('284', 'IVR Customer Call Requested', 'Driver Calls In', '24', 'kkanuganti', 
    TO_DATE('01/23/2013 10:37:00', 'MM/DD/YYYY HH24:MI:SS'), 'X');
Insert into TRANSP.EVENTSUBTYPE
   (ID, EVENTSUBTYPENAME, EVENTSUBTYPEDESCRIPTION, EVENTTYPEID, CREATEDBY, DATECREATED, ISACTIVE)
 Values
   ('285', 'IVR Report Lateness', 'Driver Calls In', '24', 'kkanuganti', 
    TO_DATE('01/23/2013 10:37:00', 'MM/DD/YYYY HH24:MI:SS'), 'X');
Insert into TRANSP.EVENTSUBTYPE
   (ID, EVENTSUBTYPENAME, EVENTSUBTYPEDESCRIPTION, EVENTTYPEID, CREATEDBY, DATECREATED, ISACTIVE)
 Values
   ('286', 'IVR - Returning Ops Call', 'Driver Call In', '24', 'kkanuganti', 
    TO_DATE('01/23/2013 10:37:00', 'MM/DD/YYYY HH24:MI:SS'), 'X');
Insert into TRANSP.EVENTSUBTYPE
   (ID, EVENTSUBTYPENAME, EVENTSUBTYPEDESCRIPTION, EVENTTYPEID, CREATEDBY, DATECREATED, ISACTIVE)
 Values
   ('287', 'IVR - Other', 'Driver called in', '24', 'kkanuganti', 
    TO_DATE('01/23/2013 10:37:00', 'MM/DD/YYYY HH24:MI:SS'), 'X');
Insert into TRANSP.EVENTSUBTYPE
   (ID, EVENTSUBTYPENAME, EVENTSUBTYPEDESCRIPTION, EVENTTYPEID, CREATEDBY, DATECREATED, ISACTIVE)
 Values
   ('288', 'IVR Reported Missing/Damaged Box', 'Driver Called In', '24', 'kkanuganti', 
    TO_DATE('01/23/2013 10:37:00', 'MM/DD/YYYY HH24:MI:SS'), 'X');
Insert into TRANSP.EVENTSUBTYPE
   (ID, EVENTSUBTYPENAME, EVENTSUBTYPEDESCRIPTION, EVENTTYPEID, CREATEDBY, DATECREATED, MSGGROUP_ID, ISACTIVE)
 Values
   ('289', 'Reported Issues', 'Reported Issues', '50', 'kkanuganti', 
    TO_DATE('01/23/2013 10:37:00', 'MM/DD/YYYY HH24:MI:SS'), '9', 'X');
Insert into TRANSP.EVENTSUBTYPE
   (ID, EVENTSUBTYPENAME, EVENTSUBTYPEDESCRIPTION, EVENTTYPEID, CREATEDBY, DATECREATED, ISACTIVE)
 Values
   ('214', 'Needs Partners Number', 'Needs Partners Number', '44', 'kkanuganti', 
    TO_DATE('01/23/2013 10:37:00', 'MM/DD/YYYY HH24:MI:SS'), 'X');
Insert into TRANSP.EVENTSUBTYPE
   (ID, EVENTSUBTYPENAME, EVENTSUBTYPEDESCRIPTION, EVENTTYPEID, CREATEDBY, DATECREATED)
 Values
   ('226', 'Nxtl- Needs Partners Number', 'Nxtl- Needs Partners Number', '24', 'kkanuganti', 
    TO_DATE('01/23/2013 10:37:00', 'MM/DD/YYYY HH24:MI:SS'));
Insert into TRANSP.EVENTSUBTYPE
   (ID, EVENTSUBTYPENAME, EVENTSUBTYPEDESCRIPTION, EVENTTYPEID, CREATEDBY, DATECREATED, MSGGROUP_ID, ISACTIVE)
 Values
   ('72', 'Shelving Issue', 'Shelves need to be replaced', '9', 'kkanuganti', 
    TO_DATE('01/23/2013 10:37:00', 'MM/DD/YYYY HH24:MI:SS'), '7', 'X');
Insert into TRANSP.EVENTSUBTYPE
   (ID, EVENTSUBTYPENAME, EVENTSUBTYPEDESCRIPTION, EVENTTYPEID, CREATEDBY, DATECREATED, MSGGROUP_ID, ISACTIVE)
 Values
   ('101', 'Skin', 'Skin', '9', 'kkanuganti', 
    TO_DATE('01/23/2013 10:37:00', 'MM/DD/YYYY HH24:MI:SS'), '7', 'X');
Insert into TRANSP.EVENTSUBTYPE
   (ID, EVENTSUBTYPENAME, EVENTSUBTYPEDESCRIPTION, EVENTTYPEID, CREATEDBY, DATECREATED, MSGGROUP_ID)
 Values
   ('159', 'Other', 'Other', '35', 'kkanuganti', 
    TO_DATE('01/23/2013 10:37:00', 'MM/DD/YYYY HH24:MI:SS'), '9');
Insert into TRANSP.EVENTSUBTYPE
   (ID, EVENTSUBTYPENAME, EVENTSUBTYPEDESCRIPTION, EVENTTYPEID, CREATEDBY, DATECREATED, MSGGROUP_ID, ISACTIVE)
 Values
   ('147', 'On Premise 12AM - 5AM', 'On Premise 12AM - 5AM', '33', 'kkanuganti', 
    TO_DATE('01/23/2013 10:37:00', 'MM/DD/YYYY HH24:MI:SS'), '10', 'X');
Insert into TRANSP.EVENTSUBTYPE
   (ID, EVENTSUBTYPENAME, EVENTSUBTYPEDESCRIPTION, EVENTTYPEID, CREATEDBY, DATECREATED, MSGGROUP_ID, ISACTIVE)
 Values
   ('194', 'Independent Driver Decision', 'Driver was advised to go through the regenera', '41', 'kkanuganti', 
    TO_DATE('01/23/2013 10:37:00', 'MM/DD/YYYY HH24:MI:SS'), '10', 'X');
Insert into TRANSP.EVENTSUBTYPE
   (ID, EVENTSUBTYPENAME, EVENTSUBTYPEDESCRIPTION, EVENTTYPEID, CREATEDBY, DATECREATED, MSGGROUP_ID, ISACTIVE)
 Values
   ('168', 'B At Dispatch', 'B   At Dispatch', '37', 'kkanuganti', 
    TO_DATE('01/23/2013 10:37:00', 'MM/DD/YYYY HH24:MI:SS'), '14', 'X');
Insert into TRANSP.EVENTSUBTYPE
   (ID, EVENTSUBTYPENAME, EVENTSUBTYPEDESCRIPTION, EVENTTYPEID, CREATEDBY, DATECREATED, MSGGROUP_ID, ISACTIVE)
 Values
   ('191', 'Other', 'Any reason that does not fall within any of t', '40', 'kkanuganti', 
    TO_DATE('01/23/2013 10:37:00', 'MM/DD/YYYY HH24:MI:SS'), '14', 'X');
Insert into TRANSP.EVENTSUBTYPE
   (ID, EVENTSUBTYPENAME, EVENTSUBTYPEDESCRIPTION, EVENTTYPEID, CREATEDBY, DATECREATED, MSGGROUP_ID, ISACTIVE)
 Values
   ('206', 'Truck Unassigned/Not Dispatched', 'Truck number has not been assigned to a Route', '40', 'kkanuganti', 
    TO_DATE('01/23/2013 10:37:00', 'MM/DD/YYYY HH24:MI:SS'), '15', 'X');