INSERT INTO cms.relationshipdefinition (NAME,ID,CONTENTTYPE_ID,INHERITABLE,REQUIRED,NAVIGABLE,LABEL,CARDINALITY_CODE) VALUES ('WINE_FILTER','Category.WINE_FILTER','Category','F','F','F','Wine Filter Criteria','Many');
 
INSERT INTO cms.relationshipdestination (RELATIONSHIPDEFINITION_ID,CONTENTTYPE_ID,LABEL,ID) VALUES ('Category.WINE_FILTER','Domain',NULL,'Category.WINE_FILTER.Domain');

INSERT INTO cms.relationshipdefinition (NAME,ID,CONTENTTYPE_ID,INHERITABLE,REQUIRED,NAVIGABLE,LABEL,CARDINALITY_CODE) VALUES ('WINE_SORTING','Category.WINE_SORTING','Category','F','F','F','Wine Sort Criteria','Many');

INSERT INTO cms.relationshipdestination (RELATIONSHIPDEFINITION_ID,CONTENTTYPE_ID,LABEL,ID) VALUES ('Category.WINE_SORTING','DomainValue',NULL,'Category.WINE_SORTING.DomainValue');

INSERT INTO cms.attributedefinition (NAME,ID,CONTENTTYPE_ID,ATTRIBUTETYPE_CODE,INHERITABLE,REQUIRED,LABEL,CARDINALITY_CODE,LOOKUP_CODE) VALUES ('WINE_CLASSIFICATION','Product.WINE_CLASSIFICATION','Product','S','F','F','Wine Classification Text','One',NULL);

INSERT INTO cms.attributedefinition (NAME,ID,CONTENTTYPE_ID,ATTRIBUTETYPE_CODE,INHERITABLE,REQUIRED,LABEL,CARDINALITY_CODE,LOOKUP_CODE) VALUES ('WINE_IMPORTER','Product.WINE_IMPORTER','Product','S','F','F','Wine Importer','One',NULL);

INSERT INTO cms.attributedefinition (NAME,ID,CONTENTTYPE_ID,ATTRIBUTETYPE_CODE,INHERITABLE,REQUIRED,LABEL,CARDINALITY_CODE,LOOKUP_CODE) VALUES ('WINE_ALCH_CONTENT','Product.WINE_ALCH_CONTENT','Product','S','F','F','Wine Alchohol Content','One',NULL);

INSERT INTO cms.attributedefinition (NAME,ID,CONTENTTYPE_ID,ATTRIBUTETYPE_CODE,INHERITABLE,REQUIRED,LABEL,CARDINALITY_CODE,LOOKUP_CODE) VALUES ('WINE_AGING','Product.WINE_AGING','Product','S','F','F','Wine Aging Notes','One',NULL);

update cms.attributedefinition set label='Wine Grape' where name ='WINE_TYPE' 

INSERT INTO cms.relationshipdefinition (NAME,ID,CONTENTTYPE_ID,INHERITABLE,REQUIRED,NAVIGABLE,LABEL,CARDINALITY_CODE) VALUES ('WINE_NEW_TYPE','Product.WINE_NEW_TYPE','Product','F','F','F','Wine Type','Many');

INSERT INTO cms.relationshipdestination (RELATIONSHIPDEFINITION_ID,CONTENTTYPE_ID,LABEL,ID) VALUES ('Product.WINE_NEW_TYPE','DomainValue',NULL,'Product.WINE_NEW_TYPE.DomainValue');

INSERT INTO cms.relationshipdefinition (NAME,ID,CONTENTTYPE_ID,INHERITABLE,REQUIRED,NAVIGABLE,LABEL,CARDINALITY_CODE) VALUES ('WINE_VINTAGE','Product.WINE_VINTAGE','Product','F','F','F','Wine Vintage','Many');

INSERT INTO cms.relationshipdestination (RELATIONSHIPDEFINITION_ID,CONTENTTYPE_ID,LABEL,ID) VALUES ('Product.WINE_VINTAGE','DomainValue',NULL,'Product.WINE_VINTAGE.DomainValue'); 

INSERT INTO cms.relationshipdefinition (NAME,ID,CONTENTTYPE_ID,INHERITABLE,REQUIRED,NAVIGABLE,LABEL,CARDINALITY_CODE) VALUES ('WINE_NEW_REGION','Product.WINE_NEW_REGION','Product','F','F','F','Wine Region','Many'); 

 INSERT INTO cms.relationshipdestination (RELATIONSHIPDEFINITION_ID,CONTENTTYPE_ID,LABEL,ID) VALUES ('Product.WINE_NEW_REGION','DomainValue',NULL,'Product.WINE_NEW_REGION.DomainValue'); 
 
INSERT INTO cms.relationshipdefinition (NAME,ID,CONTENTTYPE_ID,INHERITABLE,REQUIRED,NAVIGABLE,LABEL,CARDINALITY_CODE) VALUES ('WINE_RATING1','Product.WINE_RATING1','Product','F','F','F','Wine Rating 1','Many');

 
INSERT INTO cms.relationshipdestination (RELATIONSHIPDEFINITION_ID,CONTENTTYPE_ID,LABEL,ID) VALUES ('Product.WINE_RATING1','DomainValue',NULL,'Product.WINE_RATING1.DomainValue');

INSERT INTO cms.relationshipdefinition (NAME,ID,CONTENTTYPE_ID,INHERITABLE,REQUIRED,NAVIGABLE,LABEL,CARDINALITY_CODE) VALUES ('WINE_RATING2','Product.WINE_RATING2','Product','F','F','F','Wine Rating 2','Many');

INSERT INTO cms.relationshipdestination (RELATIONSHIPDEFINITION_ID,CONTENTTYPE_ID,LABEL,ID) VALUES ('Product.WINE_RATING2','DomainValue',NULL,'Product.WINE_RATING2.DomainValue'); 
 
INSERT INTO cms.relationshipdefinition (NAME,ID,CONTENTTYPE_ID,INHERITABLE,REQUIRED,NAVIGABLE,LABEL,CARDINALITY_CODE) VALUES ('WINE_RATING3','Product.WINE_RATING3','Product','F','F','F','Wine Rating 3','Many');

INSERT INTO cms.relationshipdestination (RELATIONSHIPDEFINITION_ID,CONTENTTYPE_ID,LABEL,ID) VALUES ('Product.WINE_RATING3','DomainValue',NULL,'Product.WINE_RATING3.DomainValue');

INSERT INTO cms.relationshipdefinition (NAME,ID,CONTENTTYPE_ID,INHERITABLE,REQUIRED,NAVIGABLE,LABEL,CARDINALITY_CODE) VALUES ('WINE_REVIEW1','Product.WINE_REVIEW1','Product','F','F','F','Wine Review 1','One');

INSERT INTO cms.relationshipdestination (RELATIONSHIPDEFINITION_ID,CONTENTTYPE_ID,LABEL,ID) VALUES ('Product.WINE_REVIEW1','Html',NULL,'Product.WINE_REVIEW1.Html');

INSERT INTO cms.relationshipdefinition (NAME,ID,CONTENTTYPE_ID,INHERITABLE,REQUIRED,NAVIGABLE,LABEL,CARDINALITY_CODE) VALUES ('WINE_REVIEW2','Product.WINE_REVIEW2','Product','F','F','F','Wine Review 2','One');

INSERT INTO cms.relationshipdestination (RELATIONSHIPDEFINITION_ID,CONTENTTYPE_ID,LABEL,ID) VALUES ('Product.WINE_REVIEW2','Html',NULL,'Product.WINE_REVIEW2.Html');

INSERT INTO cms.relationshipdefinition (NAME,ID,CONTENTTYPE_ID,INHERITABLE,REQUIRED,NAVIGABLE,LABEL,CARDINALITY_CODE) VALUES ('WINE_REVIEW3','Product.WINE_REVIEW3','Product','F','F','F','Wine Review 3','One');

INSERT INTO cms.relationshipdestination (RELATIONSHIPDEFINITION_ID,CONTENTTYPE_ID,LABEL,ID) VALUES ('Product.WINE_REVIEW3','Html',NULL,'Product.WINE_REVIEW3.Html');

INSERT INTO cms.relationshipdefinition (NAME,ID,CONTENTTYPE_ID,INHERITABLE,REQUIRED,NAVIGABLE,LABEL,CARDINALITY_CODE) VALUES ('PRODUCT_BOTTOM_MEDIA','Product.PRODUCT_BOTTOM_MEDIA','Product','F','F','F','Bottom Media','One');

INSERT INTO cms.relationshipdestination (RELATIONSHIPDEFINITION_ID,CONTENTTYPE_ID,LABEL,ID) VALUES ('Product.PRODUCT_BOTTOM_MEDIA','Html',NULL,'Product.PRODUCT_BOTTOM_MEDIA.Html');

INSERT INTO cms.lookup (LOOKUPTYPE_CODE,CODE,LABEL,DESCRIPTION,ORDINAL) VALUES ('Product.PRODUCT_LAYOUT','8','New Wine Product','New Wine Product',21);

INSERT INTO cms.attributedefinition (NAME,ID,CONTENTTYPE_ID,ATTRIBUTETYPE_CODE,INHERITABLE,REQUIRED,LABEL,CARDINALITY_CODE,LOOKUP_CODE) VALUES ('TEMPLATE_PATH','Category.TEMPLATE_PATH','Category','S','F','F','Content Template Path','One',NULL);

INSERT INTO cms.relationshipdefinition (NAME,ID,CONTENTTYPE_ID,INHERITABLE,REQUIRED,NAVIGABLE,LABEL,CARDINALITY_CODE) VALUES ('WINE_VARIETAL','Product.WINE_VARIETAL','Product','F','F','F','Wine Varietal','Many');

INSERT INTO cms.relationshipdestination (RELATIONSHIPDEFINITION_ID,CONTENTTYPE_ID,LABEL,ID) VALUES ('Product.WINE_VARIETAL','DomainValue',NULL,'Product.WINE_VARIETAL.DomainValue');


INSERT INTO cms.attributedefinition (NAME,ID,CONTENTTYPE_ID,ATTRIBUTETYPE_CODE,INHERITABLE,REQUIRED,LABEL,CARDINALITY_CODE,LOOKUP_CODE) VALUES ('WINE_CITY','Product.WINE_CITY','Product','S','F','F','Wine City','One',NULL);

INSERT INTO cms.lookup (LOOKUPTYPE_CODE,CODE,LABEL,DESCRIPTION,ORDINAL) VALUES ('Product.LAYOUT','101','Transactional_multi_Paired_Items','Transactional_multi_Paired_Items',33);

INSERT INTO cms.lookup (LOOKUPTYPE_CODE,CODE,LABEL,DESCRIPTION,ORDINAL) VALUES ('Product.LAYOUT','102','Template_Layout','Template_Layout',34);

INSERT INTO cms.lookup (LOOKUPTYPE_CODE,CODE,LABEL,DESCRIPTION,ORDINAL) VALUES ('Product.LAYOUT','100','Wine_Category','Wine_Category',32);


-- 1 row updated

INSERT INTO cms.relationshipdestination (RELATIONSHIPDEFINITION_ID,CONTENTTYPE_ID,LABEL,ID) VALUES ('Product.PERFECT_PAIR','Category',NULL,'Product.PERFECT_PAIR.Category');


-- 1 row updated


INSERT INTO cms.relationshipdefinition (NAME,ID,CONTENTTYPE_ID,INHERITABLE,REQUIRED,NAVIGABLE,LABEL,CARDINALITY_CODE) VALUES ('SIDE_NAV_FULL_LIST','Category.SIDE_NAV_FULL_LIST','Category','F','F','F','Side Nav Full List','Many');

-- 1 row updated

INSERT INTO cms.relationshipdestination (RELATIONSHIPDEFINITION_ID,CONTENTTYPE_ID,LABEL,ID) VALUES ('Category.SIDE_NAV_FULL_LIST','Domain',NULL,'Category.SIDE_NAV_FULL_LIST.Domain');

-- 1 row updated

INSERT INTO cms.relationshipdefinition (NAME,ID,CONTENTTYPE_ID,INHERITABLE,REQUIRED,NAVIGABLE,LABEL,CARDINALITY_CODE) VALUES ('SIDE_NAV_SECTIONS','Category.SIDE_NAV_SECTIONS','Category','F','F','F','Side Nav Sections','Many');

-- 1 row updated

INSERT INTO cms.relationshipdestination (RELATIONSHIPDEFINITION_ID,CONTENTTYPE_ID,LABEL,ID) VALUES ('Category.SIDE_NAV_SECTIONS','DomainValue',NULL,'Category.SIDE_NAV_SECTIONS.DomainValue');


-- 1 row updated

UPDATE cms.relationshipdefinition SET INHERITABLE='T' where name='WINE_SORTING' and ID='Category.WINE_SORTING';

-- 1 row updated

UPDATE cms.relationshipdefinition SET INHERITABLE='T' where name='WINE_FILTER' and ID='Category.WINE_FILTER';

-- 1 row updated

delete from cms.relationshipdefinition where name='WINE_COUNTRY'

-- 1 row updated

delete from cms.relationshipdestination where RELATIONSHIPDEFINITION_ID='Product.WINE_COUNTRY'

-- 1 row updated

INSERT INTO cms.relationshipdefinition (NAME,ID,CONTENTTYPE_ID,INHERITABLE,REQUIRED,NAVIGABLE,LABEL,CARDINALITY_CODE) VALUES ('WINE_COUNTRY','Category.WINE_COUNTRY','Category','T','F','F','Wine Country','One');

-- 1 row updated

INSERT INTO cms.relationshipdestination (RELATIONSHIPDEFINITION_ID,CONTENTTYPE_ID,LABEL,ID) VALUES ('Category.WINE_COUNTRY','DomainValue',NULL,'Category.WINE_COUNTRY.DomainValue');


