insert into complaint_dept (code, name) values ('BAK', 'Bakery');
insert into complaint_dept (code, name) values ('CHE', 'Cheese');
insert into complaint_dept (code, name) values ('COF', 'Coffee');
insert into complaint_dept (code, name) values ('DAI', 'Dairy');
insert into complaint_dept (code, name) values ('DEL', 'Deli');
insert into complaint_dept (code, name) values ('FRO', 'Frozen');
insert into complaint_dept (code, name) values ('GRO', 'Grocery');
insert into complaint_dept (code, name) values ('HMR', 'Meals');
insert into complaint_dept (code, name) values ('MEA', 'Meat');
insert into complaint_dept (code, name) values ('PAS', 'Pasta');
insert into complaint_dept (code, name) values ('SEA', 'Seafood');
insert into complaint_dept (code, name) values ('TEA', 'Tea');
insert into complaint_dept (code, name) values ('FRU', 'Fruit');
insert into complaint_dept (code, name) values ('VEG', 'Vegetables');
insert into complaint_dept (code, name) values ('GDW', 'Goodwill');
insert into complaint_dept (code, name) values ('TRN', 'Transportation');
insert into complaint_dept (code, name) values ('XTR', 'Extra Item');
insert into complaint_dept (code, name) values ('KOS', 'Kosher');
insert into complaint_dept (code, name) values ('HBA', 'Health and Beauty Aids');

insert into complaint_code (code, name) values ('MISITM',  'Missing item (billed)');
insert into complaint_code (code, name) values ('ADVERSE', 'Adverse reaction');
insert into complaint_code (code, name) values ('PRDEXP',  'Expired ''use by'' or ''sell by'' date');
insert into complaint_code (code, name) values ('PRDXCL',  'Expiration date too close');
insert into complaint_code (code, name) values ('FOROBJ',  'Foreign object found');
insert into complaint_code (code, name) values ('NTASEX',  'Not as expected');
insert into complaint_code (code, name) values ('PRDCOM',  'Product compliment');
insert into complaint_code (code, name) values ('PRDTMP',  'Product tampered');
insert into complaint_code (code, name) values ('PRDLEK',  'Product leaking');
insert into complaint_code (code, name) values ('DAMBOPRD','Product damaged by other product');
insert into complaint_code (code, name) values ('PRDDAM',  'Product damaged/crushed');
insert into complaint_code (code, name) values ('QUALDIS', 'Quality dissatisfaction');
insert into complaint_code (code, name) values ('RTLBWRPR','Right label, wrong product');
insert into complaint_code (code, name) values ('WRNSIZ',  'Wrong size/quantity');
insert into complaint_code (code, name) values ('OTHER',   'Other (see comments)');
insert into complaint_code (code, name) values ('SRTITM',  'Shorted item (not billed)');
insert into complaint_code (code, name) values ('MOLDY',   'Moldy');
insert into complaint_code (code, name) values ('HRDSTL',  'Hard/stale/dried out');
insert into complaint_code (code, name) values ('SPOILED', 'Spoiled');
insert into complaint_code (code, name) values ('SMELL',   'Did not like smell');
insert into complaint_code (code, name) values ('NTCUBSLC','Not according to cubing/slicing specification');
insert into complaint_code (code, name) values ('NTPAKSPC','Not according to packaging specification');
insert into complaint_code (code, name) values ('NTGNDSPC','Not according to grinding specification');
insert into complaint_code (code, name) values ('PITTS',   'Pitted/not pitted');
insert into complaint_code (code, name) values ('DEFROST', 'Defrosted');
insert into complaint_code (code, name) values ('DNTCAN',  'Dented can');
insert into complaint_code (code, name) values ('REQINGR', 'Request for ingredients');
insert into complaint_code (code, name) values ('DISPSIZ', 'Disappointed in portion size');
insert into complaint_code (code, name) values ('TOOFAT',  'Too fatty');
insert into complaint_code (code, name) values ('TOOSPIC', 'Too salty/spicy');
insert into complaint_code (code, name) values ('DISCUT',  'Dissatisfied with cut (butchering)');
insert into complaint_code (code, name) values ('DISCOL',  'Dissatisfied with color');
insert into complaint_code (code, name) values ('BULK',    'Bulk issue');
insert into complaint_code (code, name) values ('TOOGRIS', 'Too much gristle');
insert into complaint_code (code, name) values ('SIZBIG',  'Sizing too big');
insert into complaint_code (code, name) values ('SIZSML',  'Sizing too small');
insert into complaint_code (code, name) values ('NTCLND',  'Not totally cleaned');
insert into complaint_code (code, name) values ('WORMS',   'Worms in product');
insert into complaint_code (code, name) values ('SFOPCL',  'Shellfish open/closed');
insert into complaint_code (code, name) values ('PRDDED',  'Product dead (clams, mussels, lobsters)');
insert into complaint_code (code, name) values ('DIRT',    'Dirt/sand in item');
insert into complaint_code (code, name) values ('WILTED',  'Wilted');
insert into complaint_code (code, name) values ('BRUISED', 'Bruised');
insert into complaint_code (code, name) values ('XSOFT',   'Extremely soft');
insert into complaint_code (code, name) values ('CRACKED', 'Cracked');
insert into complaint_code (code, name) values ('INSECT',  'Insect/bug found');
insert into complaint_code (code, name) values ('ORIPE',   'Overripe');
insert into complaint_code (code, name) values ('URIPE',   'Underripe');
insert into complaint_code (code, name) values ('PROMO',   'Promotion');
insert into complaint_code (code, name) values ('GENDIS',  'General disappointment with service');
insert into complaint_code (code, name) values ('PROPDAM', 'Personal property damage');
insert into complaint_code (code, name) values ('BLDGDAM', 'Building damage');
insert into complaint_code (code, name) values ('GDWILL',  'Goodwill');
insert into complaint_code (code, name) values ('LATEDEL', 'Late delivery');
insert into complaint_code (code, name) values ('EARLDEL', 'Early delivery');
insert into complaint_code (code, name) values ('DAMBOX',  'Damaged boxes');
insert into complaint_code (code, name) values ('NODEL',   'No delivery');
insert into complaint_code (code, name) values ('MISBOX',  'Missing boxes');
insert into complaint_code (code, name) values ('DOORMAN', 'Unauthorized doorman drop');
insert into complaint_code (code, name) values ('MISFRZ',  'Missing freezer bags');
insert into complaint_code (code, name) values ('DRVRUDE', 'Driver rude');
insert into complaint_code (code, name) values ('DRVSMELL','Driver appearance/smell');
insert into complaint_code (code, name) values ('DRVCMPLI','Driver compliment');
insert into complaint_code (code, name) values ('DRVMISH', 'Driver mishandling');
insert into complaint_code (code, name) values ('WRNBOX',  'Wrong box');
insert into complaint_code (code, name) values ('TIPS',    'Tips');
insert into complaint_code (code, name) values ('ACCDNT',  'Accident');
insert into complaint_code (code, name) values ('XTRITM',  'Extra item');
insert into complaint_code (code, name) values ('MISINV',  'Missing Invoice');


insert into complaint_dept_code (comp_dept, comp_code, priority, id) values ('BAK', 'MISITM', 0, to_char(system_seq.nextval));
insert into complaint_dept_code (comp_dept, comp_code, priority, id) values ('BAK', 'ADVERSE', 10, to_char(system_seq.nextval));
insert into complaint_dept_code (comp_dept, comp_code, priority, id) values ('BAK', 'PRDEXP', 10, to_char(system_seq.nextval));
insert into complaint_dept_code (comp_dept, comp_code, priority, id) values ('BAK', 'PRDXCL', 10, to_char(system_seq.nextval));
insert into complaint_dept_code (comp_dept, comp_code, priority, id) values ('BAK', 'FOROBJ', 10, to_char(system_seq.nextval));
insert into complaint_dept_code (comp_dept, comp_code, priority, id) values ('BAK', 'NTASEX', 10, to_char(system_seq.nextval));
insert into complaint_dept_code (comp_dept, comp_code, priority, id) values ('BAK', 'PRDCOM', 10, to_char(system_seq.nextval));
insert into complaint_dept_code (comp_dept, comp_code, priority, id) values ('BAK', 'PRDTMP', 10, to_char(system_seq.nextval));
insert into complaint_dept_code (comp_dept, comp_code, priority, id) values ('BAK', 'DAMBOPRD', 10, to_char(system_seq.nextval));
insert into complaint_dept_code (comp_dept, comp_code, priority, id) values ('BAK', 'PRDDAM', 10, to_char(system_seq.nextval));
insert into complaint_dept_code (comp_dept, comp_code, priority, id) values ('BAK', 'QUALDIS', 10, to_char(system_seq.nextval));
insert into complaint_dept_code (comp_dept, comp_code, priority, id) values ('BAK', 'RTLBWRPR', 10, to_char(system_seq.nextval));
insert into complaint_dept_code (comp_dept, comp_code, priority, id) values ('BAK', 'WRNSIZ', 10, to_char(system_seq.nextval));
insert into complaint_dept_code (comp_dept, comp_code, priority, id) values ('BAK', 'OTHER', 99, to_char(system_seq.nextval));
insert into complaint_dept_code (comp_dept, comp_code, priority, id) values ('BAK', 'SRTITM', 10, to_char(system_seq.nextval));
insert into complaint_dept_code (comp_dept, comp_code, priority, id) values ('BAK', 'MOLDY', 10, to_char(system_seq.nextval));
insert into complaint_dept_code (comp_dept, comp_code, priority, id) values ('BAK', 'HRDSTL', 10, to_char(system_seq.nextval));
insert into complaint_dept_code (comp_dept, comp_code, priority, id) values ('BAK', 'PITTS', 10, to_char(system_seq.nextval));
insert into complaint_dept_code (comp_dept, comp_code, priority, id) values ('BAK', 'DEFROST', 10, to_char(system_seq.nextval));

insert into complaint_dept_code (comp_dept, comp_code, priority, id) values ('CHE', 'MISITM', 0, to_char(system_seq.nextval));
insert into complaint_dept_code (comp_dept, comp_code, priority, id) values ('CHE', 'ADVERSE', 10, to_char(system_seq.nextval));
insert into complaint_dept_code (comp_dept, comp_code, priority, id) values ('CHE', 'PRDEXP', 10, to_char(system_seq.nextval));
insert into complaint_dept_code (comp_dept, comp_code, priority, id) values ('CHE', 'PRDXCL', 10, to_char(system_seq.nextval));
insert into complaint_dept_code (comp_dept, comp_code, priority, id) values ('CHE', 'FOROBJ', 10, to_char(system_seq.nextval));
insert into complaint_dept_code (comp_dept, comp_code, priority, id) values ('CHE', 'NTASEX', 10, to_char(system_seq.nextval));
insert into complaint_dept_code (comp_dept, comp_code, priority, id) values ('CHE', 'PRDCOM', 10, to_char(system_seq.nextval));
insert into complaint_dept_code (comp_dept, comp_code, priority, id) values ('CHE', 'PRDTMP', 10, to_char(system_seq.nextval));
insert into complaint_dept_code (comp_dept, comp_code, priority, id) values ('CHE', 'DAMBOPRD', 10, to_char(system_seq.nextval));
insert into complaint_dept_code (comp_dept, comp_code, priority, id) values ('CHE', 'PRDDAM', 10, to_char(system_seq.nextval));
insert into complaint_dept_code (comp_dept, comp_code, priority, id) values ('CHE', 'QUALDIS', 10, to_char(system_seq.nextval));
insert into complaint_dept_code (comp_dept, comp_code, priority, id) values ('CHE', 'RTLBWRPR', 10, to_char(system_seq.nextval));
insert into complaint_dept_code (comp_dept, comp_code, priority, id) values ('CHE', 'WRNSIZ', 10, to_char(system_seq.nextval));
insert into complaint_dept_code (comp_dept, comp_code, priority, id) values ('CHE', 'OTHER', 99, to_char(system_seq.nextval));
insert into complaint_dept_code (comp_dept, comp_code, priority, id) values ('CHE', 'SRTITM', 10, to_char(system_seq.nextval));
insert into complaint_dept_code (comp_dept, comp_code, priority, id) values ('CHE', 'MOLDY', 10, to_char(system_seq.nextval));
insert into complaint_dept_code (comp_dept, comp_code, priority, id) values ('CHE', 'SPOILED', 10, to_char(system_seq.nextval));
insert into complaint_dept_code (comp_dept, comp_code, priority, id) values ('CHE', 'SMELL', 10, to_char(system_seq.nextval));
insert into complaint_dept_code (comp_dept, comp_code, priority, id) values ('CHE', 'NTCUBSLC', 10, to_char(system_seq.nextval));
insert into complaint_dept_code (comp_dept, comp_code, priority, id) values ('CHE', 'ORIPE', 10, to_char(system_seq.nextval));
insert into complaint_dept_code (comp_dept, comp_code, priority, id) values ('CHE', 'URIPE', 10, to_char(system_seq.nextval));

insert into complaint_dept_code (comp_dept, comp_code, priority, id) values ('COF', 'MISITM', 0, to_char(system_seq.nextval));
insert into complaint_dept_code (comp_dept, comp_code, priority, id) values ('COF', 'ADVERSE', 10, to_char(system_seq.nextval));
insert into complaint_dept_code (comp_dept, comp_code, priority, id) values ('COF', 'PRDEXP', 10, to_char(system_seq.nextval));
insert into complaint_dept_code (comp_dept, comp_code, priority, id) values ('COF', 'PRDXCL', 10, to_char(system_seq.nextval));
insert into complaint_dept_code (comp_dept, comp_code, priority, id) values ('COF', 'FOROBJ', 10, to_char(system_seq.nextval));
insert into complaint_dept_code (comp_dept, comp_code, priority, id) values ('COF', 'NTASEX', 10, to_char(system_seq.nextval));
insert into complaint_dept_code (comp_dept, comp_code, priority, id) values ('COF', 'PRDCOM', 10, to_char(system_seq.nextval));
insert into complaint_dept_code (comp_dept, comp_code, priority, id) values ('COF', 'PRDTMP', 10, to_char(system_seq.nextval));
insert into complaint_dept_code (comp_dept, comp_code, priority, id) values ('COF', 'PRDLEK', 10, to_char(system_seq.nextval));
insert into complaint_dept_code (comp_dept, comp_code, priority, id) values ('COF', 'DAMBOPRD', 10, to_char(system_seq.nextval));
insert into complaint_dept_code (comp_dept, comp_code, priority, id) values ('COF', 'PRDDAM', 10, to_char(system_seq.nextval));
insert into complaint_dept_code (comp_dept, comp_code, priority, id) values ('COF', 'QUALDIS', 10, to_char(system_seq.nextval));
insert into complaint_dept_code (comp_dept, comp_code, priority, id) values ('COF', 'RTLBWRPR', 10, to_char(system_seq.nextval));
insert into complaint_dept_code (comp_dept, comp_code, priority, id) values ('COF', 'OTHER', 99, to_char(system_seq.nextval));
insert into complaint_dept_code (comp_dept, comp_code, priority, id) values ('COF', 'SRTITM', 10, to_char(system_seq.nextval));
insert into complaint_dept_code (comp_dept, comp_code, priority, id) values ('COF', 'NTPAKSPC', 10, to_char(system_seq.nextval));
insert into complaint_dept_code (comp_dept, comp_code, priority, id) values ('COF', 'NTGNDSPC', 10, to_char(system_seq.nextval));

insert into complaint_dept_code (comp_dept, comp_code, priority, id) values ('DAI', 'MISITM', 0, to_char(system_seq.nextval));
insert into complaint_dept_code (comp_dept, comp_code, priority, id) values ('DAI', 'ADVERSE', 10, to_char(system_seq.nextval));
insert into complaint_dept_code (comp_dept, comp_code, priority, id) values ('DAI', 'PRDEXP', 10, to_char(system_seq.nextval));
insert into complaint_dept_code (comp_dept, comp_code, priority, id) values ('DAI', 'PRDXCL', 10, to_char(system_seq.nextval));
insert into complaint_dept_code (comp_dept, comp_code, priority, id) values ('DAI', 'FOROBJ', 10, to_char(system_seq.nextval));
insert into complaint_dept_code (comp_dept, comp_code, priority, id) values ('DAI', 'NTASEX', 10, to_char(system_seq.nextval));
insert into complaint_dept_code (comp_dept, comp_code, priority, id) values ('DAI', 'PRDCOM', 10, to_char(system_seq.nextval));
insert into complaint_dept_code (comp_dept, comp_code, priority, id) values ('DAI', 'PRDTMP', 10, to_char(system_seq.nextval));
insert into complaint_dept_code (comp_dept, comp_code, priority, id) values ('DAI', 'PRDLEK', 10, to_char(system_seq.nextval));
insert into complaint_dept_code (comp_dept, comp_code, priority, id) values ('DAI', 'DAMBOPRD', 10, to_char(system_seq.nextval));
insert into complaint_dept_code (comp_dept, comp_code, priority, id) values ('DAI', 'PRDDAM', 10, to_char(system_seq.nextval));
insert into complaint_dept_code (comp_dept, comp_code, priority, id) values ('DAI', 'QUALDIS', 10, to_char(system_seq.nextval));
insert into complaint_dept_code (comp_dept, comp_code, priority, id) values ('DAI', 'RTLBWRPR', 10, to_char(system_seq.nextval));
insert into complaint_dept_code (comp_dept, comp_code, priority, id) values ('DAI', 'WRNSIZ', 10, to_char(system_seq.nextval));
insert into complaint_dept_code (comp_dept, comp_code, priority, id) values ('DAI', 'OTHER', 99, to_char(system_seq.nextval));
insert into complaint_dept_code (comp_dept, comp_code, priority, id) values ('DAI', 'SRTITM', 10, to_char(system_seq.nextval));
insert into complaint_dept_code (comp_dept, comp_code, priority, id) values ('DAI', 'MOLDY', 10, to_char(system_seq.nextval));
insert into complaint_dept_code (comp_dept, comp_code, priority, id) values ('DAI', 'SPOILED', 10, to_char(system_seq.nextval));
insert into complaint_dept_code (comp_dept, comp_code, priority, id) values ('DAI', 'SMELL', 10, to_char(system_seq.nextval));
insert into complaint_dept_code (comp_dept, comp_code, priority, id) values ('DAI', 'TOOFAT', 10, to_char(system_seq.nextval));
insert into complaint_dept_code (comp_dept, comp_code, priority, id) values ('DAI', 'DISCOL', 10, to_char(system_seq.nextval));

insert into complaint_dept_code (comp_dept, comp_code, priority, id) values ('DEL', 'MISITM', 0, to_char(system_seq.nextval));
insert into complaint_dept_code (comp_dept, comp_code, priority, id) values ('DEL', 'ADVERSE', 10, to_char(system_seq.nextval));
insert into complaint_dept_code (comp_dept, comp_code, priority, id) values ('DEL', 'PRDEXP', 10, to_char(system_seq.nextval));
insert into complaint_dept_code (comp_dept, comp_code, priority, id) values ('DEL', 'PRDXCL', 10, to_char(system_seq.nextval));
insert into complaint_dept_code (comp_dept, comp_code, priority, id) values ('DEL', 'FOROBJ', 10, to_char(system_seq.nextval));
insert into complaint_dept_code (comp_dept, comp_code, priority, id) values ('DEL', 'NTASEX', 10, to_char(system_seq.nextval));
insert into complaint_dept_code (comp_dept, comp_code, priority, id) values ('DEL', 'PRDCOM', 10, to_char(system_seq.nextval));
insert into complaint_dept_code (comp_dept, comp_code, priority, id) values ('DEL', 'PRDTMP', 10, to_char(system_seq.nextval));
insert into complaint_dept_code (comp_dept, comp_code, priority, id) values ('DEL', 'PRDLEK', 10, to_char(system_seq.nextval));
insert into complaint_dept_code (comp_dept, comp_code, priority, id) values ('DEL', 'DAMBOPRD', 10, to_char(system_seq.nextval));
insert into complaint_dept_code (comp_dept, comp_code, priority, id) values ('DEL', 'PRDDAM', 10, to_char(system_seq.nextval));
insert into complaint_dept_code (comp_dept, comp_code, priority, id) values ('DEL', 'QUALDIS', 10, to_char(system_seq.nextval));
insert into complaint_dept_code (comp_dept, comp_code, priority, id) values ('DEL', 'RTLBWRPR', 10, to_char(system_seq.nextval));
insert into complaint_dept_code (comp_dept, comp_code, priority, id) values ('DEL', 'WRNSIZ', 10, to_char(system_seq.nextval));
insert into complaint_dept_code (comp_dept, comp_code, priority, id) values ('DEL', 'OTHER', 99, to_char(system_seq.nextval));
insert into complaint_dept_code (comp_dept, comp_code, priority, id) values ('DEL', 'SRTITM', 10, to_char(system_seq.nextval));
insert into complaint_dept_code (comp_dept, comp_code, priority, id) values ('DEL', 'MOLDY', 10, to_char(system_seq.nextval));
insert into complaint_dept_code (comp_dept, comp_code, priority, id) values ('DEL', 'SPOILED', 10, to_char(system_seq.nextval));
insert into complaint_dept_code (comp_dept, comp_code, priority, id) values ('DEL', 'SMELL', 10, to_char(system_seq.nextval));
insert into complaint_dept_code (comp_dept, comp_code, priority, id) values ('DEL', 'NTCUBSLC', 10, to_char(system_seq.nextval));
insert into complaint_dept_code (comp_dept, comp_code, priority, id) values ('DEL', 'PITTS', 10, to_char(system_seq.nextval));
insert into complaint_dept_code (comp_dept, comp_code, priority, id) values ('DEL', 'DISCOL', 10, to_char(system_seq.nextval));
insert into complaint_dept_code (comp_dept, comp_code, priority, id) values ('DEL', 'INSECT', 10, to_char(system_seq.nextval));

insert into complaint_dept_code (comp_dept, comp_code, priority, id) values ('FRO', 'MISITM', 0, to_char(system_seq.nextval));
insert into complaint_dept_code (comp_dept, comp_code, priority, id) values ('FRO', 'ADVERSE', 10, to_char(system_seq.nextval));
insert into complaint_dept_code (comp_dept, comp_code, priority, id) values ('FRO', 'PRDEXP', 10, to_char(system_seq.nextval));
insert into complaint_dept_code (comp_dept, comp_code, priority, id) values ('FRO', 'PRDXCL', 10, to_char(system_seq.nextval));
insert into complaint_dept_code (comp_dept, comp_code, priority, id) values ('FRO', 'FOROBJ', 10, to_char(system_seq.nextval));
insert into complaint_dept_code (comp_dept, comp_code, priority, id) values ('FRO', 'NTASEX', 10, to_char(system_seq.nextval));
insert into complaint_dept_code (comp_dept, comp_code, priority, id) values ('FRO', 'PRDCOM', 10, to_char(system_seq.nextval));
insert into complaint_dept_code (comp_dept, comp_code, priority, id) values ('FRO', 'PRDTMP', 10, to_char(system_seq.nextval));
insert into complaint_dept_code (comp_dept, comp_code, priority, id) values ('FRO', 'PRDLEK', 10, to_char(system_seq.nextval));
insert into complaint_dept_code (comp_dept, comp_code, priority, id) values ('FRO', 'DAMBOPRD', 10, to_char(system_seq.nextval));
insert into complaint_dept_code (comp_dept, comp_code, priority, id) values ('FRO', 'PRDDAM', 10, to_char(system_seq.nextval));
insert into complaint_dept_code (comp_dept, comp_code, priority, id) values ('FRO', 'QUALDIS', 10, to_char(system_seq.nextval));
insert into complaint_dept_code (comp_dept, comp_code, priority, id) values ('FRO', 'RTLBWRPR', 10, to_char(system_seq.nextval));
insert into complaint_dept_code (comp_dept, comp_code, priority, id) values ('FRO', 'WRNSIZ', 10, to_char(system_seq.nextval));
insert into complaint_dept_code (comp_dept, comp_code, priority, id) values ('FRO', 'OTHER', 99, to_char(system_seq.nextval));
insert into complaint_dept_code (comp_dept, comp_code, priority, id) values ('FRO', 'SRTITM', 10, to_char(system_seq.nextval));
insert into complaint_dept_code (comp_dept, comp_code, priority, id) values ('FRO', 'DEFROST', 10, to_char(system_seq.nextval));

insert into complaint_dept_code (comp_dept, comp_code, priority, id) values ('GRO', 'MISITM', 0, to_char(system_seq.nextval));
insert into complaint_dept_code (comp_dept, comp_code, priority, id) values ('GRO', 'ADVERSE', 10, to_char(system_seq.nextval));
insert into complaint_dept_code (comp_dept, comp_code, priority, id) values ('GRO', 'PRDEXP', 10, to_char(system_seq.nextval));
insert into complaint_dept_code (comp_dept, comp_code, priority, id) values ('GRO', 'PRDXCL', 10, to_char(system_seq.nextval));
insert into complaint_dept_code (comp_dept, comp_code, priority, id) values ('GRO', 'FOROBJ', 10, to_char(system_seq.nextval));
insert into complaint_dept_code (comp_dept, comp_code, priority, id) values ('GRO', 'NTASEX', 10, to_char(system_seq.nextval));
insert into complaint_dept_code (comp_dept, comp_code, priority, id) values ('GRO', 'PRDCOM', 10, to_char(system_seq.nextval));
insert into complaint_dept_code (comp_dept, comp_code, priority, id) values ('GRO', 'PRDTMP', 10, to_char(system_seq.nextval));
insert into complaint_dept_code (comp_dept, comp_code, priority, id) values ('GRO', 'PRDLEK', 10, to_char(system_seq.nextval));
insert into complaint_dept_code (comp_dept, comp_code, priority, id) values ('GRO', 'DAMBOPRD', 10, to_char(system_seq.nextval));
insert into complaint_dept_code (comp_dept, comp_code, priority, id) values ('GRO', 'PRDDAM', 10, to_char(system_seq.nextval));
insert into complaint_dept_code (comp_dept, comp_code, priority, id) values ('GRO', 'QUALDIS', 10, to_char(system_seq.nextval));
insert into complaint_dept_code (comp_dept, comp_code, priority, id) values ('GRO', 'RTLBWRPR', 10, to_char(system_seq.nextval));
insert into complaint_dept_code (comp_dept, comp_code, priority, id) values ('GRO', 'WRNSIZ', 10, to_char(system_seq.nextval));
insert into complaint_dept_code (comp_dept, comp_code, priority, id) values ('GRO', 'OTHER', 99, to_char(system_seq.nextval));
insert into complaint_dept_code (comp_dept, comp_code, priority, id) values ('GRO', 'SRTITM', 10, to_char(system_seq.nextval));
insert into complaint_dept_code (comp_dept, comp_code, priority, id) values ('GRO', 'DNTCAN', 10, to_char(system_seq.nextval));

insert into complaint_dept_code (comp_dept, comp_code, priority, id) values ('HMR', 'MISITM', 0, to_char(system_seq.nextval));
insert into complaint_dept_code (comp_dept, comp_code, priority, id) values ('HMR', 'ADVERSE', 10, to_char(system_seq.nextval));
insert into complaint_dept_code (comp_dept, comp_code, priority, id) values ('HMR', 'PRDEXP', 10, to_char(system_seq.nextval));
insert into complaint_dept_code (comp_dept, comp_code, priority, id) values ('HMR', 'PRDXCL', 10, to_char(system_seq.nextval));
insert into complaint_dept_code (comp_dept, comp_code, priority, id) values ('HMR', 'FOROBJ', 10, to_char(system_seq.nextval));
insert into complaint_dept_code (comp_dept, comp_code, priority, id) values ('HMR', 'NTASEX', 10, to_char(system_seq.nextval));
insert into complaint_dept_code (comp_dept, comp_code, priority, id) values ('HMR', 'PRDCOM', 10, to_char(system_seq.nextval));
insert into complaint_dept_code (comp_dept, comp_code, priority, id) values ('HMR', 'PRDTMP', 10, to_char(system_seq.nextval));
insert into complaint_dept_code (comp_dept, comp_code, priority, id) values ('HMR', 'PRDLEK', 10, to_char(system_seq.nextval));
insert into complaint_dept_code (comp_dept, comp_code, priority, id) values ('HMR', 'DAMBOPRD', 10, to_char(system_seq.nextval));
insert into complaint_dept_code (comp_dept, comp_code, priority, id) values ('HMR', 'PRDDAM', 10, to_char(system_seq.nextval));
insert into complaint_dept_code (comp_dept, comp_code, priority, id) values ('HMR', 'QUALDIS', 10, to_char(system_seq.nextval));
insert into complaint_dept_code (comp_dept, comp_code, priority, id) values ('HMR', 'RTLBWRPR', 10, to_char(system_seq.nextval));
insert into complaint_dept_code (comp_dept, comp_code, priority, id) values ('HMR', 'WRNSIZ', 10, to_char(system_seq.nextval));
insert into complaint_dept_code (comp_dept, comp_code, priority, id) values ('HMR', 'OTHER', 99, to_char(system_seq.nextval));
insert into complaint_dept_code (comp_dept, comp_code, priority, id) values ('HMR', 'SRTITM', 10, to_char(system_seq.nextval));
insert into complaint_dept_code (comp_dept, comp_code, priority, id) values ('HMR', 'MOLDY', 10, to_char(system_seq.nextval));
insert into complaint_dept_code (comp_dept, comp_code, priority, id) values ('HMR', 'SPOILED', 10, to_char(system_seq.nextval));
insert into complaint_dept_code (comp_dept, comp_code, priority, id) values ('HMR', 'SMELL', 10, to_char(system_seq.nextval));
insert into complaint_dept_code (comp_dept, comp_code, priority, id) values ('HMR', 'DEFROST', 10, to_char(system_seq.nextval));
insert into complaint_dept_code (comp_dept, comp_code, priority, id) values ('HMR', 'REQINGR', 10, to_char(system_seq.nextval));
insert into complaint_dept_code (comp_dept, comp_code, priority, id) values ('HMR', 'DISPSIZ', 10, to_char(system_seq.nextval));
insert into complaint_dept_code (comp_dept, comp_code, priority, id) values ('HMR', 'TOOFAT', 10, to_char(system_seq.nextval));
insert into complaint_dept_code (comp_dept, comp_code, priority, id) values ('HMR', 'TOOSPIC', 10, to_char(system_seq.nextval));
insert into complaint_dept_code (comp_dept, comp_code, priority, id) values ('HMR', 'WILTED', 10, to_char(system_seq.nextval));
insert into complaint_dept_code (comp_dept, comp_code, priority, id) values ('HMR', 'INSECT', 10, to_char(system_seq.nextval));

insert into complaint_dept_code (comp_dept, comp_code, priority, id) values ('MEA', 'MISITM', 0, to_char(system_seq.nextval));
insert into complaint_dept_code (comp_dept, comp_code, priority, id) values ('MEA', 'ADVERSE', 10, to_char(system_seq.nextval));
insert into complaint_dept_code (comp_dept, comp_code, priority, id) values ('MEA', 'PRDEXP', 10, to_char(system_seq.nextval));
insert into complaint_dept_code (comp_dept, comp_code, priority, id) values ('MEA', 'PRDXCL', 10, to_char(system_seq.nextval));
insert into complaint_dept_code (comp_dept, comp_code, priority, id) values ('MEA', 'FOROBJ', 10, to_char(system_seq.nextval));
insert into complaint_dept_code (comp_dept, comp_code, priority, id) values ('MEA', 'NTASEX', 10, to_char(system_seq.nextval));
insert into complaint_dept_code (comp_dept, comp_code, priority, id) values ('MEA', 'PRDCOM', 10, to_char(system_seq.nextval));
insert into complaint_dept_code (comp_dept, comp_code, priority, id) values ('MEA', 'PRDTMP', 10, to_char(system_seq.nextval));
insert into complaint_dept_code (comp_dept, comp_code, priority, id) values ('MEA', 'PRDLEK', 10, to_char(system_seq.nextval));
insert into complaint_dept_code (comp_dept, comp_code, priority, id) values ('MEA', 'DAMBOPRD', 10, to_char(system_seq.nextval));
insert into complaint_dept_code (comp_dept, comp_code, priority, id) values ('MEA', 'PRDDAM', 10, to_char(system_seq.nextval));
insert into complaint_dept_code (comp_dept, comp_code, priority, id) values ('MEA', 'QUALDIS', 10, to_char(system_seq.nextval));
insert into complaint_dept_code (comp_dept, comp_code, priority, id) values ('MEA', 'RTLBWRPR', 10, to_char(system_seq.nextval));
insert into complaint_dept_code (comp_dept, comp_code, priority, id) values ('MEA', 'WRNSIZ', 10, to_char(system_seq.nextval));
insert into complaint_dept_code (comp_dept, comp_code, priority, id) values ('MEA', 'OTHER', 99, to_char(system_seq.nextval));
insert into complaint_dept_code (comp_dept, comp_code, priority, id) values ('MEA', 'SRTITM', 10, to_char(system_seq.nextval));
insert into complaint_dept_code (comp_dept, comp_code, priority, id) values ('MEA', 'SPOILED', 10, to_char(system_seq.nextval));
insert into complaint_dept_code (comp_dept, comp_code, priority, id) values ('MEA', 'SMELL', 10, to_char(system_seq.nextval));
insert into complaint_dept_code (comp_dept, comp_code, priority, id) values ('MEA', 'NTPAKSPC', 10, to_char(system_seq.nextval));
insert into complaint_dept_code (comp_dept, comp_code, priority, id) values ('MEA', 'DEFROST', 10, to_char(system_seq.nextval));
insert into complaint_dept_code (comp_dept, comp_code, priority, id) values ('MEA', 'TOOFAT', 10, to_char(system_seq.nextval));
insert into complaint_dept_code (comp_dept, comp_code, priority, id) values ('MEA', 'TOOSPIC', 10, to_char(system_seq.nextval));
insert into complaint_dept_code (comp_dept, comp_code, priority, id) values ('MEA', 'DISCUT', 10, to_char(system_seq.nextval));
insert into complaint_dept_code (comp_dept, comp_code, priority, id) values ('MEA', 'DISCOL', 10, to_char(system_seq.nextval));
insert into complaint_dept_code (comp_dept, comp_code, priority, id) values ('MEA', 'BULK', 10, to_char(system_seq.nextval));
insert into complaint_dept_code (comp_dept, comp_code, priority, id) values ('MEA', 'TOOGRIS', 10, to_char(system_seq.nextval));
insert into complaint_dept_code (comp_dept, comp_code, priority, id) values ('MEA', 'SIZBIG', 10, to_char(system_seq.nextval));
insert into complaint_dept_code (comp_dept, comp_code, priority, id) values ('MEA', 'SIZSML', 10, to_char(system_seq.nextval));

insert into complaint_dept_code (comp_dept, comp_code, priority, id) values ('PAS', 'MISITM', 0, to_char(system_seq.nextval));
insert into complaint_dept_code (comp_dept, comp_code, priority, id) values ('PAS', 'ADVERSE', 10, to_char(system_seq.nextval));
insert into complaint_dept_code (comp_dept, comp_code, priority, id) values ('PAS', 'PRDEXP', 10, to_char(system_seq.nextval));
insert into complaint_dept_code (comp_dept, comp_code, priority, id) values ('PAS', 'PRDXCL', 10, to_char(system_seq.nextval));
insert into complaint_dept_code (comp_dept, comp_code, priority, id) values ('PAS', 'FOROBJ', 10, to_char(system_seq.nextval));
insert into complaint_dept_code (comp_dept, comp_code, priority, id) values ('PAS', 'NTASEX', 10, to_char(system_seq.nextval));
insert into complaint_dept_code (comp_dept, comp_code, priority, id) values ('PAS', 'PRDCOM', 10, to_char(system_seq.nextval));
insert into complaint_dept_code (comp_dept, comp_code, priority, id) values ('PAS', 'PRDTMP', 10, to_char(system_seq.nextval));
insert into complaint_dept_code (comp_dept, comp_code, priority, id) values ('PAS', 'DAMBOPRD', 10, to_char(system_seq.nextval));
insert into complaint_dept_code (comp_dept, comp_code, priority, id) values ('PAS', 'PRDDAM', 10, to_char(system_seq.nextval));
insert into complaint_dept_code (comp_dept, comp_code, priority, id) values ('PAS', 'QUALDIS', 10, to_char(system_seq.nextval));
insert into complaint_dept_code (comp_dept, comp_code, priority, id) values ('PAS', 'RTLBWRPR', 10, to_char(system_seq.nextval));
insert into complaint_dept_code (comp_dept, comp_code, priority, id) values ('PAS', 'WRNSIZ', 10, to_char(system_seq.nextval));
insert into complaint_dept_code (comp_dept, comp_code, priority, id) values ('PAS', 'OTHER', 99, to_char(system_seq.nextval));
insert into complaint_dept_code (comp_dept, comp_code, priority, id) values ('PAS', 'SRTITM', 10, to_char(system_seq.nextval));
insert into complaint_dept_code (comp_dept, comp_code, priority, id) values ('PAS', 'HRDSTL', 10, to_char(system_seq.nextval));
insert into complaint_dept_code (comp_dept, comp_code, priority, id) values ('PAS', 'SPOILED', 10, to_char(system_seq.nextval));

insert into complaint_dept_code (comp_dept, comp_code, priority, id) values ('SEA', 'MISITM', 0, to_char(system_seq.nextval));
insert into complaint_dept_code (comp_dept, comp_code, priority, id) values ('SEA', 'ADVERSE', 10, to_char(system_seq.nextval));
insert into complaint_dept_code (comp_dept, comp_code, priority, id) values ('SEA', 'PRDEXP', 10, to_char(system_seq.nextval));
insert into complaint_dept_code (comp_dept, comp_code, priority, id) values ('SEA', 'PRDXCL', 10, to_char(system_seq.nextval));
insert into complaint_dept_code (comp_dept, comp_code, priority, id) values ('SEA', 'FOROBJ', 10, to_char(system_seq.nextval));
insert into complaint_dept_code (comp_dept, comp_code, priority, id) values ('SEA', 'NTASEX', 10, to_char(system_seq.nextval));
insert into complaint_dept_code (comp_dept, comp_code, priority, id) values ('SEA', 'PRDCOM', 10, to_char(system_seq.nextval));
insert into complaint_dept_code (comp_dept, comp_code, priority, id) values ('SEA', 'PRDTMP', 10, to_char(system_seq.nextval));
insert into complaint_dept_code (comp_dept, comp_code, priority, id) values ('SEA', 'PRDLEK', 10, to_char(system_seq.nextval));
insert into complaint_dept_code (comp_dept, comp_code, priority, id) values ('SEA', 'DAMBOPRD', 10, to_char(system_seq.nextval));
insert into complaint_dept_code (comp_dept, comp_code, priority, id) values ('SEA', 'PRDDAM', 10, to_char(system_seq.nextval));
insert into complaint_dept_code (comp_dept, comp_code, priority, id) values ('SEA', 'QUALDIS', 10, to_char(system_seq.nextval));
insert into complaint_dept_code (comp_dept, comp_code, priority, id) values ('SEA', 'RTLBWRPR', 10, to_char(system_seq.nextval));
insert into complaint_dept_code (comp_dept, comp_code, priority, id) values ('SEA', 'WRNSIZ', 10, to_char(system_seq.nextval));
insert into complaint_dept_code (comp_dept, comp_code, priority, id) values ('SEA', 'OTHER', 99, to_char(system_seq.nextval));
insert into complaint_dept_code (comp_dept, comp_code, priority, id) values ('SEA', 'SRTITM', 10, to_char(system_seq.nextval));
insert into complaint_dept_code (comp_dept, comp_code, priority, id) values ('SEA', 'SPOILED', 10, to_char(system_seq.nextval));
insert into complaint_dept_code (comp_dept, comp_code, priority, id) values ('SEA', 'SMELL', 10, to_char(system_seq.nextval));
insert into complaint_dept_code (comp_dept, comp_code, priority, id) values ('SEA', 'NTPAKSPC', 10, to_char(system_seq.nextval));
insert into complaint_dept_code (comp_dept, comp_code, priority, id) values ('SEA', 'DISCUT', 10, to_char(system_seq.nextval));
insert into complaint_dept_code (comp_dept, comp_code, priority, id) values ('SEA', 'DISCOL', 10, to_char(system_seq.nextval));
insert into complaint_dept_code (comp_dept, comp_code, priority, id) values ('SEA', 'SIZBIG', 10, to_char(system_seq.nextval));
insert into complaint_dept_code (comp_dept, comp_code, priority, id) values ('SEA', 'SIZSML', 10, to_char(system_seq.nextval));
insert into complaint_dept_code (comp_dept, comp_code, priority, id) values ('SEA', 'NTCLND', 10, to_char(system_seq.nextval));
insert into complaint_dept_code (comp_dept, comp_code, priority, id) values ('SEA', 'WORMS', 10, to_char(system_seq.nextval));
insert into complaint_dept_code (comp_dept, comp_code, priority, id) values ('SEA', 'SFOPCL', 10, to_char(system_seq.nextval));
insert into complaint_dept_code (comp_dept, comp_code, priority, id) values ('SEA', 'PRDDED', 10, to_char(system_seq.nextval));
insert into complaint_dept_code (comp_dept, comp_code, priority, id) values ('SEA', 'DIRT', 10, to_char(system_seq.nextval));

insert into complaint_dept_code (comp_dept, comp_code, priority, id) values ('TEA', 'MISITM', 0, to_char(system_seq.nextval));
insert into complaint_dept_code (comp_dept, comp_code, priority, id) values ('TEA', 'ADVERSE', 10, to_char(system_seq.nextval));
insert into complaint_dept_code (comp_dept, comp_code, priority, id) values ('TEA', 'PRDEXP', 10, to_char(system_seq.nextval));
insert into complaint_dept_code (comp_dept, comp_code, priority, id) values ('TEA', 'PRDXCL', 10, to_char(system_seq.nextval));
insert into complaint_dept_code (comp_dept, comp_code, priority, id) values ('TEA', 'FOROBJ', 10, to_char(system_seq.nextval));
insert into complaint_dept_code (comp_dept, comp_code, priority, id) values ('TEA', 'NTASEX', 10, to_char(system_seq.nextval));
insert into complaint_dept_code (comp_dept, comp_code, priority, id) values ('TEA', 'PRDCOM', 10, to_char(system_seq.nextval));
insert into complaint_dept_code (comp_dept, comp_code, priority, id) values ('TEA', 'PRDTMP', 10, to_char(system_seq.nextval));
insert into complaint_dept_code (comp_dept, comp_code, priority, id) values ('TEA', 'PRDLEK', 10, to_char(system_seq.nextval));
insert into complaint_dept_code (comp_dept, comp_code, priority, id) values ('TEA', 'DAMBOPRD', 10, to_char(system_seq.nextval));
insert into complaint_dept_code (comp_dept, comp_code, priority, id) values ('TEA', 'PRDDAM', 10, to_char(system_seq.nextval));
insert into complaint_dept_code (comp_dept, comp_code, priority, id) values ('TEA', 'QUALDIS', 10, to_char(system_seq.nextval));
insert into complaint_dept_code (comp_dept, comp_code, priority, id) values ('TEA', 'RTLBWRPR', 10, to_char(system_seq.nextval));
insert into complaint_dept_code (comp_dept, comp_code, priority, id) values ('TEA', 'WRNSIZ', 10, to_char(system_seq.nextval));
insert into complaint_dept_code (comp_dept, comp_code, priority, id) values ('TEA', 'OTHER', 99, to_char(system_seq.nextval));
insert into complaint_dept_code (comp_dept, comp_code, priority, id) values ('TEA', 'SRTITM', 10, to_char(system_seq.nextval));
insert into complaint_dept_code (comp_dept, comp_code, priority, id) values ('TEA', 'SPOILED', 10, to_char(system_seq.nextval));

insert into complaint_dept_code (comp_dept, comp_code, priority, id) values ('FRU', 'MISITM', 0, to_char(system_seq.nextval));
insert into complaint_dept_code (comp_dept, comp_code, priority, id) values ('FRU', 'ADVERSE', 10, to_char(system_seq.nextval));
insert into complaint_dept_code (comp_dept, comp_code, priority, id) values ('FRU', 'PRDEXP', 10, to_char(system_seq.nextval));
insert into complaint_dept_code (comp_dept, comp_code, priority, id) values ('FRU', 'PRDXCL', 10, to_char(system_seq.nextval));
insert into complaint_dept_code (comp_dept, comp_code, priority, id) values ('FRU', 'FOROBJ', 10, to_char(system_seq.nextval));
insert into complaint_dept_code (comp_dept, comp_code, priority, id) values ('FRU', 'NTASEX', 10, to_char(system_seq.nextval));
insert into complaint_dept_code (comp_dept, comp_code, priority, id) values ('FRU', 'PRDCOM', 10, to_char(system_seq.nextval));
insert into complaint_dept_code (comp_dept, comp_code, priority, id) values ('FRU', 'PRDTMP', 10, to_char(system_seq.nextval));
insert into complaint_dept_code (comp_dept, comp_code, priority, id) values ('FRU', 'DAMBOPRD', 10, to_char(system_seq.nextval));
insert into complaint_dept_code (comp_dept, comp_code, priority, id) values ('FRU', 'PRDDAM', 10, to_char(system_seq.nextval));
insert into complaint_dept_code (comp_dept, comp_code, priority, id) values ('FRU', 'QUALDIS', 10, to_char(system_seq.nextval));
insert into complaint_dept_code (comp_dept, comp_code, priority, id) values ('FRU', 'RTLBWRPR', 10, to_char(system_seq.nextval));
insert into complaint_dept_code (comp_dept, comp_code, priority, id) values ('FRU', 'WRNSIZ', 10, to_char(system_seq.nextval));
insert into complaint_dept_code (comp_dept, comp_code, priority, id) values ('FRU', 'OTHER', 99, to_char(system_seq.nextval));
insert into complaint_dept_code (comp_dept, comp_code, priority, id) values ('FRU', 'SRTITM', 10, to_char(system_seq.nextval));
insert into complaint_dept_code (comp_dept, comp_code, priority, id) values ('FRU', 'SPOILED', 10, to_char(system_seq.nextval));
insert into complaint_dept_code (comp_dept, comp_code, priority, id) values ('FRU', 'SMELL', 10, to_char(system_seq.nextval));
insert into complaint_dept_code (comp_dept, comp_code, priority, id) values ('FRU', 'SIZBIG', 10, to_char(system_seq.nextval));
insert into complaint_dept_code (comp_dept, comp_code, priority, id) values ('FRU', 'SIZSML', 10, to_char(system_seq.nextval));
insert into complaint_dept_code (comp_dept, comp_code, priority, id) values ('FRU', 'WILTED', 10, to_char(system_seq.nextval));
insert into complaint_dept_code (comp_dept, comp_code, priority, id) values ('FRU', 'BRUISED', 10, to_char(system_seq.nextval));
insert into complaint_dept_code (comp_dept, comp_code, priority, id) values ('FRU', 'XSOFT', 10, to_char(system_seq.nextval));  
insert into complaint_dept_code (comp_dept, comp_code, priority, id) values ('FRU', 'CRACKED', 10, to_char(system_seq.nextval));
insert into complaint_dept_code (comp_dept, comp_code, priority, id) values ('FRU', 'INSECT', 10, to_char(system_seq.nextval)); 
insert into complaint_dept_code (comp_dept, comp_code, priority, id) values ('FRU', 'ORIPE', 10, to_char(system_seq.nextval));  
insert into complaint_dept_code (comp_dept, comp_code, priority, id) values ('FRU', 'URIPE', 10, to_char(system_seq.nextval));
insert into complaint_dept_code (comp_dept, comp_code, priority, id) values ('FRU', 'WORMS', 10, to_char(system_seq.nextval));    

insert into complaint_dept_code (comp_dept, comp_code, priority, id) values ('VEG', 'MISITM', 0, to_char(system_seq.nextval));
insert into complaint_dept_code (comp_dept, comp_code, priority, id) values ('VEG', 'ADVERSE', 10, to_char(system_seq.nextval));
insert into complaint_dept_code (comp_dept, comp_code, priority, id) values ('VEG', 'PRDEXP', 10, to_char(system_seq.nextval));
insert into complaint_dept_code (comp_dept, comp_code, priority, id) values ('VEG', 'PRDXCL', 10, to_char(system_seq.nextval));
insert into complaint_dept_code (comp_dept, comp_code, priority, id) values ('VEG', 'FOROBJ', 10, to_char(system_seq.nextval));
insert into complaint_dept_code (comp_dept, comp_code, priority, id) values ('VEG', 'NTASEX', 10, to_char(system_seq.nextval));
insert into complaint_dept_code (comp_dept, comp_code, priority, id) values ('VEG', 'PRDCOM', 10, to_char(system_seq.nextval));
insert into complaint_dept_code (comp_dept, comp_code, priority, id) values ('VEG', 'PRDTMP', 10, to_char(system_seq.nextval));
insert into complaint_dept_code (comp_dept, comp_code, priority, id) values ('VEG', 'DAMBOPRD', 10, to_char(system_seq.nextval));
insert into complaint_dept_code (comp_dept, comp_code, priority, id) values ('VEG', 'PRDDAM', 10, to_char(system_seq.nextval));
insert into complaint_dept_code (comp_dept, comp_code, priority, id) values ('VEG', 'QUALDIS', 10, to_char(system_seq.nextval));
insert into complaint_dept_code (comp_dept, comp_code, priority, id) values ('VEG', 'RTLBWRPR', 10, to_char(system_seq.nextval));
insert into complaint_dept_code (comp_dept, comp_code, priority, id) values ('VEG', 'WRNSIZ', 10, to_char(system_seq.nextval));
insert into complaint_dept_code (comp_dept, comp_code, priority, id) values ('VEG', 'OTHER', 99, to_char(system_seq.nextval));
insert into complaint_dept_code (comp_dept, comp_code, priority, id) values ('VEG', 'SRTITM', 10, to_char(system_seq.nextval));
insert into complaint_dept_code (comp_dept, comp_code, priority, id) values ('VEG', 'SPOILED', 10, to_char(system_seq.nextval));
insert into complaint_dept_code (comp_dept, comp_code, priority, id) values ('VEG', 'SMELL', 10, to_char(system_seq.nextval));
insert into complaint_dept_code (comp_dept, comp_code, priority, id) values ('VEG', 'SIZBIG', 10, to_char(system_seq.nextval));
insert into complaint_dept_code (comp_dept, comp_code, priority, id) values ('VEG', 'SIZSML', 10, to_char(system_seq.nextval));
insert into complaint_dept_code (comp_dept, comp_code, priority, id) values ('VEG', 'DIRT', 10, to_char(system_seq.nextval));
insert into complaint_dept_code (comp_dept, comp_code, priority, id) values ('VEG', 'WILTED', 10, to_char(system_seq.nextval));
insert into complaint_dept_code (comp_dept, comp_code, priority, id) values ('VEG', 'BRUISED', 10, to_char(system_seq.nextval));
insert into complaint_dept_code (comp_dept, comp_code, priority, id) values ('VEG', 'XSOFT', 10, to_char(system_seq.nextval));  
insert into complaint_dept_code (comp_dept, comp_code, priority, id) values ('VEG', 'CRACKED', 10, to_char(system_seq.nextval));
insert into complaint_dept_code (comp_dept, comp_code, priority, id) values ('VEG', 'INSECT', 10, to_char(system_seq.nextval)); 
insert into complaint_dept_code (comp_dept, comp_code, priority, id) values ('VEG', 'ORIPE', 10, to_char(system_seq.nextval));  
insert into complaint_dept_code (comp_dept, comp_code, priority, id) values ('VEG', 'URIPE', 10, to_char(system_seq.nextval));  

insert into complaint_dept_code (comp_dept, comp_code, priority, id) values ('GDW', 'PROMO', 10, to_char(system_seq.nextval));  
insert into complaint_dept_code (comp_dept, comp_code, priority, id) values ('GDW', 'GENDIS', 10, to_char(system_seq.nextval)); 
insert into complaint_dept_code (comp_dept, comp_code, priority, id) values ('GDW', 'PROPDAM', 10, to_char(system_seq.nextval));
insert into complaint_dept_code (comp_dept, comp_code, priority, id) values ('GDW', 'BLDGDAM', 10, to_char(system_seq.nextval));
insert into complaint_dept_code (comp_dept, comp_code, priority, id) values ('GDW', 'GDWILL', 10, to_char(system_seq.nextval)); 
insert into complaint_dept_code (comp_dept, comp_code, priority, id) values ('GDW', 'OTHER', 99, to_char(system_seq.nextval)); 
insert into complaint_dept_code (comp_dept, comp_code, priority, id) values ('GDW', 'ADVERSE', 10, to_char(system_seq.nextval));

insert into complaint_dept_code (comp_dept, comp_code, priority, id) values ('TRN', 'LATEDEL', 10, to_char(system_seq.nextval)); 
insert into complaint_dept_code (comp_dept, comp_code, priority, id) values ('TRN', 'EARLDEL', 10, to_char(system_seq.nextval)); 
insert into complaint_dept_code (comp_dept, comp_code, priority, id) values ('TRN', 'DAMBOX', 10, to_char(system_seq.nextval));  
insert into complaint_dept_code (comp_dept, comp_code, priority, id) values ('TRN', 'NODEL', 10, to_char(system_seq.nextval));   
insert into complaint_dept_code (comp_dept, comp_code, priority, id) values ('TRN', 'MISBOX', 10, to_char(system_seq.nextval));  
insert into complaint_dept_code (comp_dept, comp_code, priority, id) values ('TRN', 'DOORMAN', 10, to_char(system_seq.nextval)); 
insert into complaint_dept_code (comp_dept, comp_code, priority, id) values ('TRN', 'MISFRZ', 10, to_char(system_seq.nextval));  
insert into complaint_dept_code (comp_dept, comp_code, priority, id) values ('TRN', 'DRVRUDE', 10, to_char(system_seq.nextval)); 
insert into complaint_dept_code (comp_dept, comp_code, priority, id) values ('TRN', 'DRVSMELL', 10, to_char(system_seq.nextval));
insert into complaint_dept_code (comp_dept, comp_code, priority, id) values ('TRN', 'DRVCMPLI', 10, to_char(system_seq.nextval));
insert into complaint_dept_code (comp_dept, comp_code, priority, id) values ('TRN', 'DRVMISH', 10, to_char(system_seq.nextval)); 
insert into complaint_dept_code (comp_dept, comp_code, priority, id) values ('TRN', 'WRNBOX', 10, to_char(system_seq.nextval));  
insert into complaint_dept_code (comp_dept, comp_code, priority, id) values ('TRN', 'TIPS', 10, to_char(system_seq.nextval));    
insert into complaint_dept_code (comp_dept, comp_code, priority, id) values ('TRN', 'ACCDNT', 10, to_char(system_seq.nextval));  
insert into complaint_dept_code (comp_dept, comp_code, priority, id) values ('TRN', 'OTHER', 99, to_char(system_seq.nextval));
insert into complaint_dept_code (comp_dept, comp_code, priority, id) values ('TRN', 'DEFROST', 10, to_char(system_seq.nextval));
insert into complaint_dept_code (comp_dept, comp_code, priority, id) values ('TRN', 'MISINV', 10, to_char(system_seq.nextval));

insert into complaint_dept_code (comp_dept, comp_code, priority, id) values ('XTR', 'XTRITM', 10, to_char(system_seq.nextval));

insert into complaint_dept_code (comp_dept, comp_code, priority, id) values ('KOS', 'MISITM', 0, to_char(system_seq.nextval));
insert into complaint_dept_code (comp_dept, comp_code, priority, id) values ('KOS', 'ADVERSE', 10, to_char(system_seq.nextval));
insert into complaint_dept_code (comp_dept, comp_code, priority, id) values ('KOS', 'PRDEXP', 10, to_char(system_seq.nextval));
insert into complaint_dept_code (comp_dept, comp_code, priority, id) values ('KOS', 'PRDXCL', 10, to_char(system_seq.nextval));
insert into complaint_dept_code (comp_dept, comp_code, priority, id) values ('KOS', 'FOROBJ', 10, to_char(system_seq.nextval));
insert into complaint_dept_code (comp_dept, comp_code, priority, id) values ('KOS', 'NTASEX', 10, to_char(system_seq.nextval));
insert into complaint_dept_code (comp_dept, comp_code, priority, id) values ('KOS', 'PRDCOM', 10, to_char(system_seq.nextval));
insert into complaint_dept_code (comp_dept, comp_code, priority, id) values ('KOS', 'PRDTMP', 10, to_char(system_seq.nextval));
insert into complaint_dept_code (comp_dept, comp_code, priority, id) values ('KOS', 'PRDLEK', 10, to_char(system_seq.nextval));
insert into complaint_dept_code (comp_dept, comp_code, priority, id) values ('KOS', 'DAMBOPRD', 10, to_char(system_seq.nextval));
insert into complaint_dept_code (comp_dept, comp_code, priority, id) values ('KOS', 'PRDDAM', 10, to_char(system_seq.nextval));
insert into complaint_dept_code (comp_dept, comp_code, priority, id) values ('KOS', 'QUALDIS', 10, to_char(system_seq.nextval));
insert into complaint_dept_code (comp_dept, comp_code, priority, id) values ('KOS', 'RTLBWRPR', 10, to_char(system_seq.nextval));
insert into complaint_dept_code (comp_dept, comp_code, priority, id) values ('KOS', 'WRNSIZ', 10, to_char(system_seq.nextval));
insert into complaint_dept_code (comp_dept, comp_code, priority, id) values ('KOS', 'OTHER', 99, to_char(system_seq.nextval));
insert into complaint_dept_code (comp_dept, comp_code, priority, id) values ('KOS', 'SRTITM', 10, to_char(system_seq.nextval));
insert into complaint_dept_code (comp_dept, comp_code, priority, id) values ('KOS', 'MOLDY', 10, to_char(system_seq.nextval));
insert into complaint_dept_code (comp_dept, comp_code, priority, id) values ('KOS', 'HRDSTL', 10, to_char(system_seq.nextval));
insert into complaint_dept_code (comp_dept, comp_code, priority, id) values ('KOS', 'SPOILED', 10, to_char(system_seq.nextval));
insert into complaint_dept_code (comp_dept, comp_code, priority, id) values ('KOS', 'SMELL', 10, to_char(system_seq.nextval));
insert into complaint_dept_code (comp_dept, comp_code, priority, id) values ('KOS', 'NTPAKSPC', 10, to_char(system_seq.nextval));
insert into complaint_dept_code (comp_dept, comp_code, priority, id) values ('KOS', 'DEFROST', 10, to_char(system_seq.nextval));
insert into complaint_dept_code (comp_dept, comp_code, priority, id) values ('KOS', 'DNTCAN', 10, to_char(system_seq.nextval));
insert into complaint_dept_code (comp_dept, comp_code, priority, id) values ('KOS', 'REQINGR', 10, to_char(system_seq.nextval));
insert into complaint_dept_code (comp_dept, comp_code, priority, id) values ('KOS', 'DISPSIZ', 10, to_char(system_seq.nextval));
insert into complaint_dept_code (comp_dept, comp_code, priority, id) values ('KOS', 'TOOFAT', 10, to_char(system_seq.nextval));
insert into complaint_dept_code (comp_dept, comp_code, priority, id) values ('KOS', 'TOOSPIC', 10, to_char(system_seq.nextval));
insert into complaint_dept_code (comp_dept, comp_code, priority, id) values ('KOS', 'DISCUT', 10, to_char(system_seq.nextval));
insert into complaint_dept_code (comp_dept, comp_code, priority, id) values ('KOS', 'DISCOL', 10, to_char(system_seq.nextval));
insert into complaint_dept_code (comp_dept, comp_code, priority, id) values ('KOS', 'BULK', 10, to_char(system_seq.nextval));
insert into complaint_dept_code (comp_dept, comp_code, priority, id) values ('KOS', 'TOOGRIS', 10, to_char(system_seq.nextval));
insert into complaint_dept_code (comp_dept, comp_code, priority, id) values ('KOS', 'SIZBIG', 10, to_char(system_seq.nextval));
insert into complaint_dept_code (comp_dept, comp_code, priority, id) values ('KOS', 'SIZSML', 10, to_char(system_seq.nextval));
insert into complaint_dept_code (comp_dept, comp_code, priority, id) values ('KOS', 'NTCLND', 10, to_char(system_seq.nextval));
insert into complaint_dept_code (comp_dept, comp_code, priority, id) values ('KOS', 'WORMS', 10, to_char(system_seq.nextval));
insert into complaint_dept_code (comp_dept, comp_code, priority, id) values ('KOS', 'DIRT', 10, to_char(system_seq.nextval));

insert into complaint_dept_code (comp_dept, comp_code, priority, id) values ('HBA', 'MISITM', 0, to_char(system_seq.nextval));
insert into complaint_dept_code (comp_dept, comp_code, priority, id) values ('HBA', 'ADVERSE', 10, to_char(system_seq.nextval));
insert into complaint_dept_code (comp_dept, comp_code, priority, id) values ('HBA', 'FOROBJ', 10, to_char(system_seq.nextval));
insert into complaint_dept_code (comp_dept, comp_code, priority, id) values ('HBA', 'NTASEX', 10, to_char(system_seq.nextval));
insert into complaint_dept_code (comp_dept, comp_code, priority, id) values ('HBA', 'PRDDAM', 10, to_char(system_seq.nextval));
insert into complaint_dept_code (comp_dept, comp_code, priority, id) values ('HBA', 'PRDLEK', 10, to_char(system_seq.nextval));
insert into complaint_dept_code (comp_dept, comp_code, priority, id) values ('HBA', 'PRDTMP', 10, to_char(system_seq.nextval));
insert into complaint_dept_code (comp_dept, comp_code, priority, id) values ('HBA', 'QUALDIS', 10, to_char(system_seq.nextval));
insert into complaint_dept_code (comp_dept, comp_code, priority, id) values ('HBA', 'RTLBWRPR', 10, to_char(system_seq.nextval));
insert into complaint_dept_code (comp_dept, comp_code, priority, id) values ('HBA', 'WRNSIZ', 10, to_char(system_seq.nextval));
insert into complaint_dept_code (comp_dept, comp_code, priority, id) values ('HBA', 'OTHER', 99, to_char(system_seq.nextval));

# DELIVERY PASS
insert into complaint_dept (code, name) values ('OURPICKS', 'Our Picks');

insert into complaint_code (code, name) values ('DPWRONG',  'Purchased wrong pass');
insert into complaint_code (code, name) values ('DPDIS',   'General disappointment with delivery pass');
insert into complaint_code (code, name) values ('DLVPRB',  'Delivery problem - Other');
insert into complaint_code (code, name) values ('DPPOORXP',  'Request to close account - poor experience');
insert into complaint_code (code, name) values ('DPMOVE',  'Request to close account - moving');

insert into complaint_dept_code (comp_dept, comp_code, priority, id) values ('OURPICKS', 'DPWRONG', 0, to_char(system_seq.nextval));
insert into complaint_dept_code (comp_dept, comp_code, priority, id) values ('OURPICKS', 'DPDIS', 10, to_char(system_seq.nextval));
insert into complaint_dept_code (comp_dept, comp_code, priority, id) values ('OURPICKS', 'GENDIS', 10, to_char(system_seq.nextval));
insert into complaint_dept_code (comp_dept, comp_code, priority, id) values ('OURPICKS', 'LATEDEL', 10, to_char(system_seq.nextval));
insert into complaint_dept_code (comp_dept, comp_code, priority, id) values ('OURPICKS', 'DLVPRB', 10, to_char(system_seq.nextval));
insert into complaint_dept_code (comp_dept, comp_code, priority, id) values ('OURPICKS', 'DPPOORXP', 10, to_char(system_seq.nextval));
insert into complaint_dept_code (comp_dept, comp_code, priority, id) values ('OURPICKS', 'DPMOVE', 10, to_char(system_seq.nextval));
insert into complaint_dept_code (comp_dept, comp_code, priority, id) values ('OURPICKS', 'OTHER', 99, to_char(system_seq.nextval));

insert into complaint_dept_code (comp_dept, comp_code, priority, id) values ('GDW', 'DPDIS', 0, to_char(system_seq.nextval));
insert into complaint_dept_code (comp_dept, comp_code, priority, id) values ('GDW', 'DPPOORXP', 10, to_char(system_seq.nextval));
insert into complaint_dept_code (comp_dept, comp_code, priority, id) values ('GDW', 'DPMOVE', 10, to_char(system_seq.nextval));
insert into complaint_dept_code (comp_dept, comp_code, priority, id) values ('GDW', 'LATEDEL', 10, to_char(system_seq.nextval));
insert into complaint_dept_code (comp_dept, comp_code, priority, id) values ('GDW', 'DLVPRB', 10, to_char(system_seq.nextval));
