INSERT INTO CUST.SS_VARIANTS ( ID, CONFIG_ID, FEATURE, TYPE, ALIAS_ID ) VALUES ( 'feat_pop2', NULL, 'FEATURED_ITEMS', 'alias', 'featured-pop2'); 
INSERT INTO CUST.SS_VARIANTS ( ID, CONFIG_ID, FEATURE, TYPE, ALIAS_ID ) VALUES ( 'feat_pop3', NULL, 'FEATURED_ITEMS', 'alias', 'featured-pop2-s'); 

INSERT INTO CUST.SS_VARIANT_PARAMS ( ID, KEY, VALUE ) VALUES ( 'feat_pop3', 'exponent', '0.4'); 

INSERT INTO CUST.SS_VARIANT_PARAMS ( ID, KEY, VALUE ) VALUES ( 'feat_pop3', 'fi_label', 'NEW! Customer Favorites'); 

INSERT INTO CUST.SS_VARIANT_PARAMS ( ID, KEY, VALUE ) VALUES ( 'feat_pop3', 'top_n', '25'); 

INSERT INTO CUST.SS_VARIANT_PARAMS ( ID, KEY, VALUE ) VALUES ( 'feat_pop3', 'brand_uniq_sort', 'true'); 

INSERT INTO CUST.SS_VARIANTS ( ID, CONFIG_ID, FEATURE, TYPE, ALIAS_ID ) VALUES ( 'feat_pop4', NULL, 'FEATURED_ITEMS', 'scripted', NULL); 

INSERT INTO CUST.SS_VARIANT_PARAMS ( ID, KEY, VALUE ) VALUES ( 'feat_pop4', 'exponent', '0.4'); 

INSERT INTO CUST.SS_VARIANT_PARAMS ( ID, KEY, VALUE ) VALUES ( 'feat_pop4', 'fi_label', 'NEW! Customer Favorites'); 

INSERT INTO CUST.SS_VARIANT_PARAMS ( ID, KEY, VALUE ) VALUES ( 'feat_pop4', 'sampling_strat', 'power'); 

INSERT INTO CUST.SS_VARIANT_PARAMS ( ID, KEY, VALUE ) VALUES ( 'feat_pop4', 'top_n', '25'); 

INSERT INTO CUST.SS_VARIANT_PARAMS ( ID, KEY, VALUE ) VALUES ( 'feat_pop4', 'top_perc', '2'); 

INSERT INTO CUST.SS_VARIANT_PARAMS ( ID, KEY, VALUE ) VALUES ( 'feat_pop4', 'generator', 'Top(RecursiveNodes(currentNode), Frequency, 1):atLeast(Frequency, 1):prioritize() + ManuallyOverriddenSlotsP(currentNode) + CandidateLists'); 

INSERT INTO CUST.SS_VARIANT_PARAMS ( ID, KEY, VALUE ) VALUES ( 'feat_pop4', 'brand_uniq_sort', 'true'); 

INSERT INTO CUST.SS_VARIANT_ASSIGNMENT ( COHORT_ID, "DATE", VARIANT_ID ) VALUES ( 'C1', SYSDATE, 'feat_pop4');
INSERT INTO CUST.SS_VARIANT_ASSIGNMENT ( COHORT_ID, "DATE", VARIANT_ID ) VALUES ( 'C2', SYSDATE, 'feat_pop4');
INSERT INTO CUST.SS_VARIANT_ASSIGNMENT ( COHORT_ID, "DATE", VARIANT_ID ) VALUES ( 'C3', SYSDATE, 'feat_pop4'); 
INSERT INTO CUST.SS_VARIANT_ASSIGNMENT ( COHORT_ID, "DATE", VARIANT_ID ) VALUES ( 'C4', SYSDATE, 'feat_pop2'); 
INSERT INTO CUST.SS_VARIANT_ASSIGNMENT ( COHORT_ID, "DATE", VARIANT_ID ) VALUES ( 'C5', SYSDATE, 'feat_pop2'); 
INSERT INTO CUST.SS_VARIANT_ASSIGNMENT ( COHORT_ID, "DATE", VARIANT_ID ) VALUES ( 'C6', SYSDATE, 'feat_pop2'); 
INSERT INTO CUST.SS_VARIANT_ASSIGNMENT ( COHORT_ID, "DATE", VARIANT_ID ) VALUES ( 'C7', SYSDATE, 'feat_pop3'); 
INSERT INTO CUST.SS_VARIANT_ASSIGNMENT ( COHORT_ID, "DATE", VARIANT_ID ) VALUES ( 'C8', SYSDATE, 'feat_pop2'); 
INSERT INTO CUST.SS_VARIANT_ASSIGNMENT ( COHORT_ID, "DATE", VARIANT_ID ) VALUES ( 'C9', SYSDATE, 'feat_pop3'); 
INSERT INTO CUST.SS_VARIANT_ASSIGNMENT ( COHORT_ID, "DATE", VARIANT_ID ) VALUES ( 'C10', SYSDATE, 'feat_pop2'); 
INSERT INTO CUST.SS_VARIANT_ASSIGNMENT ( COHORT_ID, "DATE", VARIANT_ID ) VALUES ( 'C11', SYSDATE, 'feat_pop4'); 
INSERT INTO CUST.SS_VARIANT_ASSIGNMENT ( COHORT_ID, "DATE", VARIANT_ID ) VALUES ( 'C12', SYSDATE, 'feat_pop4'); 
INSERT INTO CUST.SS_VARIANT_ASSIGNMENT ( COHORT_ID, "DATE", VARIANT_ID ) VALUES ( 'C13', SYSDATE, 'feat_pop2'); 
INSERT INTO CUST.SS_VARIANT_ASSIGNMENT ( COHORT_ID, "DATE", VARIANT_ID ) VALUES ( 'C14', SYSDATE, 'feat_pop2'); 
INSERT INTO CUST.SS_VARIANT_ASSIGNMENT ( COHORT_ID, "DATE", VARIANT_ID ) VALUES ( 'C15', SYSDATE, 'feat_pop3'); 
INSERT INTO CUST.SS_VARIANT_ASSIGNMENT ( COHORT_ID, "DATE", VARIANT_ID ) VALUES ( 'C16', SYSDATE, 'feat_pop2'); 
INSERT INTO CUST.SS_VARIANT_ASSIGNMENT ( COHORT_ID, "DATE", VARIANT_ID ) VALUES ( 'C17', SYSDATE, 'feat_pop3');
INSERT INTO CUST.SS_VARIANT_ASSIGNMENT ( COHORT_ID, "DATE", VARIANT_ID ) VALUES ( 'C18', SYSDATE, 'feat_pop2'); 
INSERT INTO CUST.SS_VARIANT_ASSIGNMENT ( COHORT_ID, "DATE", VARIANT_ID ) VALUES ( 'C19', SYSDATE, 'feat_pop3'); 
INSERT INTO CUST.SS_VARIANT_ASSIGNMENT ( COHORT_ID, "DATE", VARIANT_ID ) VALUES ( 'C20', SYSDATE, 'feat_pop2');

INSERT INTO CUST.SS_VARIANT_PARAMS ( ID, KEY, VALUE ) VALUES ( 'feat_pop3', 'prez_desc', 'Scripted Featured Items highlighting Your Fave');
INSERT INTO CUST.SS_VARIANT_PARAMS ( ID, KEY, VALUE ) VALUES ( 'feat_pop4', 'prez_desc', 'Scripted Featured Items highlighting Your Fave');
INSERT INTO CUST.SS_VARIANT_PARAMS ( ID, KEY, VALUE ) VALUES ( 'feat_pop4', 'scoring', 'Recency_Discretized;Popularity_Discretized;QualityRating;DealsPercentage_Discretized');