/*add new complaint code*/
insert into cust.complaint_code (code, name) values ('RTLBWRBX', 'Right label, wrong Box'); 

/*attach new complaint code to all departments*/
insert into cust.complaint_dept_code (comp_code, comp_dept, priority, id) values ('RTLBWRBX', 'BAK', 10, cust.system_seq.nextval);
insert into cust.complaint_dept_code (comp_code, comp_dept, priority, id) values ('RTLBWRBX', 'CHE', 10, cust.system_seq.nextval);
insert into cust.complaint_dept_code (comp_code, comp_dept, priority, id) values ('RTLBWRBX', 'COF', 10, cust.system_seq.nextval);
insert into cust.complaint_dept_code (comp_code, comp_dept, priority, id) values ('RTLBWRBX', 'DAI', 10, cust.system_seq.nextval);
insert into cust.complaint_dept_code (comp_code, comp_dept, priority, id) values ('RTLBWRBX', 'DEL', 10, cust.system_seq.nextval);
insert into cust.complaint_dept_code (comp_code, comp_dept, priority, id) values ('RTLBWRBX', 'FRO', 10, cust.system_seq.nextval);
insert into cust.complaint_dept_code (comp_code, comp_dept, priority, id) values ('RTLBWRBX', 'GRO', 10, cust.system_seq.nextval);
insert into cust.complaint_dept_code (comp_code, comp_dept, priority, id) values ('RTLBWRBX', 'HMR', 10, cust.system_seq.nextval);
insert into cust.complaint_dept_code (comp_code, comp_dept, priority, id) values ('RTLBWRBX', 'MEA', 10, cust.system_seq.nextval);
insert into cust.complaint_dept_code (comp_code, comp_dept, priority, id) values ('RTLBWRBX', 'PAS', 10, cust.system_seq.nextval);
insert into cust.complaint_dept_code (comp_code, comp_dept, priority, id) values ('RTLBWRBX', 'SEA', 10, cust.system_seq.nextval);
insert into cust.complaint_dept_code (comp_code, comp_dept, priority, id) values ('RTLBWRBX', 'TEA', 10, cust.system_seq.nextval);
insert into cust.complaint_dept_code (comp_code, comp_dept, priority, id) values ('RTLBWRBX', 'FRU', 10, cust.system_seq.nextval);
insert into cust.complaint_dept_code (comp_code, comp_dept, priority, id) values ('RTLBWRBX', 'VEG', 10, cust.system_seq.nextval);
insert into cust.complaint_dept_code (comp_code, comp_dept, priority, id) values ('RTLBWRBX', 'GDW', 10, cust.system_seq.nextval);
insert into cust.complaint_dept_code (comp_code, comp_dept, priority, id) values ('RTLBWRBX', 'TRN', 10, cust.system_seq.nextval);
insert into cust.complaint_dept_code (comp_code, comp_dept, priority, id) values ('RTLBWRBX', 'XTR', 10, cust.system_seq.nextval);
insert into cust.complaint_dept_code (comp_code, comp_dept, priority, id) values ('RTLBWRBX', 'KOS', 10, cust.system_seq.nextval);
insert into cust.complaint_dept_code (comp_code, comp_dept, priority, id) values ('RTLBWRBX', 'CAT', 10, cust.system_seq.nextval);
insert into cust.complaint_dept_code (comp_code, comp_dept, priority, id) values ('RTLBWRBX', 'ORG', 10, cust.system_seq.nextval);
insert into cust.complaint_dept_code (comp_code, comp_dept, priority, id) values ('RTLBWRBX', 'WIN', 10, cust.system_seq.nextval);
insert into cust.complaint_dept_code (comp_code, comp_dept, priority, id) values ('RTLBWRBX', 'HBA', 10, cust.system_seq.nextval);
insert into cust.complaint_dept_code (comp_code, comp_dept, priority, id) values ('RTLBWRBX', 'EZM', 10, cust.system_seq.nextval);
insert into cust.complaint_dept_code (comp_code, comp_dept, priority, id) values ('RTLBWRBX', 'RTC', 10, cust.system_seq.nextval); 

/*add new subjects to existing queues*/
insert into cust.case_subject (code, name, case_queue, case_priority) values ('OIQ-009','Shorts','OIQ','LO');
insert into cust.case_subject (code, name, case_queue, case_priority) values ('ASQ-009','Fraud','ASQ','MD'); 

/*set workflows for new subjects*/
insert into cust.case_operation (case_subject, start_case_state, end_case_state, role, caseaction_type) values ('OIQ-009', 'NEW', 'OPEN', 'SYS', 'NOTE');
insert into cust.case_operation (case_subject, start_case_state, end_case_state, role, caseaction_type) values ('OIQ-009', 'NEW', 'OPEN', 'CSR', 'NOTE');
insert into cust.case_operation (case_subject, start_case_state, end_case_state, role, caseaction_type) values ('OIQ-009', 'OPEN', 'REVW', 'CSR', 'ESCRVW');
insert into cust.case_operation (case_subject, start_case_state, end_case_state, role, caseaction_type) values ('OIQ-009', 'OPEN', 'OPEN', 'CSR', 'NOTE');
insert into cust.case_operation (case_subject, start_case_state, end_case_state, role, caseaction_type) values ('OIQ-009', 'OPEN', 'CLSD', 'CSR', 'CLOSE');
insert into cust.case_operation (case_subject, start_case_state, end_case_state, role, caseaction_type) values ('OIQ-009', 'REVW', 'REVW', 'CSR', 'NOTE');
insert into cust.case_operation (case_subject, start_case_state, end_case_state, role, caseaction_type) values ('OIQ-009', 'APVD', 'REVW', 'CSR', 'ESCRVW');
insert into cust.case_operation (case_subject, start_case_state, end_case_state, role, caseaction_type) values ('OIQ-009', 'APVD', 'APVD', 'CSR', 'NOTE');
insert into cust.case_operation (case_subject, start_case_state, end_case_state, role, caseaction_type) values ('OIQ-009', 'APVD', 'CLSD', 'CSR', 'CLOSE');
insert into cust.case_operation (case_subject, start_case_state, end_case_state, role, caseaction_type) values ('OIQ-009', 'CLSD', 'CLSD', 'CSR', 'NOTE');
insert into cust.case_operation (case_subject, start_case_state, end_case_state, role, caseaction_type) values ('OIQ-009', 'NEW', 'OPEN', 'TRN', 'NOTE');
insert into cust.case_operation (case_subject, start_case_state, end_case_state, role, caseaction_type) values ('OIQ-009', 'OPEN', 'REVW', 'TRN', 'ESCRVW');
insert into cust.case_operation (case_subject, start_case_state, end_case_state, role, caseaction_type) values ('OIQ-009', 'OPEN', 'OPEN', 'TRN', 'NOTE');
insert into cust.case_operation (case_subject, start_case_state, end_case_state, role, caseaction_type) values ('OIQ-009', 'OPEN', 'OPEN', 'TRN', 'CAS_EDT');
insert into cust.case_operation (case_subject, start_case_state, end_case_state, role, caseaction_type) values ('OIQ-009', 'OPEN', 'CLSD', 'TRN', 'CLOSE');
insert into cust.case_operation (case_subject, start_case_state, end_case_state, role, caseaction_type) values ('OIQ-009', 'REVW', 'REVW', 'TRN', 'NOTE');
insert into cust.case_operation (case_subject, start_case_state, end_case_state, role, caseaction_type) values ('OIQ-009', 'APVD', 'REVW', 'TRN', 'ESCRVW');
insert into cust.case_operation (case_subject, start_case_state, end_case_state, role, caseaction_type) values ('OIQ-009', 'APVD', 'APVD', 'TRN', 'NOTE');
insert into cust.case_operation (case_subject, start_case_state, end_case_state, role, caseaction_type) values ('OIQ-009', 'APVD', 'CLSD', 'TRN', 'CLOSE');
insert into cust.case_operation (case_subject, start_case_state, end_case_state, role, caseaction_type) values ('OIQ-009', 'CLSD', 'CLSD', 'TRN', 'NOTE');
insert into cust.case_operation (case_subject, start_case_state, end_case_state, role, caseaction_type) values ('OIQ-009', 'NEW', 'OPEN', 'ASV', 'NOTE');
insert into cust.case_operation (case_subject, start_case_state, end_case_state, role, caseaction_type) values ('OIQ-009', 'OPEN', 'REVW', 'ASV', 'ESCRVW');
insert into cust.case_operation (case_subject, start_case_state, end_case_state, role, caseaction_type) values ('OIQ-009', 'OPEN', 'OPEN', 'ASV', 'NOTE');
insert into cust.case_operation (case_subject, start_case_state, end_case_state, role, caseaction_type) values ('OIQ-009', 'OPEN', 'OPEN', 'ASV', 'CAS_EDT');
insert into cust.case_operation (case_subject, start_case_state, end_case_state, role, caseaction_type) values ('OIQ-009', 'OPEN', 'CLSD', 'ASV', 'CLOSE');
insert into cust.case_operation (case_subject, start_case_state, end_case_state, role, caseaction_type) values ('OIQ-009', 'REVW', 'REVW', 'ASV', 'NOTE');
insert into cust.case_operation (case_subject, start_case_state, end_case_state, role, caseaction_type) values ('OIQ-009', 'APVD', 'REVW', 'ASV', 'ESCRVW');
insert into cust.case_operation (case_subject, start_case_state, end_case_state, role, caseaction_type) values ('OIQ-009', 'APVD', 'APVD', 'ASV', 'NOTE');
insert into cust.case_operation (case_subject, start_case_state, end_case_state, role, caseaction_type) values ('OIQ-009', 'APVD', 'CLSD', 'ASV', 'CLOSE');
insert into cust.case_operation (case_subject, start_case_state, end_case_state, role, caseaction_type) values ('OIQ-009', 'CLSD', 'CLSD', 'ASV', 'NOTE');
insert into cust.case_operation (case_subject, start_case_state, end_case_state, role, caseaction_type) values ('OIQ-009', 'NEW', 'OPEN', 'SUP', 'NOTE');
insert into cust.case_operation (case_subject, start_case_state, end_case_state, role, caseaction_type) values ('OIQ-009', 'OPEN', 'OPEN', 'SUP', 'CAS_EDT');
insert into cust.case_operation (case_subject, start_case_state, end_case_state, role, caseaction_type) values ('OIQ-009', 'OPEN', 'CLSD', 'SUP', 'CLOSE');
insert into cust.case_operation (case_subject, start_case_state, end_case_state, role, caseaction_type) values ('OIQ-009', 'OPEN', 'REVW', 'SUP', 'ESCRVW');
insert into cust.case_operation (case_subject, start_case_state, end_case_state, role, caseaction_type) values ('OIQ-009', 'OPEN', 'OPEN', 'SUP', 'NOTE');
insert into cust.case_operation (case_subject, start_case_state, end_case_state, role, caseaction_type) values ('OIQ-009', 'REVW', 'APVD', 'SUP', 'APPROV');
insert into cust.case_operation (case_subject, start_case_state, end_case_state, role, caseaction_type) values ('OIQ-009', 'REVW', 'REVW', 'SUP', 'CAS_EDT');
insert into cust.case_operation (case_subject, start_case_state, end_case_state, role, caseaction_type) values ('OIQ-009', 'REVW', 'CLSD', 'SUP', 'CLOSE');
insert into cust.case_operation (case_subject, start_case_state, end_case_state, role, caseaction_type) values ('OIQ-009', 'REVW', 'REVW', 'SUP', 'NOTE');
insert into cust.case_operation (case_subject, start_case_state, end_case_state, role, caseaction_type) values ('OIQ-009', 'REVW', 'OPEN', 'SUP', 'RETURN');
insert into cust.case_operation (case_subject, start_case_state, end_case_state, role, caseaction_type) values ('OIQ-009', 'APVD', 'APVD', 'SUP', 'CAS_EDT');
insert into cust.case_operation (case_subject, start_case_state, end_case_state, role, caseaction_type) values ('OIQ-009', 'APVD', 'CLSD', 'SUP', 'CLOSE');
insert into cust.case_operation (case_subject, start_case_state, end_case_state, role, caseaction_type) values ('OIQ-009', 'APVD', 'REVW', 'SUP', 'ESCRVW');
insert into cust.case_operation (case_subject, start_case_state, end_case_state, role, caseaction_type) values ('OIQ-009', 'APVD', 'APVD', 'SUP', 'NOTE');
insert into cust.case_operation (case_subject, start_case_state, end_case_state, role, caseaction_type) values ('OIQ-009', 'CLSD', 'CLSD', 'SUP', 'NOTE');
insert into cust.case_operation (case_subject, start_case_state, end_case_state, role, caseaction_type) values ('OIQ-009', 'NEW', 'OPEN', 'ADM', 'NOTE');
insert into cust.case_operation (case_subject, start_case_state, end_case_state, role, caseaction_type) values ('OIQ-009', 'OPEN', 'OPEN', 'ADM', 'CAS_EDT');
insert into cust.case_operation (case_subject, start_case_state, end_case_state, role, caseaction_type) values ('OIQ-009', 'OPEN', 'CLSD', 'ADM', 'CLOSE');
insert into cust.case_operation (case_subject, start_case_state, end_case_state, role, caseaction_type) values ('OIQ-009', 'OPEN', 'REVW', 'ADM', 'ESCRVW');
insert into cust.case_operation (case_subject, start_case_state, end_case_state, role, caseaction_type) values ('OIQ-009', 'OPEN', 'OPEN', 'ADM', 'NOTE');
insert into cust.case_operation (case_subject, start_case_state, end_case_state, role, caseaction_type) values ('OIQ-009', 'REVW', 'APVD', 'ADM', 'APPROV');
insert into cust.case_operation (case_subject, start_case_state, end_case_state, role, caseaction_type) values ('OIQ-009', 'REVW', 'REVW', 'ADM', 'CAS_EDT');
insert into cust.case_operation (case_subject, start_case_state, end_case_state, role, caseaction_type) values ('OIQ-009', 'REVW', 'CLSD', 'ADM', 'CLOSE');
insert into cust.case_operation (case_subject, start_case_state, end_case_state, role, caseaction_type) values ('OIQ-009', 'REVW', 'REVW', 'ADM', 'NOTE');
insert into cust.case_operation (case_subject, start_case_state, end_case_state, role, caseaction_type) values ('OIQ-009', 'REVW', 'OPEN', 'ADM', 'RETURN');
insert into cust.case_operation (case_subject, start_case_state, end_case_state, role, caseaction_type) values ('OIQ-009', 'APVD', 'APVD', 'ADM', 'CAS_EDT');
insert into cust.case_operation (case_subject, start_case_state, end_case_state, role, caseaction_type) values ('OIQ-009', 'APVD', 'CLSD', 'ADM', 'CLOSE');
insert into cust.case_operation (case_subject, start_case_state, end_case_state, role, caseaction_type) values ('OIQ-009', 'APVD', 'REVW', 'ADM', 'ESCRVW');
insert into cust.case_operation (case_subject, start_case_state, end_case_state, role, caseaction_type) values ('OIQ-009', 'APVD', 'APVD', 'ADM', 'NOTE');
insert into cust.case_operation (case_subject, start_case_state, end_case_state, role, caseaction_type) values ('OIQ-009', 'CLSD', 'CLSD', 'ADM', 'NOTE');

insert into cust.case_operation (case_subject, start_case_state, end_case_state, role, caseaction_type) values ('ASQ-009', 'NEW', 'OPEN', 'SYS', 'NOTE');
insert into cust.case_operation (case_subject, start_case_state, end_case_state, role, caseaction_type) values ('ASQ-009', 'NEW', 'OPEN', 'CSR', 'NOTE');
insert into cust.case_operation (case_subject, start_case_state, end_case_state, role, caseaction_type) values ('ASQ-009', 'OPEN', 'REVW', 'CSR', 'ESCRVW');
insert into cust.case_operation (case_subject, start_case_state, end_case_state, role, caseaction_type) values ('ASQ-009', 'OPEN', 'OPEN', 'CSR', 'NOTE');
insert into cust.case_operation (case_subject, start_case_state, end_case_state, role, caseaction_type) values ('ASQ-009', 'REVW', 'REVW', 'CSR', 'NOTE');
insert into cust.case_operation (case_subject, start_case_state, end_case_state, role, caseaction_type) values ('ASQ-009', 'APVD', 'REVW', 'CSR', 'ESCRVW');
insert into cust.case_operation (case_subject, start_case_state, end_case_state, role, caseaction_type) values ('ASQ-009', 'APVD', 'APVD', 'CSR', 'NOTE');
insert into cust.case_operation (case_subject, start_case_state, end_case_state, role, caseaction_type) values ('ASQ-009', 'APVD', 'CLSD', 'CSR', 'CLOSE');
insert into cust.case_operation (case_subject, start_case_state, end_case_state, role, caseaction_type) values ('ASQ-009', 'CLSD', 'CLSD', 'CSR', 'NOTE');
insert into cust.case_operation (case_subject, start_case_state, end_case_state, role, caseaction_type) values ('ASQ-009', 'NEW', 'OPEN', 'TRN', 'NOTE');
insert into cust.case_operation (case_subject, start_case_state, end_case_state, role, caseaction_type) values ('ASQ-009', 'OPEN', 'REVW', 'TRN', 'ESCRVW');
insert into cust.case_operation (case_subject, start_case_state, end_case_state, role, caseaction_type) values ('ASQ-009', 'OPEN', 'OPEN', 'TRN', 'NOTE');
insert into cust.case_operation (case_subject, start_case_state, end_case_state, role, caseaction_type) values ('ASQ-009', 'REVW', 'REVW', 'TRN', 'NOTE');
insert into cust.case_operation (case_subject, start_case_state, end_case_state, role, caseaction_type) values ('ASQ-009', 'APVD', 'REVW', 'TRN', 'ESCRVW');
insert into cust.case_operation (case_subject, start_case_state, end_case_state, role, caseaction_type) values ('ASQ-009', 'APVD', 'APVD', 'TRN', 'NOTE');
insert into cust.case_operation (case_subject, start_case_state, end_case_state, role, caseaction_type) values ('ASQ-009', 'APVD', 'CLSD', 'TRN', 'CLOSE');
insert into cust.case_operation (case_subject, start_case_state, end_case_state, role, caseaction_type) values ('ASQ-009', 'CLSD', 'CLSD', 'TRN', 'NOTE');
insert into cust.case_operation (case_subject, start_case_state, end_case_state, role, caseaction_type) values ('ASQ-009', 'NEW', 'OPEN', 'ASV', 'NOTE');
insert into cust.case_operation (case_subject, start_case_state, end_case_state, role, caseaction_type) values ('ASQ-009', 'OPEN', 'OPEN', 'ASV', 'CAS_EDT');
insert into cust.case_operation (case_subject, start_case_state, end_case_state, role, caseaction_type) values ('ASQ-009', 'OPEN', 'CLSD', 'ASV', 'CLOSE');
insert into cust.case_operation (case_subject, start_case_state, end_case_state, role, caseaction_type) values ('ASQ-009', 'OPEN', 'REVW', 'ASV', 'ESCRVW');
insert into cust.case_operation (case_subject, start_case_state, end_case_state, role, caseaction_type) values ('ASQ-009', 'OPEN', 'OPEN', 'ASV', 'NOTE');
insert into cust.case_operation (case_subject, start_case_state, end_case_state, role, caseaction_type) values ('ASQ-009', 'REVW', 'APVD', 'ASV', 'APPROV');
insert into cust.case_operation (case_subject, start_case_state, end_case_state, role, caseaction_type) values ('ASQ-009', 'REVW', 'REVW', 'ASV', 'CAS_EDT');
insert into cust.case_operation (case_subject, start_case_state, end_case_state, role, caseaction_type) values ('ASQ-009', 'REVW', 'CLSD', 'ASV', 'CLOSE');
insert into cust.case_operation (case_subject, start_case_state, end_case_state, role, caseaction_type) values ('ASQ-009', 'REVW', 'REVW', 'ASV', 'NOTE');
insert into cust.case_operation (case_subject, start_case_state, end_case_state, role, caseaction_type) values ('ASQ-009', 'REVW', 'OPEN', 'ASV', 'RETURN');
insert into cust.case_operation (case_subject, start_case_state, end_case_state, role, caseaction_type) values ('ASQ-009', 'APVD', 'APVD', 'ASV', 'CAS_EDT');
insert into cust.case_operation (case_subject, start_case_state, end_case_state, role, caseaction_type) values ('ASQ-009', 'APVD', 'CLSD', 'ASV', 'CLOSE');
insert into cust.case_operation (case_subject, start_case_state, end_case_state, role, caseaction_type) values ('ASQ-009', 'APVD', 'REVW', 'ASV', 'ESCRVW');
insert into cust.case_operation (case_subject, start_case_state, end_case_state, role, caseaction_type) values ('ASQ-009', 'APVD', 'APVD', 'ASV', 'NOTE');
insert into cust.case_operation (case_subject, start_case_state, end_case_state, role, caseaction_type) values ('ASQ-009', 'CLSD', 'CLSD', 'ASV', 'NOTE');
insert into cust.case_operation (case_subject, start_case_state, end_case_state, role, caseaction_type) values ('ASQ-009', 'NEW', 'OPEN', 'SUP', 'NOTE');
insert into cust.case_operation (case_subject, start_case_state, end_case_state, role, caseaction_type) values ('ASQ-009', 'OPEN', 'OPEN', 'SUP', 'CAS_EDT');
insert into cust.case_operation (case_subject, start_case_state, end_case_state, role, caseaction_type) values ('ASQ-009', 'OPEN', 'CLSD', 'SUP', 'CLOSE');
insert into cust.case_operation (case_subject, start_case_state, end_case_state, role, caseaction_type) values ('ASQ-009', 'OPEN', 'REVW', 'SUP', 'ESCRVW');
insert into cust.case_operation (case_subject, start_case_state, end_case_state, role, caseaction_type) values ('ASQ-009', 'OPEN', 'OPEN', 'SUP', 'NOTE');
insert into cust.case_operation (case_subject, start_case_state, end_case_state, role, caseaction_type) values ('ASQ-009', 'REVW', 'APVD', 'SUP', 'APPROV');
insert into cust.case_operation (case_subject, start_case_state, end_case_state, role, caseaction_type) values ('ASQ-009', 'REVW', 'REVW', 'SUP', 'CAS_EDT');
insert into cust.case_operation (case_subject, start_case_state, end_case_state, role, caseaction_type) values ('ASQ-009', 'REVW', 'CLSD', 'SUP', 'CLOSE');
insert into cust.case_operation (case_subject, start_case_state, end_case_state, role, caseaction_type) values ('ASQ-009', 'REVW', 'REVW', 'SUP', 'NOTE');
insert into cust.case_operation (case_subject, start_case_state, end_case_state, role, caseaction_type) values ('ASQ-009', 'REVW', 'OPEN', 'SUP', 'RETURN');
insert into cust.case_operation (case_subject, start_case_state, end_case_state, role, caseaction_type) values ('ASQ-009', 'APVD', 'APVD', 'SUP', 'CAS_EDT');
insert into cust.case_operation (case_subject, start_case_state, end_case_state, role, caseaction_type) values ('ASQ-009', 'APVD', 'CLSD', 'SUP', 'CLOSE');
insert into cust.case_operation (case_subject, start_case_state, end_case_state, role, caseaction_type) values ('ASQ-009', 'APVD', 'REVW', 'SUP', 'ESCRVW');
insert into cust.case_operation (case_subject, start_case_state, end_case_state, role, caseaction_type) values ('ASQ-009', 'APVD', 'APVD', 'SUP', 'NOTE');
insert into cust.case_operation (case_subject, start_case_state, end_case_state, role, caseaction_type) values ('ASQ-009', 'CLSD', 'CLSD', 'SUP', 'NOTE');
insert into cust.case_operation (case_subject, start_case_state, end_case_state, role, caseaction_type) values ('ASQ-009', 'NEW', 'OPEN', 'ADM', 'NOTE');
insert into cust.case_operation (case_subject, start_case_state, end_case_state, role, caseaction_type) values ('ASQ-009', 'OPEN', 'OPEN', 'ADM', 'CAS_EDT');
insert into cust.case_operation (case_subject, start_case_state, end_case_state, role, caseaction_type) values ('ASQ-009', 'OPEN', 'CLSD', 'ADM', 'CLOSE');
insert into cust.case_operation (case_subject, start_case_state, end_case_state, role, caseaction_type) values ('ASQ-009', 'OPEN', 'REVW', 'ADM', 'ESCRVW');
insert into cust.case_operation (case_subject, start_case_state, end_case_state, role, caseaction_type) values ('ASQ-009', 'OPEN', 'OPEN', 'ADM', 'NOTE');
insert into cust.case_operation (case_subject, start_case_state, end_case_state, role, caseaction_type) values ('ASQ-009', 'REVW', 'APVD', 'ADM', 'APPROV');
insert into cust.case_operation (case_subject, start_case_state, end_case_state, role, caseaction_type) values ('ASQ-009', 'REVW', 'REVW', 'ADM', 'CAS_EDT');
insert into cust.case_operation (case_subject, start_case_state, end_case_state, role, caseaction_type) values ('ASQ-009', 'REVW', 'CLSD', 'ADM', 'CLOSE');
insert into cust.case_operation (case_subject, start_case_state, end_case_state, role, caseaction_type) values ('ASQ-009', 'REVW', 'REVW', 'ADM', 'NOTE');
insert into cust.case_operation (case_subject, start_case_state, end_case_state, role, caseaction_type) values ('ASQ-009', 'REVW', 'OPEN', 'ADM', 'RETURN');
insert into cust.case_operation (case_subject, start_case_state, end_case_state, role, caseaction_type) values ('ASQ-009', 'APVD', 'APVD', 'ADM', 'CAS_EDT');
insert into cust.case_operation (case_subject, start_case_state, end_case_state, role, caseaction_type) values ('ASQ-009', 'APVD', 'CLSD', 'ADM', 'CLOSE');
insert into cust.case_operation (case_subject, start_case_state, end_case_state, role, caseaction_type) values ('ASQ-009', 'APVD', 'REVW', 'ADM', 'ESCRVW');
insert into cust.case_operation (case_subject, start_case_state, end_case_state, role, caseaction_type) values ('ASQ-009', 'APVD', 'APVD', 'ADM', 'NOTE');
insert into cust.case_operation (case_subject, start_case_state, end_case_state, role, caseaction_type) values ('ASQ-009', 'CLSD', 'CLSD', 'ADM', 'NOTE');



