INSERT INTO cms.contenttype (ID,NAME,DESCRIPTION,GENERATE_ID) VALUES ('TileList','TileList','Definition of type TileList','F');
INSERT INTO cms.contenttype (ID,NAME,DESCRIPTION,GENERATE_ID) VALUES ('Tile','Tile','Definition of type Tile','F');

INSERT INTO cms.attributedefinition (NAME,ID,CONTENTTYPE_ID,ATTRIBUTETYPE_CODE,INHERITABLE,REQUIRED,LABEL,CARDINALITY_CODE,LOOKUP_CODE) VALUES ('GGF_TYPE','Tile.GGF_TYPE','Tile','B','F','F','Goes Great With','One',NULL);

INSERT INTO cms.relationshipdefinition (NAME,ID,CONTENTTYPE_ID,INHERITABLE,REQUIRED,NAVIGABLE,READONLY,LABEL,CARDINALITY_CODE) VALUES ('filter','TileList.filter','TileList','F','F','F','F','Filter','Many');
INSERT INTO cms.relationshipdefinition (NAME,ID,CONTENTTYPE_ID,INHERITABLE,REQUIRED,NAVIGABLE,READONLY,LABEL,CARDINALITY_CODE) VALUES ('tiles','TileList.tiles','TileList','F','F','F','F','Tiles','Many');
INSERT INTO cms.relationshipdefinition (NAME,ID,CONTENTTYPE_ID,INHERITABLE,REQUIRED,NAVIGABLE,READONLY,LABEL,CARDINALITY_CODE) VALUES ('media','Tile.media','Tile','F','F','F','F','Media','One');
INSERT INTO cms.relationshipdefinition (NAME,ID,CONTENTTYPE_ID,INHERITABLE,REQUIRED,NAVIGABLE,READONLY,LABEL,CARDINALITY_CODE) VALUES ('quick_buy','Tile.quick_buy','Tile','F','F','F','F','Quick Buy','Many');

INSERT INTO cms.relationshipdestination (ID, RELATIONSHIPDEFINITION_ID,CONTENTTYPE_ID,REVERSE_ATTRIBUTE_NAME,REVERSE_ATTRIBUTE_LABEL) VALUES ('FDFolder.children.Tile','FDFolder.children','Tile',NULL,NULL);
INSERT INTO cms.relationshipdestination (ID, RELATIONSHIPDEFINITION_ID,CONTENTTYPE_ID,REVERSE_ATTRIBUTE_NAME,REVERSE_ATTRIBUTE_LABEL) VALUES ('FDFolder.children.TileList','FDFolder.children','TileList',NULL,NULL);

INSERT INTO cms.relationshipdestination (ID, RELATIONSHIPDEFINITION_ID,CONTENTTYPE_ID,REVERSE_ATTRIBUTE_NAME,REVERSE_ATTRIBUTE_LABEL) VALUES ('TileList.filter.Department','TileList.filter','Department',NULL,NULL);
INSERT INTO cms.relationshipdestination (ID, RELATIONSHIPDEFINITION_ID,CONTENTTYPE_ID,REVERSE_ATTRIBUTE_NAME,REVERSE_ATTRIBUTE_LABEL) VALUES ('TileList.filter.Category','TileList.filter','Category',NULL,NULL);
INSERT INTO cms.relationshipdestination (ID, RELATIONSHIPDEFINITION_ID,CONTENTTYPE_ID,REVERSE_ATTRIBUTE_NAME,REVERSE_ATTRIBUTE_LABEL) VALUES ('TileList.filter.Product','TileList.filter','Product',NULL,NULL);
INSERT INTO cms.relationshipdestination (ID, RELATIONSHIPDEFINITION_ID,CONTENTTYPE_ID,REVERSE_ATTRIBUTE_NAME,REVERSE_ATTRIBUTE_LABEL) VALUES ('TileList.filter.DomainValue','TileList.filter','DomainValue',NULL,NULL);
INSERT INTO cms.relationshipdestination (ID, RELATIONSHIPDEFINITION_ID,CONTENTTYPE_ID,REVERSE_ATTRIBUTE_NAME,REVERSE_ATTRIBUTE_LABEL) VALUES ('TileList.tiles.Tile','TileList.tiles','Tile',NULL,NULL);
INSERT INTO cms.relationshipdestination (ID, RELATIONSHIPDEFINITION_ID,CONTENTTYPE_ID,REVERSE_ATTRIBUTE_NAME,REVERSE_ATTRIBUTE_LABEL) VALUES ('Tile.media.Html','Tile.media','Html',NULL,NULL);
INSERT INTO cms.relationshipdestination (ID, RELATIONSHIPDEFINITION_ID,CONTENTTYPE_ID,REVERSE_ATTRIBUTE_NAME,REVERSE_ATTRIBUTE_LABEL) VALUES ('Tile.media.Image','Tile.media','Image',NULL,NULL);

INSERT INTO cms.relationshipdestination (ID, RELATIONSHIPDEFINITION_ID,CONTENTTYPE_ID,REVERSE_ATTRIBUTE_NAME,REVERSE_ATTRIBUTE_LABEL) VALUES ('Tile.quick_buy.Category','Tile.quick_buy','Category',NULL,NULL);
INSERT INTO cms.relationshipdestination (ID, RELATIONSHIPDEFINITION_ID,CONTENTTYPE_ID,REVERSE_ATTRIBUTE_NAME,REVERSE_ATTRIBUTE_LABEL) VALUES ('Tile.quick_buy.Product','Tile.quick_buy','Product',NULL,NULL);
INSERT INTO cms.relationshipdestination (ID, RELATIONSHIPDEFINITION_ID,CONTENTTYPE_ID,REVERSE_ATTRIBUTE_NAME,REVERSE_ATTRIBUTE_LABEL) VALUES ('Tile.quick_buy.ConfiguredProduct','Tile.quick_buy','ConfiguredProduct',NULL,NULL);
INSERT INTO cms.relationshipdestination (ID, RELATIONSHIPDEFINITION_ID,CONTENTTYPE_ID,REVERSE_ATTRIBUTE_NAME,REVERSE_ATTRIBUTE_LABEL) VALUES ('Tile.quick_buy.ConfiguredProductGroup','Tile.quick_buy','ConfiguredProductGroup',NULL,NULL);

INSERT INTO cms.relationshipdefinition (NAME,ID,CONTENTTYPE_ID,INHERITABLE,REQUIRED,NAVIGABLE,READONLY,LABEL,CARDINALITY_CODE) VALUES ('tile_list','Department.tile_list','Department','F','F','F','F','Assigned Tiles','Many');
INSERT INTO cms.relationshipdestination (ID, RELATIONSHIPDEFINITION_ID,CONTENTTYPE_ID,REVERSE_ATTRIBUTE_NAME,REVERSE_ATTRIBUTE_LABEL) VALUES ('Department.tile_list.TileList','Department.tile_list','TileList',NULL,NULL);
