INSERT INTO cms.contenttype (ID,NAME,DESCRIPTION,GENERATE_ID) VALUES ('Icon','Icon','Definition of type Icon','F');
INSERT INTO cms.contenttype (ID,NAME,DESCRIPTION,GENERATE_ID) VALUES ('ImageGrid','ImageGrid','Definition of type ImageGrid','F');
INSERT INTO cms.contenttype (ID,NAME,DESCRIPTION,GENERATE_ID) VALUES ('ModuleContainer','ModuleContainer','Definition of type ModuleContainer','F');
INSERT INTO cms.contenttype (ID,NAME,DESCRIPTION,GENERATE_ID) VALUES ('ModuleInstance','ModuleInstance','Definition of type ModuleInstance','F');
INSERT INTO cms.contenttype (ID,NAME,DESCRIPTION,GENERATE_ID) VALUES ('Datasource','Datasource','Definition of type Datasource','F');
INSERT INTO cms.contenttype (ID,NAME,DESCRIPTION,GENERATE_ID) VALUES ('Module','Module','Definition of type Module','F');

INSERT INTO cms.attributedefinition (NAME,ID,CONTENTTYPE_ID,ATTRIBUTETYPE_CODE,INHERITABLE,REQUIRED,LABEL,CARDINALITY_CODE,LOOKUP_CODE) VALUES ('link','Icon.link','Icon','S','F','F','Link','One',NULL);
INSERT INTO cms.attributedefinition (NAME,ID,CONTENTTYPE_ID,ATTRIBUTETYPE_CODE,INHERITABLE,REQUIRED,LABEL,CARDINALITY_CODE,LOOKUP_CODE) VALUES ('linkText','Icon.linkText','Icon','S','F','F','Link Text','One',NULL);
INSERT INTO cms.attributedefinition (NAME,ID,CONTENTTYPE_ID,ATTRIBUTETYPE_CODE,INHERITABLE,REQUIRED,LABEL,CARDINALITY_CODE,LOOKUP_CODE) VALUES ('imageContainer1Target','ImageGrid.imageContainer1Target','ImageGrid','S','F','F','ImageContainer1 Target','One',NULL);
INSERT INTO cms.attributedefinition (NAME,ID,CONTENTTYPE_ID,ATTRIBUTETYPE_CODE,INHERITABLE,REQUIRED,LABEL,CARDINALITY_CODE,LOOKUP_CODE) VALUES ('imageContainer1Text','ImageGrid.imageContainer1Text','ImageGrid','S','F','F','ImageContainer1 Text','One',NULL);
INSERT INTO cms.attributedefinition (NAME,ID,CONTENTTYPE_ID,ATTRIBUTETYPE_CODE,INHERITABLE,REQUIRED,LABEL,CARDINALITY_CODE,LOOKUP_CODE) VALUES ('imageContainer2Target','ImageGrid.imageContainer2Target','ImageGrid','S','F','F','ImageContainer2 Target','One',NULL);
INSERT INTO cms.attributedefinition (NAME,ID,CONTENTTYPE_ID,ATTRIBUTETYPE_CODE,INHERITABLE,REQUIRED,LABEL,CARDINALITY_CODE,LOOKUP_CODE) VALUES ('imageContainer2Text','ImageGrid.imageContainer2Text','ImageGrid','S','F','F','ImageContainer2 Text','One',NULL);
INSERT INTO cms.attributedefinition (NAME,ID,CONTENTTYPE_ID,ATTRIBUTETYPE_CODE,INHERITABLE,REQUIRED,LABEL,CARDINALITY_CODE,LOOKUP_CODE) VALUES ('imageContainer3Target','ImageGrid.imageContainer3Target','ImageGrid','S','F','F','ImageContainer3 Target','One',NULL);
INSERT INTO cms.attributedefinition (NAME,ID,CONTENTTYPE_ID,ATTRIBUTETYPE_CODE,INHERITABLE,REQUIRED,LABEL,CARDINALITY_CODE,LOOKUP_CODE) VALUES ('imageContainer3Text','ImageGrid.imageContainer3Text','ImageGrid','S','F','F','ImageContainer3 Text','One',NULL);
INSERT INTO cms.attributedefinition (NAME,ID,CONTENTTYPE_ID,ATTRIBUTETYPE_CODE,INHERITABLE,REQUIRED,LABEL,CARDINALITY_CODE,LOOKUP_CODE) VALUES ('imageContainer4Target','ImageGrid.imageContainer4Target','ImageGrid','S','F','F','ImageContainer4 Target','One',NULL);
INSERT INTO cms.attributedefinition (NAME,ID,CONTENTTYPE_ID,ATTRIBUTETYPE_CODE,INHERITABLE,REQUIRED,LABEL,CARDINALITY_CODE,LOOKUP_CODE) VALUES ('imageContainer4Text','ImageGrid.imageContainer4Text','ImageGrid','S','F','F','ImageContainer4 Text','One',NULL);
INSERT INTO cms.attributedefinition (NAME,ID,CONTENTTYPE_ID,ATTRIBUTETYPE_CODE,INHERITABLE,REQUIRED,LABEL,CARDINALITY_CODE,LOOKUP_CODE) VALUES ('imageContainer5Target','ImageGrid.imageContainer5Target','ImageGrid','S','F','F','ImageContainer5 Target','One',NULL);
INSERT INTO cms.attributedefinition (NAME,ID,CONTENTTYPE_ID,ATTRIBUTETYPE_CODE,INHERITABLE,REQUIRED,LABEL,CARDINALITY_CODE,LOOKUP_CODE) VALUES ('imageContainer5Text','ImageGrid.imageContainer5Text','ImageGrid','S','F','F','ImageContainer5 Text','One',NULL);
INSERT INTO cms.attributedefinition (NAME,ID,CONTENTTYPE_ID,ATTRIBUTETYPE_CODE,INHERITABLE,REQUIRED,LABEL,CARDINALITY_CODE,LOOKUP_CODE) VALUES ('imageContainer6Target','ImageGrid.imageContainer6Target','ImageGrid','S','F','F','ImageContainer6 Target','One',NULL);
INSERT INTO cms.attributedefinition (NAME,ID,CONTENTTYPE_ID,ATTRIBUTETYPE_CODE,INHERITABLE,REQUIRED,LABEL,CARDINALITY_CODE,LOOKUP_CODE) VALUES ('imageContainer6Text','ImageGrid.imageContainer6Text','ImageGrid','S','F','F','ImageContainer6 Text','One',NULL);
INSERT INTO cms.attributedefinition (NAME,ID,CONTENTTYPE_ID,ATTRIBUTETYPE_CODE,INHERITABLE,REQUIRED,LABEL,CARDINALITY_CODE,LOOKUP_CODE) VALUES ('name','ModuleContainer.name','ModuleContainer','S','F','T','Name','One',NULL);
INSERT INTO cms.attributedefinition (NAME,ID,CONTENTTYPE_ID,ATTRIBUTETYPE_CODE,INHERITABLE,REQUIRED,LABEL,CARDINALITY_CODE,LOOKUP_CODE) VALUES ('name','ModuleInstance.name','ModuleInstance','S','F','T','Name','One',NULL);
INSERT INTO cms.attributedefinition (NAME,ID,CONTENTTYPE_ID,ATTRIBUTETYPE_CODE,INHERITABLE,REQUIRED,LABEL,CARDINALITY_CODE,LOOKUP_CODE) VALUES ('name','Datasource.name','Datasource','S','F','T','Name','One',NULL);
INSERT INTO cms.attributedefinition (NAME,ID,CONTENTTYPE_ID,ATTRIBUTETYPE_CODE,INHERITABLE,REQUIRED,LABEL,CARDINALITY_CODE,LOOKUP_CODE) VALUES ('name','Module.name','Module','S','F','T','Name','One',NULL);
INSERT INTO cms.attributedefinition (NAME,ID,CONTENTTYPE_ID,ATTRIBUTETYPE_CODE,INHERITABLE,REQUIRED,LABEL,CARDINALITY_CODE,LOOKUP_CODE) VALUES ('moduleTitle','Module.moduleTitle','Module','S','F','F','Module Title','One',NULL);
INSERT INTO cms.attributedefinition (NAME,ID,CONTENTTYPE_ID,ATTRIBUTETYPE_CODE,INHERITABLE,REQUIRED,LABEL,CARDINALITY_CODE,LOOKUP_CODE) VALUES ('showModuleTitle','Module.showModuleTitle','Module','B','F','F','Show Module Title','One',NULL);
INSERT INTO cms.attributedefinition (NAME,ID,CONTENTTYPE_ID,ATTRIBUTETYPE_CODE,INHERITABLE,REQUIRED,LABEL,CARDINALITY_CODE,LOOKUP_CODE) VALUES ('moduleTitleTextBanner','Module.moduleTitleTextBanner','Module','S','F','F','Module Title Text Banner','One',NULL);
INSERT INTO cms.attributedefinition (NAME,ID,CONTENTTYPE_ID,ATTRIBUTETYPE_CODE,INHERITABLE,REQUIRED,LABEL,CARDINALITY_CODE,LOOKUP_CODE) VALUES ('showModuleTitleTextBanner','Module.showModuleTitleTextBanner','Module','B','F','F','Show Module Title Text Banner','One',NULL);
INSERT INTO cms.attributedefinition (NAME,ID,CONTENTTYPE_ID,ATTRIBUTETYPE_CODE,INHERITABLE,REQUIRED,LABEL,CARDINALITY_CODE,LOOKUP_CODE) VALUES ('viewAllButtonLink','Module.viewAllButtonLink','Module','S','F','F','View All Button Link','One',NULL);
INSERT INTO cms.attributedefinition (NAME,ID,CONTENTTYPE_ID,ATTRIBUTETYPE_CODE,INHERITABLE,REQUIRED,LABEL,CARDINALITY_CODE,LOOKUP_CODE) VALUES ('showViewAllButton','Module.showViewAllButton','Module','B','F','F','Show View All Button','One',NULL);
INSERT INTO cms.attributedefinition (NAME,ID,CONTENTTYPE_ID,ATTRIBUTETYPE_CODE,INHERITABLE,REQUIRED,LABEL,CARDINALITY_CODE,LOOKUP_CODE) VALUES ('contentTitle','Module.contentTitle','Module','S','F','F','Content Title','One',NULL);
INSERT INTO cms.attributedefinition (NAME,ID,CONTENTTYPE_ID,ATTRIBUTETYPE_CODE,INHERITABLE,REQUIRED,LABEL,CARDINALITY_CODE,LOOKUP_CODE) VALUES ('showContentTitle','Module.showContentTitle','Module','B','F','F','Show Content Title','One',NULL);
INSERT INTO cms.attributedefinition (NAME,ID,CONTENTTYPE_ID,ATTRIBUTETYPE_CODE,INHERITABLE,REQUIRED,LABEL,CARDINALITY_CODE,LOOKUP_CODE) VALUES ('heroTitle','Module.heroTitle','Module','S','F','F','Hero Title','One',NULL);
INSERT INTO cms.attributedefinition (NAME,ID,CONTENTTYPE_ID,ATTRIBUTETYPE_CODE,INHERITABLE,REQUIRED,LABEL,CARDINALITY_CODE,LOOKUP_CODE) VALUES ('showHeroTitle','Module.showHeroTitle','Module','B','F','F','Show Hero Title','One',NULL);
INSERT INTO cms.attributedefinition (NAME,ID,CONTENTTYPE_ID,ATTRIBUTETYPE_CODE,INHERITABLE,REQUIRED,LABEL,CARDINALITY_CODE,LOOKUP_CODE) VALUES ('heroSubtitle','Module.heroSubtitle','Module','S','F','F','Hero Subtitle','One',NULL);
INSERT INTO cms.attributedefinition (NAME,ID,CONTENTTYPE_ID,ATTRIBUTETYPE_CODE,INHERITABLE,REQUIRED,LABEL,CARDINALITY_CODE,LOOKUP_CODE) VALUES ('showHeroSubtitle','Module.showHeroSubtitle','Module','B','F','F','Show Hero Subtitle','One',NULL);
INSERT INTO cms.attributedefinition (NAME,ID,CONTENTTYPE_ID,ATTRIBUTETYPE_CODE,INHERITABLE,REQUIRED,LABEL,CARDINALITY_CODE,LOOKUP_CODE) VALUES ('headerTitle','Module.headerTitle','Module','S','F','F','Header Title','One',NULL);
INSERT INTO cms.attributedefinition (NAME,ID,CONTENTTYPE_ID,ATTRIBUTETYPE_CODE,INHERITABLE,REQUIRED,LABEL,CARDINALITY_CODE,LOOKUP_CODE) VALUES ('showHeaderTitle','Module.showHeaderTitle','Module','B','F','F','Show Header Title','One',NULL);
INSERT INTO cms.attributedefinition (NAME,ID,CONTENTTYPE_ID,ATTRIBUTETYPE_CODE,INHERITABLE,REQUIRED,LABEL,CARDINALITY_CODE,LOOKUP_CODE) VALUES ('headerSubtitle','Module.headerSubtitle','Module','S','F','F','Header Subtitle','One',NULL);
INSERT INTO cms.attributedefinition (NAME,ID,CONTENTTYPE_ID,ATTRIBUTETYPE_CODE,INHERITABLE,REQUIRED,LABEL,CARDINALITY_CODE,LOOKUP_CODE) VALUES ('showHeaderSubtitle','Module.showHeaderSubtitle','Module','B','F','F','Show Header Subtitle','One',NULL);
INSERT INTO cms.attributedefinition (NAME,ID,CONTENTTYPE_ID,ATTRIBUTETYPE_CODE,INHERITABLE,REQUIRED,LABEL,CARDINALITY_CODE,LOOKUP_CODE) VALUES ('hideProductName','Module.hideProductName','Module','B','F','F','Hide Product Name','One',NULL);
INSERT INTO cms.attributedefinition (NAME,ID,CONTENTTYPE_ID,ATTRIBUTETYPE_CODE,INHERITABLE,REQUIRED,LABEL,CARDINALITY_CODE,LOOKUP_CODE) VALUES ('hideProductPrice','Module.hideProductPrice','Module','B','F','F','Hide Product Price','One',NULL);
INSERT INTO cms.attributedefinition (NAME,ID,CONTENTTYPE_ID,ATTRIBUTETYPE_CODE,INHERITABLE,REQUIRED,LABEL,CARDINALITY_CODE,LOOKUP_CODE) VALUES ('hideProductBadge','Module.hideProductBadge','Module','B','F','F','Hide Product Badge','One',NULL);

INSERT INTO cms.lookuptype (CODE,NAME,DESCRIPTION) VALUES ('Datasource.datasourceType','Datasource.datasourceType',NULL);
INSERT INTO cms.lookuptype (CODE,NAME,DESCRIPTION) VALUES ('Module.sourceType','Module.sourceType',NULL);
INSERT INTO cms.lookuptype (CODE,NAME,DESCRIPTION) VALUES ('Module.productListRowMax','Module.productListRowMax',NULL);

INSERT INTO cms.lookup (LOOKUPTYPE_CODE,CODE,LABEL,DESCRIPTION,ORDINAL) VALUES ('Datasource.datasourceType','GENERIC','GENERIC','GENERIC',1);
INSERT INTO cms.lookup (LOOKUPTYPE_CODE,CODE,LABEL,DESCRIPTION,ORDINAL) VALUES ('Datasource.datasourceType','BROWSE','BROWSE','BROWSE',2);
INSERT INTO cms.lookup (LOOKUPTYPE_CODE,CODE,LABEL,DESCRIPTION,ORDINAL) VALUES ('Datasource.datasourceType','TOP_ITEMS','TOP_ITEMS','TOP_ITEMS',3);
INSERT INTO cms.lookup (LOOKUPTYPE_CODE,CODE,LABEL,DESCRIPTION,ORDINAL) VALUES ('Datasource.datasourceType','PRES_PICKS','PRES_PICKS','PRES_PICKS',4);
INSERT INTO cms.lookup (LOOKUPTYPE_CODE,CODE,LABEL,DESCRIPTION,ORDINAL) VALUES ('Datasource.datasourceType','FEATURED_RECOMMENDER','FEATURED_RECOMMENDER','FEATURED_RECOMMENDER',5);
INSERT INTO cms.lookup (LOOKUPTYPE_CODE,CODE,LABEL,DESCRIPTION,ORDINAL) VALUES ('Module.sourceType','PRODUCT_CAROUSEL_MODULE','PRODUCT_CAROUSEL_MODULE','PRODUCT_CAROUSEL_MODULE',1);
INSERT INTO cms.lookup (LOOKUPTYPE_CODE,CODE,LABEL,DESCRIPTION,ORDINAL) VALUES ('Module.sourceType','PRODUCT_LIST_MODULE','PRODUCT_LIST_MODULE','PRODUCT_LIST_MODULE',2);
INSERT INTO cms.lookup (LOOKUPTYPE_CODE,CODE,LABEL,DESCRIPTION,ORDINAL) VALUES ('Module.sourceType','IMAGEGRID_MODULE','IMAGEGRID_MODULE','IMAGEGRID_MODULE',3);
INSERT INTO cms.lookup (LOOKUPTYPE_CODE,CODE,LABEL,DESCRIPTION,ORDINAL) VALUES ('Module.sourceType','ICON_CAROUSEL_MODULE','ICON_CAROUSEL_MODULE','ICON_CAROUSEL_MODULE',4);
INSERT INTO cms.lookup (LOOKUPTYPE_CODE,CODE,LABEL,DESCRIPTION,ORDINAL) VALUES ('Module.sourceType','OPENHTML_MODULE','OPENHTML_MODULE','OPENHTML_MODULE',5);
INSERT INTO cms.lookup (LOOKUPTYPE_CODE,CODE,LABEL,DESCRIPTION,ORDINAL) VALUES ('Module.sourceType','EDITORIAL_MODULE','EDITORIAL_MODULE','EDITORIAL_MODULE',6);
INSERT INTO cms.lookup (LOOKUPTYPE_CODE,CODE,LABEL,DESCRIPTION,ORDINAL) VALUES ('Module.productListRowMax','1','1','1',1);
INSERT INTO cms.lookup (LOOKUPTYPE_CODE,CODE,LABEL,DESCRIPTION,ORDINAL) VALUES ('Module.productListRowMax','2','2','2',2);
INSERT INTO cms.lookup (LOOKUPTYPE_CODE,CODE,LABEL,DESCRIPTION,ORDINAL) VALUES ('Module.productListRowMax','3','3','3',3);

INSERT INTO cms.attributedefinition (NAME,ID,CONTENTTYPE_ID,ATTRIBUTETYPE_CODE,INHERITABLE,REQUIRED,LABEL,CARDINALITY_CODE,LOOKUP_CODE) VALUES ('datasourceType','Datasource.datasourceType','Datasource','S','F','F','Datasource Type','One','Datasource.datasourceType');
INSERT INTO cms.attributedefinition (NAME,ID,CONTENTTYPE_ID,ATTRIBUTETYPE_CODE,INHERITABLE,REQUIRED,LABEL,CARDINALITY_CODE,LOOKUP_CODE) VALUES ('sourceType','Module.sourceType','Module','S','F','F','Source Type','One','Module.sourceType');
INSERT INTO cms.attributedefinition (NAME,ID,CONTENTTYPE_ID,ATTRIBUTETYPE_CODE,INHERITABLE,REQUIRED,LABEL,CARDINALITY_CODE,LOOKUP_CODE) VALUES ('productListRowMax','Module.productListRowMax','Module','S','F','F','Maximum Row number of ProductList','One','Module.productListRowMax');

INSERT INTO cms.relationshipdefinition (NAME,ID,CONTENTTYPE_ID,INHERITABLE,REQUIRED,NAVIGABLE,READONLY,LABEL,CARDINALITY_CODE) VALUES ('image','Icon.image','Icon','F','F','F','F','Image','One');
INSERT INTO cms.relationshipdefinition (NAME,ID,CONTENTTYPE_ID,INHERITABLE,REQUIRED,NAVIGABLE,READONLY,LABEL,CARDINALITY_CODE) VALUES ('imageContainer1Image','ImageGrid.imageContainer1Image','ImageGrid','F','F','F','F','ImageContainer1 Image','One');
INSERT INTO cms.relationshipdefinition (NAME,ID,CONTENTTYPE_ID,INHERITABLE,REQUIRED,NAVIGABLE,READONLY,LABEL,CARDINALITY_CODE) VALUES ('imageContainer2Image','ImageGrid.imageContainer2Image','ImageGrid','F','F','F','F','ImageContainer2 Image','One');
INSERT INTO cms.relationshipdefinition (NAME,ID,CONTENTTYPE_ID,INHERITABLE,REQUIRED,NAVIGABLE,READONLY,LABEL,CARDINALITY_CODE) VALUES ('imageContainer3Image','ImageGrid.imageContainer3Image','ImageGrid','F','F','F','F','ImageContainer3 Image','One');
INSERT INTO cms.relationshipdefinition (NAME,ID,CONTENTTYPE_ID,INHERITABLE,REQUIRED,NAVIGABLE,READONLY,LABEL,CARDINALITY_CODE) VALUES ('imageContainer4Image','ImageGrid.imageContainer4Image','ImageGrid','F','F','F','F','ImageContainer4 Image','One');
INSERT INTO cms.relationshipdefinition (NAME,ID,CONTENTTYPE_ID,INHERITABLE,REQUIRED,NAVIGABLE,READONLY,LABEL,CARDINALITY_CODE) VALUES ('imageContainer5Image','ImageGrid.imageContainer5Image','ImageGrid','F','F','F','F','ImageContainer5 Image','One');
INSERT INTO cms.relationshipdefinition (NAME,ID,CONTENTTYPE_ID,INHERITABLE,REQUIRED,NAVIGABLE,READONLY,LABEL,CARDINALITY_CODE) VALUES ('imageContainer6Image','ImageGrid.imageContainer6Image','ImageGrid','F','F','F','F','ImageContainer6 Image','One');
INSERT INTO cms.relationshipdefinition (NAME,ID,CONTENTTYPE_ID,INHERITABLE,REQUIRED,NAVIGABLE,READONLY,LABEL,CARDINALITY_CODE) VALUES ('moduleInstances','ModuleContainer.moduleInstances','ModuleContainer','F','F','F','F','Modules','Many');
INSERT INTO cms.relationshipdefinition (NAME,ID,CONTENTTYPE_ID,INHERITABLE,REQUIRED,NAVIGABLE,READONLY,LABEL,CARDINALITY_CODE) VALUES ('module','ModuleInstance.module','ModuleInstance','F','F','F','F','Module','One');
INSERT INTO cms.relationshipdefinition (NAME,ID,CONTENTTYPE_ID,INHERITABLE,REQUIRED,NAVIGABLE,READONLY,LABEL,CARDINALITY_CODE) VALUES ('datasource','ModuleInstance.datasource','ModuleInstance','F','F','F','F','Datasource','One');
INSERT INTO cms.relationshipdefinition (NAME,ID,CONTENTTYPE_ID,INHERITABLE,REQUIRED,NAVIGABLE,READONLY,LABEL,CARDINALITY_CODE) VALUES ('sourceNode','Datasource.sourceNode','Datasource','F','F','F','F','Source Node','One');
INSERT INTO cms.relationshipdefinition (NAME,ID,CONTENTTYPE_ID,INHERITABLE,REQUIRED,NAVIGABLE,READONLY,LABEL,CARDINALITY_CODE) VALUES ('imageGrid','Module.imageGrid','Module','F','F','F','F','Image Grid','One');
INSERT INTO cms.relationshipdefinition (NAME,ID,CONTENTTYPE_ID,INHERITABLE,REQUIRED,NAVIGABLE,READONLY,LABEL,CARDINALITY_CODE) VALUES ('openHTML','Module.openHTML','Module','F','F','F','F','Open HTML media','One');
INSERT INTO cms.relationshipdefinition (NAME,ID,CONTENTTYPE_ID,INHERITABLE,REQUIRED,NAVIGABLE,READONLY,LABEL,CARDINALITY_CODE) VALUES ('iconList','Module.iconList','Module','F','F','F','F','Icon List','Many');
INSERT INTO cms.relationshipdefinition (NAME,ID,CONTENTTYPE_ID,INHERITABLE,REQUIRED,NAVIGABLE,READONLY,LABEL,CARDINALITY_CODE) VALUES ('heroGraphic','Module.heroGraphic','Module','F','F','F','F','Hero Graphic','One');
INSERT INTO cms.relationshipdefinition (NAME,ID,CONTENTTYPE_ID,INHERITABLE,REQUIRED,NAVIGABLE,READONLY,LABEL,CARDINALITY_CODE) VALUES ('headerGraphic','Module.headerGraphic','Module','F','F','F','F','Header Graphic','One');
INSERT INTO cms.relationshipdefinition (NAME,ID,CONTENTTYPE_ID,INHERITABLE,REQUIRED,NAVIGABLE,READONLY,LABEL,CARDINALITY_CODE) VALUES ('editorialContent','Module.editorialContent','Module','F','F','F','F','Editorial Content','One');

INSERT INTO cms.relationshipdestination (ID, RELATIONSHIPDEFINITION_ID,CONTENTTYPE_ID,REVERSE_ATTRIBUTE_NAME,REVERSE_ATTRIBUTE_LABEL) VALUES ('Icon.image.Image','Icon.image','Image',NULL,NULL);
INSERT INTO cms.relationshipdestination (ID, RELATIONSHIPDEFINITION_ID,CONTENTTYPE_ID,REVERSE_ATTRIBUTE_NAME,REVERSE_ATTRIBUTE_LABEL) VALUES ('ImageGrid.imageContainer1Image.Image','ImageGrid.imageContainer1Image','Image',NULL,NULL);
INSERT INTO cms.relationshipdestination (ID, RELATIONSHIPDEFINITION_ID,CONTENTTYPE_ID,REVERSE_ATTRIBUTE_NAME,REVERSE_ATTRIBUTE_LABEL) VALUES ('ImageGrid.imageContainer2Image.Image','ImageGrid.imageContainer2Image','Image',NULL,NULL);
INSERT INTO cms.relationshipdestination (ID, RELATIONSHIPDEFINITION_ID,CONTENTTYPE_ID,REVERSE_ATTRIBUTE_NAME,REVERSE_ATTRIBUTE_LABEL) VALUES ('ImageGrid.imageContainer3Image.Image','ImageGrid.imageContainer3Image','Image',NULL,NULL);
INSERT INTO cms.relationshipdestination (ID, RELATIONSHIPDEFINITION_ID,CONTENTTYPE_ID,REVERSE_ATTRIBUTE_NAME,REVERSE_ATTRIBUTE_LABEL) VALUES ('ImageGrid.imageContainer4Image.Image','ImageGrid.imageContainer4Image','Image',NULL,NULL);
INSERT INTO cms.relationshipdestination (ID, RELATIONSHIPDEFINITION_ID,CONTENTTYPE_ID,REVERSE_ATTRIBUTE_NAME,REVERSE_ATTRIBUTE_LABEL) VALUES ('ImageGrid.imageContainer5Image.Image','ImageGrid.imageContainer5Image','Image',NULL,NULL);
INSERT INTO cms.relationshipdestination (ID, RELATIONSHIPDEFINITION_ID,CONTENTTYPE_ID,REVERSE_ATTRIBUTE_NAME,REVERSE_ATTRIBUTE_LABEL) VALUES ('ImageGrid.imageContainer6Image.Image','ImageGrid.imageContainer6Image','Image',NULL,NULL);
INSERT INTO cms.relationshipdestination (ID, RELATIONSHIPDEFINITION_ID,CONTENTTYPE_ID,REVERSE_ATTRIBUTE_NAME,REVERSE_ATTRIBUTE_LABEL) VALUES ('ModuleContainer.moduleInstances.ModuleInstance','ModuleContainer.moduleInstances','ModuleInstance',NULL,NULL);
INSERT INTO cms.relationshipdestination (ID, RELATIONSHIPDEFINITION_ID,CONTENTTYPE_ID,REVERSE_ATTRIBUTE_NAME,REVERSE_ATTRIBUTE_LABEL) VALUES ('ModuleInstance.module.Module','ModuleInstance.module','Module',NULL,NULL);
INSERT INTO cms.relationshipdestination (ID, RELATIONSHIPDEFINITION_ID,CONTENTTYPE_ID,REVERSE_ATTRIBUTE_NAME,REVERSE_ATTRIBUTE_LABEL) VALUES ('ModuleInstance.datasource.Datasource','ModuleInstance.datasource','Datasource',NULL,NULL);
INSERT INTO cms.relationshipdestination (ID, RELATIONSHIPDEFINITION_ID,CONTENTTYPE_ID,REVERSE_ATTRIBUTE_NAME,REVERSE_ATTRIBUTE_LABEL) VALUES ('Datasource.sourceNode.Category','Datasource.sourceNode','Category',NULL,NULL);
INSERT INTO cms.relationshipdestination (ID, RELATIONSHIPDEFINITION_ID,CONTENTTYPE_ID,REVERSE_ATTRIBUTE_NAME,REVERSE_ATTRIBUTE_LABEL) VALUES ('Datasource.sourceNode.Department','Datasource.sourceNode','Department',NULL,NULL);
INSERT INTO cms.relationshipdestination (ID, RELATIONSHIPDEFINITION_ID,CONTENTTYPE_ID,REVERSE_ATTRIBUTE_NAME,REVERSE_ATTRIBUTE_LABEL) VALUES ('Module.imageGrid.ImageGrid','Module.imageGrid','ImageGrid',NULL,NULL);
INSERT INTO cms.relationshipdestination (ID, RELATIONSHIPDEFINITION_ID,CONTENTTYPE_ID,REVERSE_ATTRIBUTE_NAME,REVERSE_ATTRIBUTE_LABEL) VALUES ('Module.openHTML.Html','Module.openHTML','Html',NULL,NULL);
INSERT INTO cms.relationshipdestination (ID, RELATIONSHIPDEFINITION_ID,CONTENTTYPE_ID,REVERSE_ATTRIBUTE_NAME,REVERSE_ATTRIBUTE_LABEL) VALUES ('Module.iconList.Icon','Module.iconList','Icon',NULL,NULL);
INSERT INTO cms.relationshipdestination (ID, RELATIONSHIPDEFINITION_ID,CONTENTTYPE_ID,REVERSE_ATTRIBUTE_NAME,REVERSE_ATTRIBUTE_LABEL) VALUES ('Module.heroGraphic.Image','Module.heroGraphic','Image',NULL,NULL);
INSERT INTO cms.relationshipdestination (ID, RELATIONSHIPDEFINITION_ID,CONTENTTYPE_ID,REVERSE_ATTRIBUTE_NAME,REVERSE_ATTRIBUTE_LABEL) VALUES ('Module.headerGraphic.Image','Module.headerGraphic','Image',NULL,NULL);
INSERT INTO cms.relationshipdestination (ID, RELATIONSHIPDEFINITION_ID,CONTENTTYPE_ID,REVERSE_ATTRIBUTE_NAME,REVERSE_ATTRIBUTE_LABEL) VALUES ('Module.editorialContent.Html','Module.editorialContent','Html',NULL,NULL);

INSERT INTO cms.relationshipdestination (ID, RELATIONSHIPDEFINITION_ID,CONTENTTYPE_ID,REVERSE_ATTRIBUTE_NAME,REVERSE_ATTRIBUTE_LABEL) VALUES ('FDFolder.children.Icon','FDFolder.children','Icon',NULL,NULL);
INSERT INTO cms.relationshipdestination (ID, RELATIONSHIPDEFINITION_ID,CONTENTTYPE_ID,REVERSE_ATTRIBUTE_NAME,REVERSE_ATTRIBUTE_LABEL) VALUES ('FDFolder.children.ImageGrid','FDFolder.children','ImageGrid',NULL,NULL);
INSERT INTO cms.relationshipdestination (ID, RELATIONSHIPDEFINITION_ID,CONTENTTYPE_ID,REVERSE_ATTRIBUTE_NAME,REVERSE_ATTRIBUTE_LABEL) VALUES ('FDFolder.children.ModuleContainer','FDFolder.children','ModuleContainer',NULL,NULL);
INSERT INTO cms.relationshipdestination (ID, RELATIONSHIPDEFINITION_ID,CONTENTTYPE_ID,REVERSE_ATTRIBUTE_NAME,REVERSE_ATTRIBUTE_LABEL) VALUES ('FDFolder.children.ModuleInstance','FDFolder.children','ModuleInstance',NULL,NULL);
INSERT INTO cms.relationshipdestination (ID, RELATIONSHIPDEFINITION_ID,CONTENTTYPE_ID,REVERSE_ATTRIBUTE_NAME,REVERSE_ATTRIBUTE_LABEL) VALUES ('FDFolder.children.Datasource','FDFolder.children','Datasource',NULL,NULL);
INSERT INTO cms.relationshipdestination (ID, RELATIONSHIPDEFINITION_ID,CONTENTTYPE_ID,REVERSE_ATTRIBUTE_NAME,REVERSE_ATTRIBUTE_LABEL) VALUES ('FDFolder.children.Module','FDFolder.children','Module',NULL,NULL);
