INSERT INTO cms.contenttype (ID,NAME,DESCRIPTION,GENERATE_ID) VALUES ('ModuleContainer','ModuleContainer','Definition of type ModuleContainer','F');
INSERT INTO cms.contenttype (ID,NAME,DESCRIPTION,GENERATE_ID) VALUES ('ModuleGroup','ModuleGroup','Definition of type ModuleGroup','F');
INSERT INTO cms.contenttype (ID,NAME,DESCRIPTION,GENERATE_ID) VALUES ('Module','Module','Definition of type Module','F');

INSERT INTO cms.attributedefinition (NAME,ID,CONTENTTYPE_ID,ATTRIBUTETYPE_CODE,INHERITABLE,REQUIRED,LABEL,CARDINALITY_CODE,LOOKUP_CODE) VALUES ('bannerURL','ImageBanner.bannerURL','ImageBanner','S','F','F','Banner URL','One',NULL);
INSERT INTO cms.attributedefinition (NAME,ID,CONTENTTYPE_ID,ATTRIBUTETYPE_CODE,INHERITABLE,REQUIRED,LABEL,CARDINALITY_CODE,LOOKUP_CODE) VALUES ('name','ModuleContainer.name','ModuleContainer','S','F','T','Name','One',NULL);
INSERT INTO cms.attributedefinition (NAME,ID,CONTENTTYPE_ID,ATTRIBUTETYPE_CODE,INHERITABLE,REQUIRED,LABEL,CARDINALITY_CODE,LOOKUP_CODE) VALUES ('name','ModuleGroup.name','ModuleGroup','S','F','T','Name','One',NULL);
INSERT INTO cms.attributedefinition (NAME,ID,CONTENTTYPE_ID,ATTRIBUTETYPE_CODE,INHERITABLE,REQUIRED,LABEL,CARDINALITY_CODE,LOOKUP_CODE) VALUES ('moduleGroupTitle','ModuleGroup.moduleGroupTitle','ModuleGroup','S','F','F','Module Group Title','One',NULL);
INSERT INTO cms.attributedefinition (NAME,ID,CONTENTTYPE_ID,ATTRIBUTETYPE_CODE,INHERITABLE,REQUIRED,LABEL,CARDINALITY_CODE,LOOKUP_CODE) VALUES ('moduleGroupTitleTextBanner','ModuleGroup.moduleGroupTitleTextBanner','ModuleGroup','S','F','F','Module Group Title Text Banner','One',NULL);
INSERT INTO cms.attributedefinition (NAME,ID,CONTENTTYPE_ID,ATTRIBUTETYPE_CODE,INHERITABLE,REQUIRED,LABEL,CARDINALITY_CODE,LOOKUP_CODE) VALUES ('viewAllButtonURL','ModuleGroup.viewAllButtonURL','ModuleGroup','S','F','F','View All Button URL','One',NULL);
INSERT INTO cms.attributedefinition (NAME,ID,CONTENTTYPE_ID,ATTRIBUTETYPE_CODE,INHERITABLE,REQUIRED,LABEL,CARDINALITY_CODE,LOOKUP_CODE) VALUES ('hideViewAllButton','ModuleGroup.hideViewAllButton','ModuleGroup','B','F','F','Hide View All Button','One',NULL);
INSERT INTO cms.attributedefinition (NAME,ID,CONTENTTYPE_ID,ATTRIBUTETYPE_CODE,INHERITABLE,REQUIRED,LABEL,CARDINALITY_CODE,LOOKUP_CODE) VALUES ('name','Module.name','Module','S','F','T','Name','One',NULL);
INSERT INTO cms.attributedefinition (NAME,ID,CONTENTTYPE_ID,ATTRIBUTETYPE_CODE,INHERITABLE,REQUIRED,LABEL,CARDINALITY_CODE,LOOKUP_CODE) VALUES ('moduleTitle','Module.moduleTitle','Module','S','F','F','Module Title','One',NULL);
INSERT INTO cms.attributedefinition (NAME,ID,CONTENTTYPE_ID,ATTRIBUTETYPE_CODE,INHERITABLE,REQUIRED,LABEL,CARDINALITY_CODE,LOOKUP_CODE) VALUES ('moduleTitleTextBanner','Module.moduleTitleTextBanner','Module','S','F','F','Module Title Text Banner','One',NULL);
INSERT INTO cms.attributedefinition (NAME,ID,CONTENTTYPE_ID,ATTRIBUTETYPE_CODE,INHERITABLE,REQUIRED,LABEL,CARDINALITY_CODE,LOOKUP_CODE) VALUES ('viewAllButtonLink','Module.viewAllButtonLink','Module','S','F','F','View All Button Link','One',NULL);
INSERT INTO cms.attributedefinition (NAME,ID,CONTENTTYPE_ID,ATTRIBUTETYPE_CODE,INHERITABLE,REQUIRED,LABEL,CARDINALITY_CODE,LOOKUP_CODE) VALUES ('contentTitle','Module.contentTitle','Module','S','F','F','Content Title','One',NULL);
INSERT INTO cms.attributedefinition (NAME,ID,CONTENTTYPE_ID,ATTRIBUTETYPE_CODE,INHERITABLE,REQUIRED,LABEL,CARDINALITY_CODE,LOOKUP_CODE) VALUES ('heroTitle','Module.heroTitle','Module','S','F','F','Hero Title','One',NULL);
INSERT INTO cms.attributedefinition (NAME,ID,CONTENTTYPE_ID,ATTRIBUTETYPE_CODE,INHERITABLE,REQUIRED,LABEL,CARDINALITY_CODE,LOOKUP_CODE) VALUES ('heroSubtitle','Module.heroSubtitle','Module','S','F','F','Hero Subtitle','One',NULL);
INSERT INTO cms.attributedefinition (NAME,ID,CONTENTTYPE_ID,ATTRIBUTETYPE_CODE,INHERITABLE,REQUIRED,LABEL,CARDINALITY_CODE,LOOKUP_CODE) VALUES ('headerTitle','Module.headerTitle','Module','S','F','F','Header Title','One',NULL);
INSERT INTO cms.attributedefinition (NAME,ID,CONTENTTYPE_ID,ATTRIBUTETYPE_CODE,INHERITABLE,REQUIRED,LABEL,CARDINALITY_CODE,LOOKUP_CODE) VALUES ('headerSubtitle','Module.headerSubtitle','Module','S','F','F','Header Subtitle','One',NULL);
INSERT INTO cms.attributedefinition (NAME,ID,CONTENTTYPE_ID,ATTRIBUTETYPE_CODE,INHERITABLE,REQUIRED,LABEL,CARDINALITY_CODE,LOOKUP_CODE) VALUES ('hideViewAllButton','Module.hideViewAllButton','Module','B','F','F','Hide View All Button','One',NULL);
INSERT INTO cms.attributedefinition (NAME,ID,CONTENTTYPE_ID,ATTRIBUTETYPE_CODE,INHERITABLE,REQUIRED,LABEL,CARDINALITY_CODE,LOOKUP_CODE) VALUES ('hideProductName','Module.hideProductName','Module','B','F','F','Hide Product Name','One',NULL);
INSERT INTO cms.attributedefinition (NAME,ID,CONTENTTYPE_ID,ATTRIBUTETYPE_CODE,INHERITABLE,REQUIRED,LABEL,CARDINALITY_CODE,LOOKUP_CODE) VALUES ('hideProductPrice','Module.hideProductPrice','Module','B','F','F','Hide Product Price','One',NULL);
INSERT INTO cms.attributedefinition (NAME,ID,CONTENTTYPE_ID,ATTRIBUTETYPE_CODE,INHERITABLE,REQUIRED,LABEL,CARDINALITY_CODE,LOOKUP_CODE) VALUES ('hideProductBadge','Module.hideProductBadge','Module','B','F','F','Hide Product Badge','One',NULL);
INSERT INTO cms.attributedefinition (NAME,ID,CONTENTTYPE_ID,ATTRIBUTETYPE_CODE,INHERITABLE,REQUIRED,LABEL,CARDINALITY_CODE,LOOKUP_CODE) VALUES ('useViewAllPopup','Module.useViewAllPopup','Module','B','F','F','Use View All Popup','One',NULL);

INSERT INTO cms.lookuptype (CODE,NAME,DESCRIPTION) VALUES ('Module.productSourceType','Module.productSourceType',NULL);
INSERT INTO cms.lookuptype (CODE,NAME,DESCRIPTION) VALUES ('Module.displayType','Module.displayType',NULL);
INSERT INTO cms.lookuptype (CODE,NAME,DESCRIPTION) VALUES ('Module.productListRowMax','Module.productListRowMax',NULL);

INSERT INTO cms.lookup (LOOKUPTYPE_CODE,CODE,LABEL,DESCRIPTION,ORDINAL) VALUES ('Module.productSourceType','GENERIC','GENERIC','GENERIC',1);
INSERT INTO cms.lookup (LOOKUPTYPE_CODE,CODE,LABEL,DESCRIPTION,ORDINAL) VALUES ('Module.productSourceType','BROWSE','BROWSE','BROWSE',2);
INSERT INTO cms.lookup (LOOKUPTYPE_CODE,CODE,LABEL,DESCRIPTION,ORDINAL) VALUES ('Module.productSourceType','TOP_ITEMS','TOP_ITEMS','TOP_ITEMS',3);
INSERT INTO cms.lookup (LOOKUPTYPE_CODE,CODE,LABEL,DESCRIPTION,ORDINAL) VALUES ('Module.productSourceType','PRES_PICKS','PRES_PICKS','PRES_PICKS',4);
INSERT INTO cms.lookup (LOOKUPTYPE_CODE,CODE,LABEL,DESCRIPTION,ORDINAL) VALUES ('Module.productSourceType','FEATURED_RECOMMENDER','FEATURED_RECOMMENDER','FEATURED_RECOMMENDER',5);
INSERT INTO cms.lookup (LOOKUPTYPE_CODE,CODE,LABEL,DESCRIPTION,ORDINAL) VALUES ('Module.productSourceType','MOST_POPULAR_PRODUCTS','MOST_POPULAR_PRODUCTS','MOST_POPULAR_PRODUCTS',6);
INSERT INTO cms.lookup (LOOKUPTYPE_CODE,CODE,LABEL,DESCRIPTION,ORDINAL) VALUES ('Module.productSourceType','BRAND_FEATURED_PRODUCTS','BRAND_FEATURED_PRODUCTS','BRAND_FEATURED_PRODUCTS',7);
INSERT INTO cms.lookup (LOOKUPTYPE_CODE,CODE,LABEL,DESCRIPTION,ORDINAL) VALUES ('Module.displayType','PRODUCT_CAROUSEL_MODULE','PRODUCT_CAROUSEL_MODULE','PRODUCT_CAROUSEL_MODULE',1);
INSERT INTO cms.lookup (LOOKUPTYPE_CODE,CODE,LABEL,DESCRIPTION,ORDINAL) VALUES ('Module.displayType','PRODUCT_LIST_MODULE','PRODUCT_LIST_MODULE','PRODUCT_LIST_MODULE',2);
INSERT INTO cms.lookup (LOOKUPTYPE_CODE,CODE,LABEL,DESCRIPTION,ORDINAL) VALUES ('Module.displayType','IMAGEGRID_MODULE','IMAGEGRID_MODULE','IMAGEGRID_MODULE',3);
INSERT INTO cms.lookup (LOOKUPTYPE_CODE,CODE,LABEL,DESCRIPTION,ORDINAL) VALUES ('Module.displayType','ICON_CAROUSEL_MODULE','ICON_CAROUSEL_MODULE','ICON_CAROUSEL_MODULE',4);
INSERT INTO cms.lookup (LOOKUPTYPE_CODE,CODE,LABEL,DESCRIPTION,ORDINAL) VALUES ('Module.displayType','OPENHTML_MODULE','OPENHTML_MODULE','OPENHTML_MODULE',5);
INSERT INTO cms.lookup (LOOKUPTYPE_CODE,CODE,LABEL,DESCRIPTION,ORDINAL) VALUES ('Module.displayType','EDITORIAL_MODULE','EDITORIAL_MODULE','EDITORIAL_MODULE',6);
INSERT INTO cms.lookup (LOOKUPTYPE_CODE,CODE,LABEL,DESCRIPTION,ORDINAL) VALUES ('Module.productListRowMax','1','1','1',1);
INSERT INTO cms.lookup (LOOKUPTYPE_CODE,CODE,LABEL,DESCRIPTION,ORDINAL) VALUES ('Module.productListRowMax','2','2','2',2);
INSERT INTO cms.lookup (LOOKUPTYPE_CODE,CODE,LABEL,DESCRIPTION,ORDINAL) VALUES ('Module.productListRowMax','3','3','3',3);

INSERT INTO cms.attributedefinition (NAME,ID,CONTENTTYPE_ID,ATTRIBUTETYPE_CODE,INHERITABLE,REQUIRED,LABEL,CARDINALITY_CODE,LOOKUP_CODE) VALUES ('productSourceType','Module.productSourceType','Module','S','F','T','Product Source Type','One','Module.productSourceType');
INSERT INTO cms.attributedefinition (NAME,ID,CONTENTTYPE_ID,ATTRIBUTETYPE_CODE,INHERITABLE,REQUIRED,LABEL,CARDINALITY_CODE,LOOKUP_CODE) VALUES ('displayType','Module.displayType','Module','S','F','T','Display Type','One','Module.displayType');
INSERT INTO cms.attributedefinition (NAME,ID,CONTENTTYPE_ID,ATTRIBUTETYPE_CODE,INHERITABLE,REQUIRED,LABEL,CARDINALITY_CODE,LOOKUP_CODE) VALUES ('productListRowMax','Module.productListRowMax','Module','S','F','F','Maximum Row number of ProductList','One','Module.productListRowMax');

INSERT INTO cms.relationshipdefinition (NAME,ID,CONTENTTYPE_ID,INHERITABLE,REQUIRED,NAVIGABLE,READONLY,LABEL,CARDINALITY_CODE) VALUES ('modulesAndGroups','ModuleContainer.modulesAndGroups','ModuleContainer','F','F','F','F','Modules and Groups','Many');
INSERT INTO cms.relationshipdefinition (NAME,ID,CONTENTTYPE_ID,INHERITABLE,REQUIRED,NAVIGABLE,READONLY,LABEL,CARDINALITY_CODE) VALUES ('modules','ModuleGroup.modules','ModuleGroup','F','F','F','F','Modules','Many');
INSERT INTO cms.relationshipdefinition (NAME,ID,CONTENTTYPE_ID,INHERITABLE,REQUIRED,NAVIGABLE,READONLY,LABEL,CARDINALITY_CODE) VALUES ('viewAllSourceNode','ModuleGroup.viewAllSourceNode','ModuleGroup','F','F','F','F','View All Source Node','One');
INSERT INTO cms.relationshipdefinition (NAME,ID,CONTENTTYPE_ID,INHERITABLE,REQUIRED,NAVIGABLE,READONLY,LABEL,CARDINALITY_CODE) VALUES ('imageGrid','Module.imageGrid','Module','F','F','F','F','Image Grid','Many');
INSERT INTO cms.relationshipdefinition (NAME,ID,CONTENTTYPE_ID,INHERITABLE,REQUIRED,NAVIGABLE,READONLY,LABEL,CARDINALITY_CODE) VALUES ('openHTML','Module.openHTML','Module','F','F','F','F','Open HTML media','One');
INSERT INTO cms.relationshipdefinition (NAME,ID,CONTENTTYPE_ID,INHERITABLE,REQUIRED,NAVIGABLE,READONLY,LABEL,CARDINALITY_CODE) VALUES ('iconList','Module.iconList','Module','F','F','F','F','Icon List','Many');
INSERT INTO cms.relationshipdefinition (NAME,ID,CONTENTTYPE_ID,INHERITABLE,REQUIRED,NAVIGABLE,READONLY,LABEL,CARDINALITY_CODE) VALUES ('heroGraphic','Module.heroGraphic','Module','F','F','F','F','Hero Graphic','One');
INSERT INTO cms.relationshipdefinition (NAME,ID,CONTENTTYPE_ID,INHERITABLE,REQUIRED,NAVIGABLE,READONLY,LABEL,CARDINALITY_CODE) VALUES ('headerGraphic','Module.headerGraphic','Module','F','F','F','F','Header Graphic','One');
INSERT INTO cms.relationshipdefinition (NAME,ID,CONTENTTYPE_ID,INHERITABLE,REQUIRED,NAVIGABLE,READONLY,LABEL,CARDINALITY_CODE) VALUES ('editorialContent','Module.editorialContent','Module','F','F','F','F','Editorial Content','One');
INSERT INTO cms.relationshipdefinition (NAME,ID,CONTENTTYPE_ID,INHERITABLE,REQUIRED,NAVIGABLE,READONLY,LABEL,CARDINALITY_CODE) VALUES ('sourceNode','Module.sourceNode','Module','F','F','F','F','Source Node','One');

INSERT INTO cms.relationshipdestination (ID, RELATIONSHIPDEFINITION_ID,CONTENTTYPE_ID,REVERSE_ATTRIBUTE_NAME,REVERSE_ATTRIBUTE_LABEL) VALUES ('FDFolder.children.ModuleContainer','FDFolder.children','ModuleContainer',NULL,NULL);
INSERT INTO cms.relationshipdestination (ID, RELATIONSHIPDEFINITION_ID,CONTENTTYPE_ID,REVERSE_ATTRIBUTE_NAME,REVERSE_ATTRIBUTE_LABEL) VALUES ('FDFolder.children.ModuleGroup','FDFolder.children','ModuleGroup',NULL,NULL);
INSERT INTO cms.relationshipdestination (ID, RELATIONSHIPDEFINITION_ID,CONTENTTYPE_ID,REVERSE_ATTRIBUTE_NAME,REVERSE_ATTRIBUTE_LABEL) VALUES ('FDFolder.children.Module','FDFolder.children','Module',NULL,NULL);

INSERT INTO cms.relationshipdestination (ID, RELATIONSHIPDEFINITION_ID,CONTENTTYPE_ID,REVERSE_ATTRIBUTE_NAME,REVERSE_ATTRIBUTE_LABEL) VALUES ('ModuleContainer.modulesAndGroups.Module','ModuleContainer.modulesAndGroups','Module',NULL,NULL);
INSERT INTO cms.relationshipdestination (ID, RELATIONSHIPDEFINITION_ID,CONTENTTYPE_ID,REVERSE_ATTRIBUTE_NAME,REVERSE_ATTRIBUTE_LABEL) VALUES ('ModuleContainer.modulesAndGroups.ModuleGroup','ModuleContainer.modulesAndGroups','ModuleGroup',NULL,NULL);
INSERT INTO cms.relationshipdestination (ID, RELATIONSHIPDEFINITION_ID,CONTENTTYPE_ID,REVERSE_ATTRIBUTE_NAME,REVERSE_ATTRIBUTE_LABEL) VALUES ('ModuleGroup.modules.Module','ModuleGroup.modules','Module',NULL,NULL);
INSERT INTO cms.relationshipdestination (ID, RELATIONSHIPDEFINITION_ID,CONTENTTYPE_ID,REVERSE_ATTRIBUTE_NAME,REVERSE_ATTRIBUTE_LABEL) VALUES ('ModuleGroup.viewAllSourceNode.Category','ModuleGroup.viewAllSourceNode','Category',NULL,NULL);
INSERT INTO cms.relationshipdestination (ID, RELATIONSHIPDEFINITION_ID,CONTENTTYPE_ID,REVERSE_ATTRIBUTE_NAME,REVERSE_ATTRIBUTE_LABEL) VALUES ('ModuleGroup.viewAllSourceNode.Department','ModuleGroup.viewAllSourceNode','Department',NULL,NULL);
INSERT INTO cms.relationshipdestination (ID, RELATIONSHIPDEFINITION_ID,CONTENTTYPE_ID,REVERSE_ATTRIBUTE_NAME,REVERSE_ATTRIBUTE_LABEL) VALUES ('Module.imageGrid.ImageBanner','Module.imageGrid','ImageBanner',NULL,NULL);
INSERT INTO cms.relationshipdestination (ID, RELATIONSHIPDEFINITION_ID,CONTENTTYPE_ID,REVERSE_ATTRIBUTE_NAME,REVERSE_ATTRIBUTE_LABEL) VALUES ('Module.openHTML.Html','Module.openHTML','Html',NULL,NULL);
INSERT INTO cms.relationshipdestination (ID, RELATIONSHIPDEFINITION_ID,CONTENTTYPE_ID,REVERSE_ATTRIBUTE_NAME,REVERSE_ATTRIBUTE_LABEL) VALUES ('Module.iconList.ImageBanner','Module.iconList','ImageBanner',NULL,NULL);
INSERT INTO cms.relationshipdestination (ID, RELATIONSHIPDEFINITION_ID,CONTENTTYPE_ID,REVERSE_ATTRIBUTE_NAME,REVERSE_ATTRIBUTE_LABEL) VALUES ('Module.heroGraphic.Image','Module.heroGraphic','Image',NULL,NULL);
INSERT INTO cms.relationshipdestination (ID, RELATIONSHIPDEFINITION_ID,CONTENTTYPE_ID,REVERSE_ATTRIBUTE_NAME,REVERSE_ATTRIBUTE_LABEL) VALUES ('Module.headerGraphic.Image','Module.headerGraphic','Image',NULL,NULL);
INSERT INTO cms.relationshipdestination (ID, RELATIONSHIPDEFINITION_ID,CONTENTTYPE_ID,REVERSE_ATTRIBUTE_NAME,REVERSE_ATTRIBUTE_LABEL) VALUES ('Module.editorialContent.Html','Module.editorialContent','Html',NULL,NULL);
INSERT INTO cms.relationshipdestination (ID, RELATIONSHIPDEFINITION_ID,CONTENTTYPE_ID,REVERSE_ATTRIBUTE_NAME,REVERSE_ATTRIBUTE_LABEL) VALUES ('Module.sourceNode.Category','Module.sourceNode','Category',NULL,NULL);
INSERT INTO cms.relationshipdestination (ID, RELATIONSHIPDEFINITION_ID,CONTENTTYPE_ID,REVERSE_ATTRIBUTE_NAME,REVERSE_ATTRIBUTE_LABEL) VALUES ('Module.sourceNode.Department','Module.sourceNode','Department',NULL,NULL);
INSERT INTO cms.relationshipdestination (ID, RELATIONSHIPDEFINITION_ID,CONTENTTYPE_ID,REVERSE_ATTRIBUTE_NAME,REVERSE_ATTRIBUTE_LABEL) VALUES ('Module.sourceNode.Brand','Module.sourceNode','Brand',NULL,NULL);
